method,K,pi_0,dependence,rho,alpha,mean_fdr,sd_fdr,mean_power,sd_power,mean_k,mean_ap,n_reps
AICE,200,0.5,independent,0.0,0.01,0.01602506618762735,0.030767862964233113,0.3682522569967778,0.2959894950510597,38.1,0.9706720052955429,200
AICE,200,0.5,independent,0.0,0.05,0.02478666845777301,0.03515004966847709,0.48903784716827403,0.31019797342385813,51.03,0.9706720052955429,200
AICE,200,0.5,independent,0.0,0.1,0.02944332274885292,0.03712950647176342,0.5605347369522741,0.30752741705325415,58.77,0.9706720052955429,200
AICE,200,0.5,independent,0.0,0.2,0.03892441305864091,0.04226246423544052,0.6411142483740357,0.2989415485297897,67.885,0.9706720052955429,200
AICE,200,0.5,prds_ar1,0.5,0.01,0.018212979047075382,0.03278893640161655,0.37662572045096426,0.29943550707473526,39.435,0.9692782672674457,200
AICE,200,0.5,prds_ar1,0.5,0.05,0.02868637495483822,0.03877626513623297,0.4960373171186319,0.3169510480093984,52.355,0.9692782672674457,200
AICE,200,0.5,prds_ar1,0.5,0.1,0.03627968211619304,0.044330066817274666,0.5635396542557658,0.31175067878612234,59.92,0.9692782672674457,200
AICE,200,0.5,prds_ar1,0.5,0.2,0.045491140461358937,0.04930796421463804,0.6422547539014132,0.3001009860259318,68.88,0.9692782672674457,200
AICE,200,0.5,prds_block,0.3,0.01,0.018100484581046735,0.034116227398483245,0.36861344666881457,0.29583034119683255,38.185,0.9688962072732018,200
AICE,200,0.5,prds_block,0.3,0.05,0.025474012439014374,0.03717725819035217,0.49585838451247405,0.30432109166782123,51.74,0.9688962072732018,200
AICE,200,0.5,prds_block,0.3,0.1,0.031546128785656095,0.04166772651522472,0.5696473727165902,0.29993468743139257,59.85,0.9688962072732018,200
AICE,200,0.5,prds_block,0.3,0.2,0.0406283159840617,0.047203867828511034,0.6540373809529224,0.2865844156010995,69.37,0.9688962072732018,200
AICE,200,0.7,independent,0.0,0.01,0.016529211089330347,0.03900493547398659,0.279115522090935,0.2609422459586679,17.56,0.9477957792680779,200
AICE,200,0.7,independent,0.0,0.05,0.027911570382862627,0.04931776092237496,0.3949746752248629,0.29689815178850815,25.185,0.9477957792680779,200
AICE,200,0.7,independent,0.0,0.1,0.03682083248549418,0.054950001817170725,0.46070128098057805,0.3032496226537644,29.67,0.9477957792680779,200
AICE,200,0.7,independent,0.0,0.2,0.0528125402537816,0.06072376513315714,0.5482925165781973,0.2985199536437394,35.95,0.9477957792680779,200
AICE,200,0.7,prds_ar1,0.5,0.01,0.02216930675903374,0.08135262722344913,0.2704269771605679,0.26510397190433826,16.96,0.9456631871455368,200
AICE,200,0.7,prds_ar1,0.5,0.05,0.02985442991753242,0.05400538975098386,0.39090895566204986,0.2961209540394671,24.845,0.9456631871455368,200
AICE,200,0.7,prds_ar1,0.5,0.1,0.03636757232515984,0.058455290593457,0.46198838454613456,0.3029593433177888,29.7,0.9456631871455368,200
AICE,200,0.7,prds_ar1,0.5,0.2,0.048591627122020524,0.062126084830024464,0.5476959340903911,0.29787554606984556,35.735,0.9456631871455368,200
AICE,200,0.7,prds_block,0.3,0.01,0.021078541084032617,0.08172857745292886,0.2883232249690036,0.26393678438184504,17.555,0.9440512710090266,200
AICE,200,0.7,prds_block,0.3,0.05,0.026999686973692535,0.06321662386247211,0.4148026029113578,0.2882973859073557,25.58,0.9440512710090266,200
AICE,200,0.7,prds_block,0.3,0.1,0.03792764719332335,0.061933107154339556,0.4867023605683704,0.2897954904622229,30.46,0.9440512710090266,200
AICE,200,0.7,prds_block,0.3,0.2,0.055125526440995165,0.06758644859961835,0.5790664600551513,0.28018335840326075,36.92,0.9440512710090266,200
AICE,200,0.9,independent,0.0,0.01,0.02451057880887602,0.07712436635997073,0.15893419568550501,0.2206109096207045,3.565,0.7994782172348599,200
AICE,200,0.9,independent,0.0,0.05,0.04868073519692345,0.10387589011852486,0.23609923450117656,0.27495871209018546,5.51,0.7994782172348599,200
AICE,200,0.9,independent,0.0,0.1,0.06111712794434551,0.12156588544043817,0.26671867418383977,0.29237373412569895,6.4,0.7994782172348599,200
AICE,200,0.9,independent,0.0,0.2,0.08298436788412572,0.14337204159023406,0.317526389940567,0.316559401679466,7.91,0.7994782172348599,200
AICE,200,0.9,prds_ar1,0.5,0.01,0.027864457008419857,0.11120499150974333,0.13302969293642872,0.17773871141837821,3.085,0.8176445590583746,200
AICE,200,0.9,prds_ar1,0.5,0.05,0.04058230136158635,0.11586509067306268,0.21356296385811746,0.23997268611062308,5.045,0.8176445590583746,200
AICE,200,0.9,prds_ar1,0.5,0.1,0.05286293226682159,0.12428435510656975,0.2600565303524875,0.2693609068387517,6.25,0.8176445590583746,200
AICE,200,0.9,prds_ar1,0.5,0.2,0.06820896611639662,0.1198830861240649,0.31343777190356487,0.30023450737039764,7.755,0.8176445590583746,200
AICE,200,0.9,prds_block,0.3,0.01,0.02909178952955033,0.10164121707540306,0.15529538123920372,0.22752252193389322,3.525,0.8035198111483832,200
AICE,200,0.9,prds_block,0.3,0.05,0.04029993893723871,0.09655723055495669,0.23370057420523271,0.27390621237315727,5.44,0.8035198111483832,200
AICE,200,0.9,prds_block,0.3,0.1,0.05232732891216665,0.10660999166408597,0.27715737080787123,0.29673358537770544,6.655,0.8035198111483832,200
AICE,200,0.9,prds_block,0.3,0.2,0.07586170181534437,0.130095655279435,0.33780353124234347,0.32553328978292134,8.44,0.8035198111483832,200
AICE,200,0.95,independent,0.0,0.01,0.028817460317460318,0.1156657281426765,0.08264073426573428,0.18217095663367067,0.94,0.6499567527873223,200
AICE,200,0.95,independent,0.0,0.05,0.04253128978864273,0.14648482792820716,0.13431698366992484,0.24567009244480414,1.675,0.6499567527873223,200
AICE,200,0.95,independent,0.0,0.1,0.05887005538321327,0.1679172086110239,0.15707553761597878,0.2583164359641593,2.135,0.6499567527873223,200
AICE,200,0.95,independent,0.0,0.2,0.07179188203101247,0.17796537936771017,0.19910472370766488,0.28292820607502056,2.795,0.6499567527873223,200
AICE,200,0.95,prds_ar1,0.5,0.01,0.035220238095238096,0.14799070139595305,0.0822991047694995,0.16228924146595175,1.015,0.5998941202791559,200
AICE,200,0.95,prds_ar1,0.5,0.05,0.0571971916971917,0.17417168251694523,0.11845662524609893,0.21120321856678131,1.595,0.5998941202791559,200
AICE,200,0.95,prds_ar1,0.5,0.1,0.0658865578865579,0.17513180579863258,0.1387161296306033,0.23979065653104178,1.97,0.5998941202791559,200
AICE,200,0.95,prds_ar1,0.5,0.2,0.08755491036741037,0.19577675908852712,0.1685747193552921,0.26580187269637456,2.535,0.5998941202791559,200
AICE,200,0.95,prds_block,0.3,0.01,0.02240313852813853,0.11065378386215768,0.08242444142115195,0.17282966844754377,0.93,0.6196690676897432,200
AICE,200,0.95,prds_block,0.3,0.05,0.04332431457431457,0.15472213626486767,0.13117756591963248,0.22861933093931733,1.63,0.6196690676897432,200
AICE,200,0.95,prds_block,0.3,0.1,0.06653812853812853,0.1999471615163662,0.15618226005590558,0.2600578276633228,2.05,0.6196690676897432,200
AICE,200,0.95,prds_block,0.3,0.2,0.08261946805718175,0.2091909017023882,0.19239115043023713,0.282229633308574,2.68,0.6196690676897432,200
AICE,500,0.5,independent,0.0,0.01,0.0017712981748420641,0.005369269141981972,0.2661287008481272,0.20651851093402745,66.715,0.9846101876717739,200
AICE,500,0.5,independent,0.0,0.05,0.004547257371961782,0.00851969344385122,0.4426098087765517,0.24112285306279194,111.35,0.9846101876717739,200
AICE,500,0.5,independent,0.0,0.1,0.007828150842532678,0.011148254479523096,0.5404958666396961,0.2419978687724445,136.525,0.9846101876717739,200
AICE,500,0.5,independent,0.0,0.2,0.013173024331623534,0.015158124277627033,0.6566380598261423,0.21842180327337213,166.955,0.9846101876717739,200
AICE,500,0.5,prds_ar1,0.5,0.01,0.0024938535929971486,0.006079218699795633,0.2772772338834967,0.22738087084335112,69.73,0.983234621863284,200
AICE,500,0.5,prds_ar1,0.5,0.05,0.00576233161776029,0.009547866278107638,0.43971628702156246,0.2505084493090836,110.875,0.983234621863284,200
AICE,500,0.5,prds_ar1,0.5,0.1,0.009631068403945366,0.013144378742278801,0.5366881313034346,0.25106500490531836,135.81,0.983234621863284,200
AICE,500,0.5,prds_ar1,0.5,0.2,0.015315099531932053,0.017149034460729327,0.6468850888281765,0.2315562358375411,164.57,0.983234621863284,200
AICE,500,0.5,prds_block,0.3,0.01,0.002997556400102108,0.007443353135985214,0.32148246206220427,0.22398081733025155,80.8,0.9843771985945382,200
AICE,500,0.5,prds_block,0.3,0.05,0.006190042499297614,0.009932798769130412,0.5039055646324706,0.23125259542181215,127.17,0.9843771985945382,200
AICE,500,0.5,prds_block,0.3,0.1,0.009585575482083825,0.012447679000041605,0.6042050111636464,0.21498694143732794,152.96,0.9843771985945382,200
AICE,500,0.5,prds_block,0.3,0.2,0.01643169882306333,0.016155145922501467,0.7132036140519239,0.18045904590829653,181.795,0.9843771985945382,200
AICE,500,0.7,independent,0.0,0.01,0.0025511548032210274,0.008415307033791146,0.17503379922178353,0.16442753410661673,26.415,0.9634045989720793,200
AICE,500,0.7,independent,0.0,0.05,0.006340272618057169,0.013550016309351702,0.32701674939570746,0.21526525858105647,49.595,0.9634045989720793,200
AICE,500,0.7,independent,0.0,0.1,0.010335053445343195,0.018003528244739834,0.4211490040561239,0.22709418394800857,64.18,0.9634045989720793,200
AICE,500,0.7,independent,0.0,0.2,0.017559285975395352,0.023445314618815008,0.5416219752709887,0.22194256329363146,83.23,0.9634045989720793,200
AICE,500,0.7,prds_ar1,0.5,0.01,0.002612142898342478,0.00917249400527052,0.18249820922699417,0.19359711444103772,27.52,0.9649651135838079,200
AICE,500,0.7,prds_ar1,0.5,0.05,0.006783698853992537,0.016195888374075568,0.31968528454925205,0.2390003824638198,48.54,0.9649651135838079,200
AICE,500,0.7,prds_ar1,0.5,0.1,0.010377779231702203,0.0216395972263627,0.4082057615157437,0.25179141992201765,62.31,0.9649651135838079,200
AICE,500,0.7,prds_ar1,0.5,0.2,0.01898518694160864,0.028090022724565167,0.515453359803927,0.25506564665771253,79.525,0.9649651135838079,200
AICE,500,0.7,prds_block,0.3,0.01,0.002946943293831805,0.008383995837657263,0.22560886792453508,0.2179382781915227,34.755,0.9656924473369535,200
AICE,500,0.7,prds_block,0.3,0.05,0.008670876026561782,0.01677279051946499,0.37000369796224836,0.24809110769668705,57.3,0.9656924473369535,200
AICE,500,0.7,prds_block,0.3,0.1,0.013778661464862809,0.021357188043612946,0.4635852458352867,0.2522756032872849,72.095,0.9656924473369535,200
AICE,500,0.7,prds_block,0.3,0.2,0.02269121006137944,0.029099902702032297,0.573879924990634,0.23934997735036856,90.02,0.9656924473369535,200
AICE,500,0.9,independent,0.0,0.01,0.0,0.0,0.05196119617740882,0.09213988340600202,2.645,0.8868386903810159,200
AICE,500,0.9,independent,0.0,0.05,0.002810966810966811,0.014279085949177784,0.10198244920690792,0.1526871811825739,5.24,0.8868386903810159,200
AICE,500,0.9,independent,0.0,0.1,0.005164382341527222,0.018561268985465063,0.13712579417068507,0.18241854688778977,7.09,0.8868386903810159,200
AICE,500,0.9,independent,0.0,0.2,0.00948917180214026,0.026180161899866876,0.196940198818422,0.22432638879755207,10.325,0.8868386903810159,200
AICE,500,0.9,prds_ar1,0.5,0.01,0.0006020066889632107,0.006234543307692947,0.05026976352986841,0.10645070851414289,2.665,0.872560283096871,200
AICE,500,0.9,prds_ar1,0.5,0.05,0.004166912473491421,0.01928242045050849,0.09753514277554341,0.1593642269110576,5.18,0.872560283096871,200
AICE,500,0.9,prds_ar1,0.5,0.1,0.0056347162384863085,0.02400563654447399,0.13304285826828127,0.18793148737734702,7.07,0.872560283096871,200
AICE,500,0.9,prds_ar1,0.5,0.2,0.010532589921197972,0.03422486736074125,0.18174542139954122,0.22466011672700015,9.705,0.872560283096871,200
AICE,500,0.9,prds_block,0.3,0.01,0.0012563757926661152,0.010251999778879289,0.06523020497409396,0.11094252964315131,3.315,0.8793134137022399,200
AICE,500,0.9,prds_block,0.3,0.05,0.005336319218682828,0.02055444389313298,0.13071916584866872,0.1620501912207475,6.695,0.8793134137022399,200
AICE,500,0.9,prds_block,0.3,0.1,0.009381279885584926,0.02823741010135243,0.16693491932626003,0.18874522414460965,8.615,0.8793134137022399,200
AICE,500,0.9,prds_block,0.3,0.2,0.017216348867821828,0.03770078090723637,0.23471598645754704,0.23163106831836502,12.285,0.8793134137022399,200
AICE,500,0.95,independent,0.0,0.01,0.0,0.0,0.015333757779692005,0.05191435586860002,0.385,0.7324148766456189,200
AICE,500,0.95,independent,0.0,0.05,0.0020238095238095236,0.024080475517611725,0.029108665323538244,0.07696250815066866,0.765,0.7324148766456189,200
AICE,500,0.95,independent,0.0,0.1,0.0032380952380952383,0.02694907378896647,0.03974840846868,0.09349865833165927,1.06,0.7324148766456189,200
AICE,500,0.95,independent,0.0,0.2,0.006006944444444444,0.03431741626593271,0.058468704690456716,0.12551537231998763,1.59,0.7324148766456189,200
AICE,500,0.95,prds_ar1,0.5,0.01,0.003400735294117647,0.03652176884690845,0.020139612212855176,0.08269688790339842,0.515,0.7152844892092193,200
AICE,500,0.95,prds_ar1,0.5,0.05,0.006338752892461333,0.0458076541118956,0.03733299840075317,0.110228788442283,0.99,0.7152844892092193,200
AICE,500,0.95,prds_ar1,0.5,0.1,0.007977777777777776,0.05039366831818938,0.05024380082684157,0.12532544271461515,1.385,0.7152844892092193,200
AICE,500,0.95,prds_ar1,0.5,0.2,0.010021464646464646,0.060682967387195814,0.06798749457059668,0.14618345933889004,1.91,0.7152844892092193,200
AICE,500,0.95,prds_block,0.3,0.01,0.0014583333333333332,0.014695815313086912,0.023131088683672127,0.07213126209730424,0.595,0.747799655757988,200
AICE,500,0.95,prds_block,0.3,0.05,0.0029238437001594896,0.020194257334734213,0.0439414109039383,0.10733535737673924,1.16,0.747799655757988,200
AICE,500,0.95,prds_block,0.3,0.1,0.0041561355311355306,0.025038778007751644,0.05967084055953923,0.13928605767569366,1.595,0.747799655757988,200
AICE,500,0.95,prds_block,0.3,0.2,0.011360349291231643,0.0468105100042378,0.0865170693454887,0.163907890178276,2.38,0.747799655757988,200
AICE,1000,0.5,independent,0.0,0.01,0.000780761302916457,0.002570088762919857,0.2316077477288495,0.1736045897273943,116.26,0.9863373165903461,200
AICE,1000,0.5,independent,0.0,0.05,0.0027746568628492074,0.0045839892550297,0.4273416158061925,0.19822708677140533,214.955,0.9863373165903461,200
AICE,1000,0.5,independent,0.0,0.1,0.00506400147798322,0.006657626334736628,0.5411187352067952,0.18867631249255204,272.8,0.9863373165903461,200
AICE,1000,0.5,independent,0.0,0.2,0.009614397070922815,0.009896822627035435,0.6687424426191535,0.159679888182469,338.735,0.9863373165903461,200
AICE,1000,0.5,prds_ar1,0.5,0.01,0.000685712516098176,0.0024283159811416674,0.23932882326330226,0.16855148092000105,119.72,0.9861517881053051,200
AICE,1000,0.5,prds_ar1,0.5,0.05,0.0029550869813452646,0.004603958739227025,0.44009163606653595,0.18976344069154433,220.85,0.9861517881053051,200
AICE,1000,0.5,prds_ar1,0.5,0.1,0.005435639434469248,0.00634722938350458,0.5568643392633166,0.17585571350544224,280.22,0.9861517881053051,200
AICE,1000,0.5,prds_ar1,0.5,0.2,0.010355243433864642,0.008848784447087522,0.6834012157388072,0.14162397656286974,345.685,0.9861517881053051,200
AICE,1000,0.5,prds_block,0.3,0.01,0.0007819415086693915,0.0024469814116871848,0.22272529744474567,0.17831156081824634,111.87,0.9864740585114075,200
AICE,1000,0.5,prds_block,0.3,0.05,0.0023757331273458644,0.00411940538938449,0.41026346775664607,0.2093467418675682,206.295,0.9864740585114075,200
AICE,1000,0.5,prds_block,0.3,0.1,0.004899421813304285,0.006188474952109522,0.5249745302026709,0.1989160505171181,264.695,0.9864740585114075,200
AICE,1000,0.5,prds_block,0.3,0.2,0.009426226674672612,0.009184157207386566,0.6560461527406738,0.1677815301679193,332.4,0.9864740585114075,200
AICE,1000,0.7,independent,0.0,0.01,0.0008134116714764371,0.003205546237272644,0.12742007743431183,0.12782188142546239,38.265,0.9681041538485431,200
AICE,1000,0.7,independent,0.0,0.05,0.0027648263882356127,0.006137823864973343,0.27219996646733496,0.1794347002434275,82.015,0.9681041538485431,200
AICE,1000,0.7,independent,0.0,0.1,0.004680038893902565,0.008173018923965401,0.37053971794419593,0.19223966664289394,111.97,0.9681041538485431,200
AICE,1000,0.7,independent,0.0,0.2,0.01043513191049435,0.012549290516982867,0.5011219251964808,0.1899883614263846,152.4,0.9681041538485431,200
AICE,1000,0.7,prds_ar1,0.5,0.01,0.0004939874702696043,0.002762033168792263,0.13155296940442482,0.12523182033731015,39.475,0.9683887869601417,200
AICE,1000,0.7,prds_ar1,0.5,0.05,0.002925855517781453,0.005728127930285063,0.28083662709907314,0.1788805329124756,84.5,0.9683887869601417,200
AICE,1000,0.7,prds_ar1,0.5,0.1,0.005420325162506271,0.009091866642149274,0.3844749387056358,0.19429615411316856,115.955,0.9683887869601417,200
AICE,1000,0.7,prds_ar1,0.5,0.2,0.010707943660423571,0.01269293496016488,0.5151611661069014,0.18405829267183535,156.2,0.9683887869601417,200
AICE,1000,0.7,prds_block,0.3,0.01,0.0005174287446036257,0.0029189029545404733,0.13967724124228562,0.13425551988900314,41.895,0.9696998189742341,200
AICE,1000,0.7,prds_block,0.3,0.05,0.0022377299878376194,0.005512530026143573,0.2917610182157859,0.18975804490755843,87.63,0.9696998189742341,200
AICE,1000,0.7,prds_block,0.3,0.1,0.005229060796304098,0.009156460648559933,0.39778701308865033,0.20462961459240314,119.78,0.9696998189742341,200
AICE,1000,0.7,prds_block,0.3,0.2,0.011361428011849656,0.012367950592202602,0.5264393624736149,0.19756454870905937,159.455,0.9696998189742341,200
AICE,1000,0.9,independent,0.0,0.01,0.0,0.0,0.0206583654963663,0.045806065160067105,2.09,0.9025761383408815,200
AICE,1000,0.9,independent,0.0,0.05,0.00061084726443769,0.003870095600991819,0.054692576561643544,0.0949180551428471,5.58,0.9025761383408815,200
AICE,1000,0.9,independent,0.0,0.1,0.0013740857162455186,0.007070950199061323,0.08684535509895759,0.12861597330598487,8.82,0.9025761383408815,200
AICE,1000,0.9,independent,0.0,0.2,0.002555932945730915,0.010020074617653052,0.13146467490826452,0.1648394368331125,13.395,0.9025761383408815,200
AICE,1000,0.9,prds_ar1,0.5,0.01,0.0,0.0,0.01903527706715572,0.04094066595976714,1.905,0.8957484837716718,200
AICE,1000,0.9,prds_ar1,0.5,0.05,0.0012488906926406925,0.008505585930921475,0.05260259051985771,0.08574343307122473,5.27,0.8957484837716718,200
AICE,1000,0.9,prds_ar1,0.5,0.1,0.0025308441587647934,0.011358595146016365,0.08098310781618984,0.11335331580480668,8.16,0.8957484837716718,200
AICE,1000,0.9,prds_ar1,0.5,0.2,0.0034904546436131984,0.013179862949713825,0.1243456219662291,0.14931662985077912,12.56,0.8957484837716718,200
AICE,1000,0.9,prds_block,0.3,0.01,0.0,0.0,0.01745670137676871,0.045490937146671157,1.82,0.8997998329855953,200
AICE,1000,0.9,prds_block,0.3,0.05,0.0002307692307692308,0.0032635697593225294,0.04920147318583418,0.09141515194929778,5.085,0.8997998329855953,200
AICE,1000,0.9,prds_block,0.3,0.1,0.0013130416331635843,0.009448677153786104,0.07108346597221357,0.11874163090805204,7.395,0.8997998329855953,200
AICE,1000,0.9,prds_block,0.3,0.2,0.002291994080255797,0.011662668028389438,0.1156955491438984,0.15949859760247298,12.07,0.8997998329855953,200
AICE,1000,0.95,independent,0.0,0.01,0.0005263157894736842,0.007443229275647869,0.006706156111647393,0.03179381976514205,0.325,0.7929382770473868,200
AICE,1000,0.95,independent,0.0,0.05,0.00109375,0.01546796083845573,0.01228948774557778,0.04709499147380209,0.635,0.7929382770473868,200
AICE,1000,0.95,independent,0.0,0.1,0.00125,0.017677669529663684,0.01861699833352228,0.058603450715236385,0.96,0.7929382770473868,200
AICE,1000,0.95,independent,0.0,0.2,0.0016250000000000001,0.019746747712626776,0.029927515054166597,0.07702108890530217,1.535,0.7929382770473868,200
AICE,1000,0.95,prds_ar1,0.5,0.01,0.0,0.0,0.003849002309063309,0.01415764426396596,0.205,0.7973973999053819,200
AICE,1000,0.95,prds_ar1,0.5,0.05,0.00041666666666666664,0.005892556509887896,0.011991303227057422,0.03409703273466336,0.63,0.7973973999053819,200
AICE,1000,0.95,prds_ar1,0.5,0.1,0.0002777777777777778,0.00392837100659193,0.018990315717053893,0.05364717053993248,0.995,0.7973973999053819,200
AICE,1000,0.95,prds_ar1,0.5,0.2,0.00042328042328042324,0.0042553439918356405,0.02932525717856728,0.07561059542611136,1.565,0.7973973999053819,200
AICE,1000,0.95,prds_block,0.3,0.01,0.0,0.0,0.004451391046838158,0.01696317593385313,0.23,0.8170762119996988,200
AICE,1000,0.95,prds_block,0.3,0.05,0.0,0.0,0.011779322522953717,0.03795297412806027,0.62,0.8170762119996988,200
AICE,1000,0.95,prds_block,0.3,0.1,0.00022727272727272727,0.0032141217326661256,0.01767211864563894,0.04985164979727538,0.94,0.8170762119996988,200
AICE,1000,0.95,prds_block,0.3,0.2,0.0013942307692307694,0.011663313534682496,0.027690851078855966,0.0702578274956436,1.495,0.8170762119996988,200
AICE,2000,0.5,independent,0.0,0.01,0.00036990113721720804,0.0012077666756638683,0.19104255208741452,0.12144294702740314,191.07,0.9873537415795366,200
AICE,2000,0.5,independent,0.0,0.05,0.00156040910478459,0.0022749155967037903,0.4030585558412902,0.14499259914615126,403.72,0.9873537415795366,200
AICE,2000,0.5,independent,0.0,0.1,0.0034285584099764395,0.0033542939691470846,0.5304963717903728,0.13348602422647446,532.395,0.9873537415795366,200
AICE,2000,0.5,independent,0.0,0.2,0.007433834127300726,0.00526392692781461,0.6719212200852793,0.10285077958335775,677.225,0.9873537415795366,200
AICE,2000,0.5,prds_ar1,0.5,0.01,0.0005142668679280926,0.0038429302416941083,0.1745582331235083,0.1201151617591363,174.84,0.9869010547502205,200
AICE,2000,0.5,prds_ar1,0.5,0.05,0.0014730246327812333,0.002268475967111592,0.3786730102016815,0.1516405505341659,379.965,0.9869010547502205,200
AICE,2000,0.5,prds_ar1,0.5,0.1,0.0029516299235545123,0.003087903509034393,0.5050188187138865,0.1437614181994112,507.615,0.9869010547502205,200
AICE,2000,0.5,prds_ar1,0.5,0.2,0.006847940007653852,0.004900650257342615,0.6495403920542506,0.11366191047385094,655.505,0.9869010547502205,200
AICE,2000,0.5,prds_block,0.3,0.01,0.0001612078770527196,0.0007740026375850598,0.19005053750572917,0.12262561021992868,190.05,0.9877557282144006,200
AICE,2000,0.5,prds_block,0.3,0.05,0.0013034298282353384,0.0022079855574656977,0.4033827241909578,0.15337773925307696,403.9,0.9877557282144006,200
AICE,2000,0.5,prds_block,0.3,0.1,0.00312122796457801,0.003399854555257829,0.5310547739991871,0.14371124914862687,532.795,0.9877557282144006,200
AICE,2000,0.5,prds_block,0.3,0.2,0.006669445960833666,0.004914252071932077,0.6685018350021936,0.11588126710742859,673.02,0.9877557282144006,200
AICE,2000,0.7,independent,0.0,0.01,0.0003835047706555715,0.002279410123765137,0.08809905754452498,0.07542204503673958,53.105,0.9706436162590673,200
AICE,2000,0.7,independent,0.0,0.05,0.0012231242454484004,0.0027557354150952607,0.24155596001631607,0.1291979018694621,145.675,0.9706436162590673,200
AICE,2000,0.7,independent,0.0,0.1,0.0029937447808145996,0.0048645506812248366,0.35257295465205746,0.1459859895629521,213.01,0.9706436162590673,200
AICE,2000,0.7,independent,0.0,0.2,0.006851907657800138,0.006303675906855752,0.4944628063512252,0.14459385373150008,299.86,0.9706436162590673,200
AICE,2000,0.7,prds_ar1,0.5,0.01,0.00023549211945615375,0.001303833449584768,0.09726016565505002,0.08976068831739842,58.99,0.9703699165453311,200
AICE,2000,0.7,prds_ar1,0.5,0.05,0.0010315041553608261,0.0027215107711525853,0.2446232496354278,0.14160257597770753,148.405,0.9703699165453311,200
AICE,2000,0.7,prds_ar1,0.5,0.1,0.0029793248350110605,0.004283143328785016,0.3540121038084457,0.15518328184390912,215.01,0.9703699165453311,200
AICE,2000,0.7,prds_ar1,0.5,0.2,0.0072348693523285055,0.007010627116782859,0.49537856221871485,0.15188509778856546,302.06,0.9703699165453311,200
AICE,2000,0.7,prds_block,0.3,0.01,0.0001433697881066302,0.0010897978068134142,0.09339343535862919,0.09114800058855266,56.12,0.9707372826776937,200
AICE,2000,0.7,prds_block,0.3,0.05,0.00137071055944818,0.0028657583772328434,0.24400250762584041,0.14458400130170215,146.925,0.9707372826776937,200
AICE,2000,0.7,prds_block,0.3,0.1,0.002753077257425697,0.003961389949068479,0.35711982100954487,0.1573180471898992,215.455,0.9707372826776937,200
AICE,2000,0.7,prds_block,0.3,0.2,0.006398585834867945,0.0067365487182461815,0.4976979258615415,0.15242148156474722,301.385,0.9707372826776937,200
AICE,2000,0.9,independent,0.0,0.01,0.0,0.0,0.008793266078131542,0.018839514121547943,1.795,0.9094966030012595,200
AICE,2000,0.9,independent,0.0,0.05,0.0,0.0,0.029410044408739018,0.05080592338316327,6.005,0.9094966030012595,200
AICE,2000,0.9,independent,0.0,0.1,0.00034053289642720536,0.002481691609498946,0.05193893667397478,0.0766792897093631,10.6,0.9094966030012595,200
AICE,2000,0.9,independent,0.0,0.2,0.0014054520983649568,0.006125634918729325,0.0941298161609252,0.11214244648053508,19.225,0.9094966030012595,200
AICE,2000,0.9,prds_ar1,0.5,0.01,0.0,0.0,0.006841658859709589,0.01608605620325847,1.385,0.9075265722255591,200
AICE,2000,0.9,prds_ar1,0.5,0.05,0.00037698412698412696,0.0038896559303320775,0.023732497316171518,0.043822011096682614,4.785,0.9075265722255591,200
AICE,2000,0.9,prds_ar1,0.5,0.1,0.0003305973552211582,0.0035627470351068764,0.045304210629056076,0.07233736434947953,9.16,0.9075265722255591,200
AICE,2000,0.9,prds_ar1,0.5,0.2,0.0005383740879801804,0.0035370052392811892,0.08375338324269237,0.1108577088218689,16.89,0.9075265722255591,200
AICE,2000,0.9,prds_block,0.3,0.01,0.0,0.0,0.007459597902361746,0.017987100608867074,1.51,0.9097375201701939,200
AICE,2000,0.9,prds_block,0.3,0.05,0.00020300751879699246,0.002112846561312912,0.028197641141943418,0.0523620958398643,5.715,0.9097375201701939,200
AICE,2000,0.9,prds_block,0.3,0.1,0.0002269869338834856,0.001877445011063541,0.047487262324628673,0.07561195023572298,9.645,0.9097375201701939,200
AICE,2000,0.9,prds_block,0.3,0.2,0.0008989247723188759,0.004644998306975321,0.08755825519635561,0.11543235365646344,17.83,0.9097375201701939,200
AICE,2000,0.95,independent,0.0,0.01,0.0,0.0,0.00045913621127953143,0.0034353850742246156,0.045,0.8360196703613211,200
AICE,2000,0.95,independent,0.0,0.05,0.0,0.0,0.0022800402373904234,0.011503558026790374,0.235,0.8360196703613211,200
AICE,2000,0.95,independent,0.0,0.1,0.0008333333333333333,0.01178511301977579,0.0038707632346476196,0.014319507600684806,0.4,0.8360196703613211,200
AICE,2000,0.95,independent,0.0,0.2,0.00045454545454545455,0.00642824346533225,0.006219150303596761,0.022380162067101812,0.64,0.8360196703613211,200
AICE,2000,0.95,prds_ar1,0.5,0.01,0.0,0.0,0.0005395889826038581,0.0027344043829227657,0.055,0.8389780944152111,200
AICE,2000,0.95,prds_ar1,0.5,0.05,0.0,0.0,0.001398097530533621,0.006083218797974753,0.145,0.8389780944152111,200
AICE,2000,0.95,prds_ar1,0.5,0.1,0.0,0.0,0.002838458556198642,0.011277500752403084,0.29,0.8389780944152111,200
AICE,2000,0.95,prds_ar1,0.5,0.2,0.0003125,0.004419417382415922,0.005963302338935139,0.01983290803801062,0.62,0.8389780944152111,200
AICE,2000,0.95,prds_block,0.3,0.01,0.0,0.0,0.0007624467358021455,0.0037996508093018693,0.08,0.8422497522349847,200
AICE,2000,0.95,prds_block,0.3,0.05,0.00014285714285714284,0.0020203050891044218,0.005183346372894351,0.024542903954287473,0.555,0.8422497522349847,200
AICE,2000,0.95,prds_block,0.3,0.1,0.00011904761904761905,0.0016835875742536835,0.008407810823957562,0.033482035956468224,0.895,0.8422497522349847,200
AICE,2000,0.95,prds_block,0.3,0.2,9.80392156862745e-05,0.0013864838846795048,0.013880484123081717,0.04582899466222339,1.46,0.8422497522349847,200
AICE,5000,0.5,independent,0.0,0.01,0.0001355494727439042,0.00046892269367219497,0.16942043973633983,0.08613080594420715,424.21,0.9877629349538793,200
AICE,5000,0.5,independent,0.0,0.05,0.0012090957397348375,0.001300718051410435,0.3913465433055458,0.10706274033504988,981.125,0.9877629349538793,200
AICE,5000,0.5,independent,0.0,0.1,0.0026842076468807747,0.002050651059985366,0.5256253880422306,0.09850715775091369,1319.81,0.9877629349538793,200
AICE,5000,0.5,independent,0.0,0.2,0.006200151163319496,0.003176246927972216,0.6682635803876184,0.07645153653053166,1683.935,0.9877629349538793,200
AICE,5000,0.5,prds_ar1,0.5,0.01,0.00022256941025025102,0.0006832327791472287,0.1679908237968174,0.08411293480432575,421.215,0.9876888932456873,200
AICE,5000,0.5,prds_ar1,0.5,0.05,0.001125479954489023,0.0013263513068079364,0.3922657552620912,0.10301981349520177,983.86,0.9876888932456873,200
AICE,5000,0.5,prds_ar1,0.5,0.1,0.0027746266798369832,0.0020035285761518967,0.5257978012061101,0.09559985645821471,1320.635,0.9876888932456873,200
AICE,5000,0.5,prds_ar1,0.5,0.2,0.0062507152953635795,0.003172197426738169,0.6678728438585282,0.07567283949349597,1683.005,0.9876888932456873,200
AICE,5000,0.5,prds_block,0.3,0.01,0.00018291350598215812,0.0006022873900237338,0.17499847338209726,0.08547121739693453,437.675,0.9876029275277673,200
AICE,5000,0.5,prds_block,0.3,0.05,0.0012118052623960487,0.001322145264059481,0.3979866297207867,0.10686034360029037,996.535,0.9876029275277673,200
AICE,5000,0.5,prds_block,0.3,0.1,0.002756462755449608,0.00201185443847173,0.5313262953894577,0.100807884516054,1332.58,0.9876029275277673,200
AICE,5000,0.5,prds_block,0.3,0.2,0.00639513974430659,0.0030194683430972203,0.6726503094969274,0.08303051124428404,1693.27,0.9876029275277673,200
AICE,5000,0.7,independent,0.0,0.01,1.7985611510791367e-05,0.0002543549572613481,0.07537784420726257,0.0511287450680717,112.835,0.9717189350102986,200
AICE,5000,0.7,independent,0.0,0.05,0.000733296092012442,0.001432107524305336,0.2295106345833445,0.09290143416884034,343.605,0.9717189350102986,200
AICE,5000,0.7,independent,0.0,0.1,0.00197711992649601,0.0021378892512457686,0.34889293356105894,0.10046512109968361,522.82,0.9717189350102986,200
AICE,5000,0.7,independent,0.0,0.2,0.0053838048508319455,0.0037737934834067254,0.49979291916679974,0.09539973383014912,751.415,0.9717189350102986,200
AICE,5000,0.7,prds_ar1,0.5,0.01,5.3320997273081415e-05,0.0005691461893222424,0.07643854271161564,0.04975139583292504,114.505,0.9717484923909109,200
AICE,5000,0.7,prds_ar1,0.5,0.05,0.0007382575707129967,0.0015009637049436652,0.23358420935248828,0.08512719788154886,350.0,0.9717484923909109,200
AICE,5000,0.7,prds_ar1,0.5,0.1,0.002173447234243067,0.002291294796691878,0.3551015105701621,0.09108959355573679,532.81,0.9717484923909109,200
AICE,5000,0.7,prds_ar1,0.5,0.2,0.005866990218472344,0.0037812988667050634,0.5030751657133338,0.08515374057126357,757.66,0.9717484923909109,200
AICE,5000,0.7,prds_block,0.3,0.01,1.9607843137254903e-05,0.0002772967769359009,0.07530894292668776,0.05507624217623142,113.27,0.9722251544953713,200
AICE,5000,0.7,prds_block,0.3,0.05,0.0007701783195523449,0.0015357190162121335,0.22757330035988177,0.10115652242380246,342.675,0.9722251544953713,200
AICE,5000,0.7,prds_block,0.3,0.1,0.0020197781120004357,0.0023149908958558976,0.34534075612768833,0.11149370580505084,520.78,0.9722251544953713,200
AICE,5000,0.7,prds_block,0.3,0.2,0.005038042492427501,0.0036911875586346883,0.49318487229867003,0.10619196647999343,746.14,0.9722251544953713,200
AICE,5000,0.9,independent,0.0,0.01,0.0,0.0,0.0016346338593837262,0.00384832655449285,0.82,0.9134826702701346,200
AICE,5000,0.9,independent,0.0,0.05,0.0,0.0,0.009635729012324273,0.017393662900968044,4.855,0.9134826702701346,200
AICE,5000,0.9,independent,0.0,0.1,0.0,0.0,0.0204645402382586,0.02988722751651118,10.31,0.9134826702701346,200
AICE,5000,0.9,independent,0.0,0.2,8.064516129032258e-05,0.0011404948083653986,0.04647717843595886,0.05692590265599438,23.415,0.9134826702701346,200
AICE,5000,0.9,prds_ar1,0.5,0.01,0.0,0.0,0.001861604124130099,0.0045918663272951745,0.935,0.914006479886126,200
AICE,5000,0.9,prds_ar1,0.5,0.05,0.0,0.0,0.007899516551725579,0.014121859996515131,3.965,0.914006479886126,200
AICE,5000,0.9,prds_ar1,0.5,0.1,0.0,0.0,0.017789899139420393,0.02904094154389563,8.945,0.914006479886126,200
AICE,5000,0.9,prds_ar1,0.5,0.2,0.00012477036129822413,0.0012549545188393673,0.04364639125994731,0.05488286854231263,21.925,0.914006479886126,200
AICE,5000,0.9,prds_block,0.3,0.01,0.0,0.0,0.0022666290131076227,0.005124983017235024,1.15,0.9165864301599513,200
AICE,5000,0.9,prds_block,0.3,0.05,0.0,0.0,0.01182094572829929,0.020692007015542278,6.03,0.9165864301599513,200
AICE,5000,0.9,prds_block,0.3,0.1,0.0,0.0,0.02545388143501475,0.038841324865471843,12.95,0.9165864301599513,200
AICE,5000,0.9,prds_block,0.3,0.2,0.0002223795831017644,0.0014029420925037966,0.05907728037132892,0.06903596213092528,30.03,0.9165864301599513,200
AICE,5000,0.95,independent,0.0,0.01,0.0,0.0,7.582945366739146e-05,0.0005326685261688858,0.02,0.8541413356209244,200
AICE,5000,0.95,independent,0.0,0.05,0.0,0.0,0.0003394504893517914,0.001265956275330573,0.085,0.8541413356209244,200
AICE,5000,0.95,independent,0.0,0.1,0.0,0.0,0.0006219593771424734,0.002219415545835791,0.155,0.8541413356209244,200
AICE,5000,0.95,independent,0.0,0.2,0.0,0.0,0.0014046475247270287,0.005348623752803187,0.355,0.8541413356209244,200
AICE,5000,0.95,prds_ar1,0.5,0.01,0.0,0.0,5.5331852263260205e-05,0.0005772578762291957,0.015,0.8544206676904572,200
AICE,5000,0.95,prds_ar1,0.5,0.05,0.0,0.0,0.00034812242458037387,0.0018707904512006838,0.09,0.8544206676904572,200
AICE,5000,0.95,prds_ar1,0.5,0.1,0.0,0.0,0.0004454334787708906,0.0023770885734359383,0.115,0.8544206676904572,200
AICE,5000,0.95,prds_ar1,0.5,0.2,0.0,0.0,0.001372761373360284,0.00807529972662206,0.355,0.8544206676904572,200
AICE,5000,0.95,prds_block,0.3,0.01,0.0,0.0,5.88228957550793e-05,0.00047906495041930713,0.015,0.8576575294988773,200
AICE,5000,0.95,prds_block,0.3,0.05,0.0,0.0,0.0002806290923340367,0.0011808453327296186,0.07,0.8576575294988773,200
AICE,5000,0.95,prds_block,0.3,0.1,0.0,0.0,0.0006250068016283092,0.0027613825642845598,0.16,0.8576575294988773,200
AICE,5000,0.95,prds_block,0.3,0.2,0.0,0.0,0.001338389341399055,0.005830388773388686,0.345,0.8576575294988773,200
BH,200,0.5,independent,0.0,0.01,0.004677084932943839,0.0080520399254394,0.6651822966190997,0.059703112012446484,67.06,0.9892544745210473,200
BH,200,0.5,independent,0.0,0.05,0.02644460334268962,0.015867352358470144,0.8853321712305547,0.03825791625881038,91.215,0.9892544745210473,200
BH,200,0.5,independent,0.0,0.1,0.050747538652636065,0.0203584532182209,0.9455025435990385,0.024686594419340336,99.895,0.9892544745210473,200
BH,200,0.5,independent,0.0,0.2,0.10031888298871533,0.027418823711740436,0.9824990546313883,0.01311314134691345,109.54,0.9892544745210473,200
BH,200,0.5,prds_ar1,0.5,0.01,0.004547954344738358,0.008853034036862982,0.6535304726556451,0.07291342267054927,65.93,0.988771029118429,200
BH,200,0.5,prds_ar1,0.5,0.05,0.02526510306610933,0.019336212170887716,0.8802350758424704,0.04644273093219371,90.66,0.988771029118429,200
BH,200,0.5,prds_ar1,0.5,0.1,0.05140427030251778,0.025500730061561644,0.943062167390645,0.03042718901960575,99.78,0.988771029118429,200
BH,200,0.5,prds_ar1,0.5,0.2,0.10228136664800667,0.034866733216624014,0.9802008989517945,0.015542285258942443,109.595,0.988771029118429,200
BH,200,0.5,prds_block,0.3,0.01,0.005214299333624202,0.009513994615997003,0.6562766595789833,0.08634631332967918,66.015,0.9894291054405694,200
BH,200,0.5,prds_block,0.3,0.05,0.025907781546270776,0.0194977979557498,0.8792496963708881,0.048450450601255336,90.34,0.9894291054405694,200
BH,200,0.5,prds_block,0.3,0.1,0.049886745854505934,0.02890168035094439,0.9438706483670937,0.030195621152427642,99.43,0.9894291054405694,200
BH,200,0.5,prds_block,0.3,0.2,0.09977951999774673,0.03975109017629159,0.9801057239116444,0.017354791340125384,109.03,0.9894291054405694,200
BH,200,0.7,independent,0.0,0.01,0.004992696287556369,0.012530961005546033,0.5766186508007644,0.07744549029631333,35.185,0.9765448210476948,200
BH,200,0.7,independent,0.0,0.05,0.03516373472608659,0.028129999886819485,0.819068485532966,0.0565421413281676,51.53,0.9765448210476948,200
BH,200,0.7,independent,0.0,0.1,0.0692536916996467,0.03664051161329188,0.9002461801430062,0.044574245253666316,58.67,0.9765448210476948,200
BH,200,0.7,independent,0.0,0.2,0.13856570593980527,0.046498132024166784,0.959607445564951,0.026246198420395175,67.63,0.9765448210476948,200
BH,200,0.7,prds_ar1,0.5,0.01,0.0064039341999772995,0.01433081941840841,0.5813411631627607,0.10503111878696922,35.41,0.9769831487750962,200
BH,200,0.7,prds_ar1,0.5,0.05,0.03162607151164262,0.027607026070410417,0.8255346512309757,0.06836549323991449,51.54,0.9769831487750962,200
BH,200,0.7,prds_ar1,0.5,0.1,0.06616991563324934,0.03969092440603466,0.9036360834092515,0.0500253169741443,58.545,0.9769831487750962,200
BH,200,0.7,prds_ar1,0.5,0.2,0.13771372036463897,0.05305551737647899,0.9580668336610882,0.03186970629296802,67.275,0.9769831487750962,200
BH,200,0.7,prds_block,0.3,0.01,0.007609939378475388,0.014270975915431503,0.5592566127657913,0.11032811229937715,33.605,0.9746541744045558,200
BH,200,0.7,prds_block,0.3,0.05,0.034227984013961904,0.03238309841295422,0.8088221308676445,0.08019975834249679,49.85,0.9746541744045558,200
BH,200,0.7,prds_block,0.3,0.1,0.06976199191733005,0.04354631254562241,0.889579472540092,0.05774607368539918,56.885,0.9746541744045558,200
BH,200,0.7,prds_block,0.3,0.2,0.1382808061199322,0.05845794673468746,0.9511623123641776,0.038438242850947275,65.735,0.9746541744045558,200
BH,200,0.9,independent,0.0,0.01,0.013178698344139522,0.038771531605044346,0.4235564101883655,0.14500585112889433,8.68,0.9283031059145571,200
BH,200,0.9,independent,0.0,0.05,0.049543506460448514,0.06067522877846632,0.6613022523428433,0.13330068633510753,14.105,0.9283031059145571,200
BH,200,0.9,independent,0.0,0.1,0.09642479218882659,0.07984992000348584,0.7745871710247496,0.11689719689302372,17.355,0.9283031059145571,200
BH,200,0.9,independent,0.0,0.2,0.1832461472190316,0.09347277609225564,0.8664434528566519,0.09705096042774672,21.575,0.9283031059145571,200
BH,200,0.9,prds_ar1,0.5,0.01,0.010412809412809412,0.03395094266949682,0.4174361207913872,0.16128622460453876,8.79,0.9323301549155752,200
BH,200,0.9,prds_ar1,0.5,0.05,0.046365617427876524,0.058611993373619116,0.6711128982168933,0.14890087320556222,14.62,0.9323301549155752,200
BH,200,0.9,prds_ar1,0.5,0.1,0.09707990257021669,0.08072246079190987,0.7739278259653816,0.12938976372751196,17.84,0.9323301549155752,200
BH,200,0.9,prds_ar1,0.5,0.2,0.18697765700005164,0.10404313300580023,0.8755474317331671,0.09719476897912253,22.43,0.9323301549155752,200
BH,200,0.9,prds_block,0.3,0.01,0.012511779886779886,0.035314253537449866,0.4042001817897127,0.16361756542317063,8.44,0.9360902616789931,200
BH,200,0.9,prds_block,0.3,0.05,0.04171245468099781,0.054815564463300145,0.6581954789768557,0.15620794110799524,14.175,0.9360902616789931,200
BH,200,0.9,prds_block,0.3,0.1,0.08523914466077531,0.07894457544266359,0.7640022179154746,0.13786687183081148,17.305,0.9360902616789931,200
BH,200,0.9,prds_block,0.3,0.2,0.17902802791287184,0.11635298412840152,0.8713914036537047,0.09876655536329842,22.225,0.9360902616789931,200
BH,200,0.95,independent,0.0,0.01,0.007902472527472526,0.04208641806776958,0.34085441315220727,0.2037590484256739,3.585,0.8932370436207694,200
BH,200,0.95,independent,0.0,0.05,0.055672716172716165,0.09337230149268422,0.5866312421238892,0.19943208555587907,6.595,0.8932370436207694,200
BH,200,0.95,independent,0.0,0.1,0.10580501987711066,0.10918127915160893,0.7008907436517731,0.1842237075720541,8.38,0.8932370436207694,200
BH,200,0.95,independent,0.0,0.2,0.1990160133482502,0.1260861511833236,0.807207936671172,0.1552799400323867,10.935,0.8932370436207694,200
BH,200,0.95,prds_ar1,0.5,0.01,0.011351190476190477,0.049089796039911864,0.3284159829463622,0.19884670410227945,3.51,0.8853685514315996,200
BH,200,0.95,prds_ar1,0.5,0.05,0.05017110667110667,0.0894703645823503,0.5584230053572159,0.20676206656018037,6.29,0.8853685514315996,200
BH,200,0.95,prds_ar1,0.5,0.1,0.10542289369127605,0.1297855419106707,0.6781503408012697,0.2044973469567085,8.225,0.8853685514315996,200
BH,200,0.95,prds_ar1,0.5,0.2,0.21213997558412184,0.15555238292937476,0.7977626905473268,0.17814260905637805,11.125,0.8853685514315996,200
BH,200,0.95,prds_block,0.3,0.01,0.009640873015873016,0.050857294254909285,0.32488536233718124,0.20236227157515554,3.39,0.8795123597819168,200
BH,200,0.95,prds_block,0.3,0.05,0.049992266720207894,0.10424483220542952,0.5356893379453365,0.23208744151722094,5.88,0.8795123597819168,200
BH,200,0.95,prds_block,0.3,0.1,0.10601900509621098,0.13150436975873953,0.6445885282158502,0.21589200920950127,7.555,0.8795123597819168,200
BH,200,0.95,prds_block,0.3,0.2,0.2130098079337764,0.18137968923009384,0.7723265630568262,0.19386260558024362,10.565,0.8795123597819168,200
BH,500,0.5,independent,0.0,0.01,0.0043350065997839315,0.004563572593181125,0.6564619112805693,0.03967492437966361,165.275,0.9891063422649394,200
BH,500,0.5,independent,0.0,0.05,0.02428234554077504,0.011165658729999637,0.8782937746797193,0.02531003563096136,225.59,0.9891063422649394,200
BH,500,0.5,independent,0.0,0.1,0.04902807265466706,0.015456777580316723,0.9419276364139977,0.0173424045237199,248.215,0.9891063422649394,200
BH,500,0.5,independent,0.0,0.2,0.10045583652833211,0.017680053886550813,0.9793060083997402,0.010235639693057724,272.79,0.9891063422649394,200
BH,500,0.5,prds_ar1,0.5,0.01,0.004355494443924984,0.0054519600927274755,0.6481142701831252,0.051619196274541285,162.37,0.9889087808587237,200
BH,500,0.5,prds_ar1,0.5,0.05,0.024242767845040373,0.012352658281263503,0.876595680297833,0.027965591302078693,224.09,0.9889087808587237,200
BH,500,0.5,prds_ar1,0.5,0.1,0.04940687468486765,0.016516957795846745,0.9397946499836987,0.01964342692931076,246.63,0.9889087808587237,200
BH,500,0.5,prds_ar1,0.5,0.2,0.09816931640997835,0.023006665530038203,0.9788511584585022,0.010649884705387108,270.8,0.9889087808587237,200
BH,500,0.5,prds_block,0.3,0.01,0.004630036106260911,0.006334064798996633,0.6536708667987948,0.0653606055565979,164.32,0.9892421658894207,200
BH,500,0.5,prds_block,0.3,0.05,0.024385304585157606,0.013747775786033582,0.8775478299700521,0.036166413524264945,224.99,0.9892421658894207,200
BH,500,0.5,prds_block,0.3,0.1,0.04902139127188887,0.019849261679684677,0.9423420736968856,0.02355268271216631,247.905,0.9892421658894207,200
BH,500,0.5,prds_block,0.3,0.2,0.09765483064877431,0.027824905694909707,0.9793980101825851,0.012013565368839726,271.585,0.9892421658894207,200
BH,500,0.7,independent,0.0,0.01,0.0069188188908051226,0.008633071581889962,0.5793047147210075,0.0551805628408057,87.515,0.9755473715541056,200
BH,500,0.7,independent,0.0,0.05,0.036651422009266126,0.017633678270810936,0.8194069746421799,0.0374990875064137,127.63,0.9755473715541056,200
BH,500,0.7,independent,0.0,0.1,0.07043098972077258,0.021509752100022525,0.9017569888545366,0.027591912789182327,145.53,0.9755473715541056,200
BH,500,0.7,independent,0.0,0.2,0.14162366873145088,0.030743057906140212,0.959286301295654,0.017043633733061666,167.68,0.9755473715541056,200
BH,500,0.7,prds_ar1,0.5,0.01,0.006916468313629662,0.008215359790096846,0.5725029438934599,0.06149270832607789,86.305,0.9766601407821903,200
BH,500,0.7,prds_ar1,0.5,0.05,0.0356153152350338,0.018885020023264348,0.8231132074578038,0.042973837535664805,127.725,0.9766601407821903,200
BH,500,0.7,prds_ar1,0.5,0.1,0.06828087227418986,0.025057339625485762,0.9040515640939154,0.032297783519511535,145.215,0.9766601407821903,200
BH,500,0.7,prds_ar1,0.5,0.2,0.13837248169730534,0.0337998228665281,0.9620370518638708,0.019200879996519576,167.15,0.9766601407821903,200
BH,500,0.7,prds_block,0.3,0.01,0.005798510153956865,0.008986996863526456,0.5712867809368679,0.07952781739500929,87.315,0.977563901786059,200
BH,500,0.7,prds_block,0.3,0.05,0.032738016679245266,0.020247085736539758,0.814155965499635,0.05572679878706208,127.835,0.977563901786059,200
BH,500,0.7,prds_block,0.3,0.1,0.06494068852188528,0.028763118078159698,0.8976928547626767,0.03852143868190329,145.825,0.977563901786059,200
BH,500,0.7,prds_block,0.3,0.2,0.13219731937200246,0.04252055963980016,0.9560657699176964,0.02263330962490856,167.495,0.977563901786059,200
BH,500,0.9,independent,0.0,0.01,0.007780271922483936,0.019275777637182648,0.40908807972331224,0.09736082851180954,20.93,0.9315855277146023,200
BH,500,0.9,independent,0.0,0.05,0.0444822602059515,0.033270441481598405,0.6703113343539367,0.08861256963569976,35.63,0.9315855277146023,200
BH,500,0.9,independent,0.0,0.1,0.09076231122532663,0.04436306474634567,0.78169851149673,0.07029466358980073,43.61,0.9315855277146023,200
BH,500,0.9,independent,0.0,0.2,0.181519918946498,0.056890317165520954,0.8781133652521977,0.05343162894229445,54.545,0.9315855277146023,200
BH,500,0.9,prds_ar1,0.5,0.01,0.008322340644109858,0.02231884930377099,0.39986133624924625,0.09868585897563362,20.44,0.9290618882038906,200
BH,500,0.9,prds_ar1,0.5,0.05,0.04409775281619819,0.03743204600532172,0.6588511499495749,0.08830045862425515,34.915,0.9290618882038906,200
BH,500,0.9,prds_ar1,0.5,0.1,0.08954453923065551,0.05150382095801573,0.7688839459247491,0.07331914133471633,42.79,0.9290618882038906,200
BH,500,0.9,prds_ar1,0.5,0.2,0.17477394067856492,0.061566611869151015,0.864815340415279,0.06039252514465703,53.215,0.9290618882038906,200
BH,500,0.9,prds_block,0.3,0.01,0.010430239460195653,0.024970518620108215,0.408754738672867,0.1123736575115701,20.735,0.9303040839195209,200
BH,500,0.9,prds_block,0.3,0.05,0.04808170429915346,0.047639384648770336,0.6652426906624173,0.10189510734239882,35.045,0.9303040839195209,200
BH,500,0.9,prds_block,0.3,0.1,0.09346186074097343,0.06419559493072319,0.7724012707899756,0.08217693180767857,42.825,0.9303040839195209,200
BH,500,0.9,prds_block,0.3,0.2,0.18049003464694707,0.08673089860602663,0.8700673641314575,0.06680539221775068,53.635,0.9303040839195209,200
BH,500,0.95,independent,0.0,0.01,0.009566114441114442,0.03218972842232328,0.3119511738275487,0.12593688413301413,7.95,0.8871306485447435,200
BH,500,0.95,independent,0.0,0.05,0.04276234177360936,0.05215913443314612,0.5590415314274169,0.12941576500607874,14.74,0.8871306485447435,200
BH,500,0.95,independent,0.0,0.1,0.08866650330568117,0.06760205430813278,0.6673617204890024,0.12402298431301584,18.54,0.8871306485447435,200
BH,500,0.95,independent,0.0,0.2,0.18859860781752624,0.085072771067267,0.7927126999451026,0.09914944343286299,24.76,0.8871306485447435,200
BH,500,0.95,prds_ar1,0.5,0.01,0.012313348416289593,0.04442958128737735,0.31200637455288194,0.11942029901532664,8.035,0.8822574708042177,200
BH,500,0.95,prds_ar1,0.5,0.05,0.046939226915529236,0.06419420394189626,0.5462484289151689,0.13669749200643186,14.475,0.8822574708042177,200
BH,500,0.95,prds_ar1,0.5,0.1,0.09340505878338581,0.07987435045781273,0.656101859036253,0.131875004338948,18.375,0.8822574708042177,200
BH,500,0.95,prds_ar1,0.5,0.2,0.18495754509829102,0.10291434120226398,0.7706290086199137,0.11994830795421806,24.17,0.8822574708042177,200
BH,500,0.95,prds_block,0.3,0.01,0.009868413449295801,0.035795329512245455,0.3211473425496722,0.14301825211593922,8.2,0.8899689161135491,200
BH,500,0.95,prds_block,0.3,0.05,0.04393642421551966,0.05876124945615596,0.5488087249104254,0.15759382861140933,14.535,0.8899689161135491,200
BH,500,0.95,prds_block,0.3,0.1,0.09178199678495304,0.07963495973448087,0.6630268854175786,0.14248291157142132,18.57,0.8899689161135491,200
BH,500,0.95,prds_block,0.3,0.2,0.18461646674886845,0.10826109536289485,0.7848303468198978,0.11697632192492671,24.785,0.8899689161135491,200
BH,1000,0.5,independent,0.0,0.01,0.004592678668445776,0.0036743576406002743,0.6597126602457692,0.024838990062704,331.88,0.9891109206395104,200
BH,1000,0.5,independent,0.0,0.05,0.02449928568944915,0.007141987946112271,0.8820517608548988,0.01699251006819122,452.83,0.9891109206395104,200
BH,1000,0.5,independent,0.0,0.1,0.05011478727197419,0.00965417278981298,0.9425643837070506,0.011770013429818607,496.915,0.9891109206395104,200
BH,1000,0.5,independent,0.0,0.2,0.10063101913944784,0.012827149765583723,0.9810665860278553,0.006107275306345294,546.265,0.9891109206395104,200
BH,1000,0.5,prds_ar1,0.5,0.01,0.004835749083556592,0.004206294727709079,0.6564846891707857,0.03192576027152516,329.915,0.9889143290855145,200
BH,1000,0.5,prds_ar1,0.5,0.05,0.02463921598749108,0.008354533030949097,0.8797093280147612,0.020124593162272525,451.06,0.9889143290855145,200
BH,1000,0.5,prds_ar1,0.5,0.1,0.05070541672005275,0.011637360877006083,0.9418134367589707,0.013296234785555758,496.155,0.9889143290855145,200
BH,1000,0.5,prds_ar1,0.5,0.2,0.09919612523610306,0.016745042729368362,0.9798383996192753,0.007425092877053345,544.03,0.9889143290855145,200
BH,1000,0.5,prds_block,0.3,0.01,0.004984537225218318,0.004740440600224227,0.6506944957303448,0.055528807425979154,327.865,0.9889001863375582,200
BH,1000,0.5,prds_block,0.3,0.05,0.025084192870587142,0.011165858697813467,0.8770755532692941,0.030655990645923944,450.995,0.9889001863375582,200
BH,1000,0.5,prds_block,0.3,0.1,0.05003213593173712,0.015976690802721353,0.9412850759580368,0.0191216128341851,496.75,0.9889001863375582,200
BH,1000,0.5,prds_block,0.3,0.2,0.09902253516716986,0.022662528882177124,0.9793975236475474,0.00911036177818619,545.09,0.9889001863375582,200
BH,1000,0.7,independent,0.0,0.01,0.007388656867828651,0.006617624133937895,0.5717174971964993,0.033922090525822755,172.745,0.9755297165768135,200
BH,1000,0.7,independent,0.0,0.05,0.03482091566703512,0.011775597970047796,0.8210457607480066,0.02544730767422618,255.2,0.9755297165768135,200
BH,1000,0.7,independent,0.0,0.1,0.07109157435687115,0.015055557734197643,0.9023040891261913,0.019114214922623874,291.375,0.9755297165768135,200
BH,1000,0.7,independent,0.0,0.2,0.1415625867296007,0.019652931746212764,0.9599020702619644,0.011055744787003087,335.395,0.9755297165768135,200
BH,1000,0.7,prds_ar1,0.5,0.01,0.006519738459250358,0.006389864723238146,0.5723210428658312,0.04279355177841121,172.235,0.9761877998235242,200
BH,1000,0.7,prds_ar1,0.5,0.05,0.033532344768257775,0.012371327026950991,0.8206229735919893,0.02812517969375394,253.79,0.9761877998235242,200
BH,1000,0.7,prds_ar1,0.5,0.1,0.0681479664801365,0.017780447913791252,0.9015252459159889,0.021479813011091177,289.255,0.9761877998235242,200
BH,1000,0.7,prds_ar1,0.5,0.2,0.13867450279189597,0.024715536994597626,0.9583034742580157,0.013395198280088328,332.765,0.9761877998235242,200
BH,1000,0.7,prds_block,0.3,0.01,0.006451795493996165,0.006057919331747227,0.5697115800349016,0.062454930337858,170.935,0.9772004849454377,200
BH,1000,0.7,prds_block,0.3,0.05,0.0336774275092779,0.016154290322137714,0.8195647469901894,0.04022093548507543,252.97,0.9772004849454377,200
BH,1000,0.7,prds_block,0.3,0.1,0.06707076089405467,0.024532480751911164,0.9019462492481081,0.028619356283071315,288.435,0.9772004849454377,200
BH,1000,0.7,prds_block,0.3,0.2,0.13722661576559966,0.038157645280233674,0.9591410010413679,0.017189841843349315,331.97,0.9772004849454377,200
BH,1000,0.9,independent,0.0,0.01,0.007934537402908044,0.014097763453043373,0.4052745306484261,0.06717447843591373,40.765,0.9322887605177044,200
BH,1000,0.9,independent,0.0,0.05,0.04130438432231622,0.026059474880294503,0.6664284280007994,0.057667047581030376,69.355,0.9322887605177044,200
BH,1000,0.9,independent,0.0,0.1,0.08571280115048363,0.03536176041948019,0.7730000569858885,0.04984010123088115,84.37,0.9322887605177044,200
BH,1000,0.9,independent,0.0,0.2,0.1733319218768716,0.04327007194209349,0.8749845880585454,0.04063610485662782,105.68,0.9322887605177044,200
BH,1000,0.9,prds_ar1,0.5,0.01,0.01147668867926056,0.01774013688841621,0.39397629541284906,0.07620338506241703,39.47,0.9289242921651955,200
BH,1000,0.9,prds_ar1,0.5,0.05,0.04290584288052503,0.026444763227702086,0.6577219923035875,0.06670109235065758,67.975,0.9289242921651955,200
BH,1000,0.9,prds_ar1,0.5,0.1,0.08791020960084245,0.035931064947231084,0.7764746231244282,0.05142985058194442,84.185,0.9289242921651955,200
BH,1000,0.9,prds_ar1,0.5,0.2,0.17964822271077124,0.04639630632828903,0.8748558375991626,0.04132903299148791,105.59,0.9289242921651955,200
BH,1000,0.9,prds_block,0.3,0.01,0.007198528787666624,0.012926774017906383,0.40448222084439023,0.08623478704776237,41.36,0.9321948269195972,200
BH,1000,0.9,prds_block,0.3,0.05,0.042949319740507044,0.031617040507975466,0.6589296039093682,0.07581241561445747,69.915,0.9321948269195972,200
BH,1000,0.9,prds_block,0.3,0.1,0.08795807053776365,0.04460854090317429,0.7735079989829419,0.06223614998800429,86.165,0.9321948269195972,200
BH,1000,0.9,prds_block,0.3,0.2,0.18128973434778423,0.06678033162115263,0.8738541603305046,0.04560932631711814,108.9,0.9321948269195972,200
BH,1000,0.95,independent,0.0,0.01,0.00951286193963876,0.023288039044302957,0.30863381907904514,0.09542800148037517,15.795,0.883906124503879,200
BH,1000,0.95,independent,0.0,0.05,0.04401362876003991,0.042607135350489524,0.5494563122138868,0.10411222196981061,29.15,0.883906124503879,200
BH,1000,0.95,independent,0.0,0.1,0.09310342948236454,0.05441923198962841,0.6657653905179538,0.0914904622805901,37.295,0.883906124503879,200
BH,1000,0.95,independent,0.0,0.2,0.19127418325296383,0.06085161168380656,0.7877935804547214,0.07535897694080836,49.535,0.883906124503879,200
BH,1000,0.95,prds_ar1,0.5,0.01,0.007275963668802543,0.023320305255881364,0.3026276058753551,0.0919705127864147,15.375,0.8879841338652464,200
BH,1000,0.95,prds_ar1,0.5,0.05,0.04200937256389278,0.04346605730519496,0.5509974771546053,0.08823598862258532,29.08,0.8879841338652464,200
BH,1000,0.95,prds_ar1,0.5,0.1,0.08201480040094014,0.05203063566827047,0.6653030202074348,0.08517776806956341,36.715,0.8879841338652464,200
BH,1000,0.95,prds_ar1,0.5,0.2,0.1740953191691063,0.07304655186131907,0.7814220362773564,0.07723442264255037,48.09,0.8879841338652464,200
BH,1000,0.95,prds_block,0.3,0.01,0.009964461595572781,0.02408408447262446,0.29494283865805854,0.10746429811148721,15.135,0.8869517201116938,200
BH,1000,0.95,prds_block,0.3,0.05,0.04896200592910975,0.04731157538756512,0.5415061920566615,0.10893622846016773,28.885,0.8869517201116938,200
BH,1000,0.95,prds_block,0.3,0.1,0.0945135707985306,0.06583837262430643,0.669143597125698,0.10405258271085041,37.58,0.8869517201116938,200
BH,1000,0.95,prds_block,0.3,0.2,0.18935253488812467,0.0897466710170312,0.78545797478972,0.08802896746431059,49.59,0.8869517201116938,200
BH,2000,0.5,independent,0.0,0.01,0.00510955868541131,0.0026304957311022014,0.657455540421349,0.018984179903795143,660.97,0.9888219489468856,200
BH,2000,0.5,independent,0.0,0.05,0.02515743854358798,0.005207008623852824,0.880600814851051,0.011835892823563902,903.54,0.9888219489468856,200
BH,2000,0.5,independent,0.0,0.1,0.04979777562792239,0.006639592534359262,0.9431228277237927,0.0074831829419405764,992.745,0.9888219489468856,200
BH,2000,0.5,independent,0.0,0.2,0.10081756649174821,0.009258409145802522,0.9805715613988149,0.0045354434167876,1090.755,0.9888219489468856,200
BH,2000,0.5,prds_ar1,0.5,0.01,0.0051044204037570175,0.002888833561437942,0.6561873547713606,0.025241166173156346,660.725,0.9886730861946953,200
BH,2000,0.5,prds_ar1,0.5,0.05,0.025436949112887207,0.005544526938041822,0.879804898027707,0.014485092999146916,904.39,0.9886730861946953,200
BH,2000,0.5,prds_ar1,0.5,0.1,0.04962491164823344,0.007616080285361771,0.9416307451895274,0.009192528013832664,992.58,0.9886730861946953,200
BH,2000,0.5,prds_ar1,0.5,0.2,0.09936880905529845,0.010145583716706034,0.979879522406394,0.0048181086369957354,1089.965,0.9886730861946953,200
BH,2000,0.5,prds_block,0.3,0.01,0.0048160463060889875,0.0034785082746601292,0.6544900763594113,0.04446887538411677,657.28,0.9893489124162962,200
BH,2000,0.5,prds_block,0.3,0.05,0.024012503943776436,0.008536118734296858,0.8798745926594869,0.024348458799843726,901.04,0.9893489124162962,200
BH,2000,0.5,prds_block,0.3,0.1,0.04860742218261278,0.012654032738477795,0.9424639138727484,0.01474344598843809,990.145,0.9893489124162962,200
BH,2000,0.5,prds_block,0.3,0.2,0.09835265768871254,0.018629017521537204,0.9805254265223536,0.007286020008241684,1087.13,0.9893489124162962,200
BH,2000,0.7,independent,0.0,0.01,0.007240625350915334,0.004506671824132299,0.5736816846456154,0.029207307168028915,347.45,0.9761297654427824,200
BH,2000,0.7,independent,0.0,0.05,0.034819694304680106,0.007575754830607832,0.8213929603221198,0.018604525800808402,511.63,0.9761297654427824,200
BH,2000,0.7,independent,0.0,0.1,0.06932463557518616,0.009707940202261707,0.9028546693542961,0.014454507671324928,583.205,0.9761297654427824,200
BH,2000,0.7,independent,0.0,0.2,0.13870827303638347,0.014578574517430769,0.960167190584699,0.008903939115132136,670.26,0.9761297654427824,200
BH,2000,0.7,prds_ar1,0.5,0.01,0.006990918572590276,0.004827793560298977,0.5755671416977282,0.030525064095874747,349.865,0.9761082818704981,200
BH,2000,0.7,prds_ar1,0.5,0.05,0.03526907806995861,0.009350995230589538,0.8227941533122993,0.020495984235113913,514.815,0.9761082818704981,200
BH,2000,0.7,prds_ar1,0.5,0.1,0.07034996709641696,0.012967126017032654,0.9037745319398804,0.01499330366012665,586.87,0.9761082818704981,200
BH,2000,0.7,prds_ar1,0.5,0.2,0.14052804525571827,0.017755134536637428,0.960626880826272,0.009560039193183894,674.82,0.9761082818704981,200
BH,2000,0.7,prds_block,0.3,0.01,0.006734305848370874,0.00481261469993258,0.5792198368147847,0.046628027428323685,350.09,0.9764021657751911,200
BH,2000,0.7,prds_block,0.3,0.05,0.0350706472772639,0.013136328893700273,0.8218203531233961,0.0319182454972884,511.33,0.9764021657751911,200
BH,2000,0.7,prds_block,0.3,0.1,0.07062724181284481,0.01834007670592145,0.9031641298382037,0.023549968738092248,583.5,0.9764021657751911,200
BH,2000,0.7,prds_block,0.3,0.2,0.13964153070670413,0.028146485878567634,0.9590840764799988,0.01378141927127059,669.675,0.9764021657751911,200
BH,2000,0.9,independent,0.0,0.01,0.008111726917782168,0.009750342749924331,0.4042245593750846,0.05040870919897748,81.845,0.9303317271483671,200
BH,2000,0.9,independent,0.0,0.05,0.0437470344349416,0.016734377723680006,0.6624208408605625,0.04648036765399305,139.0,0.9303317271483671,200
BH,2000,0.9,independent,0.0,0.1,0.08958239907378276,0.023939100928328176,0.7753965795273641,0.036696081016414354,170.86,0.9303317271483671,200
BH,2000,0.9,independent,0.0,0.2,0.17978487491563172,0.02900347772954911,0.8743450342541708,0.02833577891689711,213.97,0.9303317271483671,200
BH,2000,0.9,prds_ar1,0.5,0.01,0.008419691898515097,0.010727248659762252,0.4005402505369108,0.05341108662306114,80.295,0.9285364732232886,200
BH,2000,0.9,prds_ar1,0.5,0.05,0.04640588018414877,0.020817195441833473,0.6563615133587359,0.04779748760907008,136.785,0.9285364732232886,200
BH,2000,0.9,prds_ar1,0.5,0.1,0.08945974473623126,0.02753561758782899,0.7689270507683696,0.04259552992079555,167.835,0.9285364732232886,200
BH,2000,0.9,prds_ar1,0.5,0.2,0.18101272944208027,0.03555722478170449,0.8718181747683168,0.031793977407761534,211.66,0.9285364732232886,200
BH,2000,0.9,prds_block,0.3,0.01,0.008939513638025256,0.011054666938017314,0.4058111939739329,0.06315960287594548,81.98,0.9304289452488403,200
BH,2000,0.9,prds_block,0.3,0.05,0.04622781052484867,0.02411488666232848,0.6611410731904249,0.05597748437839648,138.92,0.9304289452488403,200
BH,2000,0.9,prds_block,0.3,0.1,0.0907638708857664,0.03575053945332157,0.7722385990695027,0.049656678000515195,170.37,0.9304289452488403,200
BH,2000,0.9,prds_block,0.3,0.2,0.18276217994004818,0.0514201189976879,0.8743857360574657,0.03576584396488247,215.09,0.9304289452488403,200
BH,2000,0.95,independent,0.0,0.01,0.008363201635443473,0.01720948331257776,0.3044892264796606,0.06347881722776666,30.46,0.8823861909009255,200
BH,2000,0.95,independent,0.0,0.05,0.04726486204895821,0.026159326274966914,0.5498573827749994,0.0596719515471591,57.145,0.8823861909009255,200
BH,2000,0.95,independent,0.0,0.1,0.0960591156692821,0.03393633399861234,0.6702399848645274,0.05572416527508401,73.475,0.8823861909009255,200
BH,2000,0.95,independent,0.0,0.2,0.19473405238992014,0.04301037777799462,0.7899022862364015,0.04718051172013264,97.27,0.8823861909009255,200
BH,2000,0.95,prds_ar1,0.5,0.01,0.007568757630832119,0.01581841071027895,0.3020071676556957,0.06967750218141244,30.595,0.8863281284696545,200
BH,2000,0.95,prds_ar1,0.5,0.05,0.04658561351178183,0.03159260893477162,0.5503344765279247,0.07727915637240886,58.055,0.8863281284696545,200
BH,2000,0.95,prds_ar1,0.5,0.1,0.09312289131085726,0.04134988811179307,0.6697785900115107,0.06786938368125352,74.355,0.8863281284696545,200
BH,2000,0.95,prds_ar1,0.5,0.2,0.18516983028924827,0.04919135277803609,0.7918119594755555,0.054914769998934646,97.875,0.8863281284696545,200
BH,2000,0.95,prds_block,0.3,0.01,0.009471999273318467,0.017890145630934832,0.31233826502772544,0.07536638676557887,31.43,0.8890448971918592,200
BH,2000,0.95,prds_block,0.3,0.05,0.04782892211690406,0.03434559066123478,0.5550374428904654,0.07408753831002081,58.19,0.8890448971918592,200
BH,2000,0.95,prds_block,0.3,0.1,0.09465434876811782,0.04729868799319165,0.6770999169056874,0.0671945938135316,74.825,0.8890448971918592,200
BH,2000,0.95,prds_block,0.3,0.2,0.18897066194025128,0.07284317299252724,0.7943194864280452,0.05927187486219709,98.575,0.8890448971918592,200
BH,5000,0.5,independent,0.0,0.01,0.004917388727054589,0.0017439202139724868,0.6570930877702261,0.012365030844073362,1653.185,0.9888008848819716,200
BH,5000,0.5,independent,0.0,0.05,0.024894490081062957,0.0034772455593582094,0.8798444304965759,0.007294378195853047,2258.93,0.9888008848819716,200
BH,5000,0.5,independent,0.0,0.1,0.0499977928451109,0.004553835724018411,0.942598326356106,0.005265933061641383,2484.025,0.9888008848819716,200
BH,5000,0.5,independent,0.0,0.2,0.09981764803256551,0.005798594972761052,0.9803693400503132,0.0029627809777627774,2726.525,0.9888008848819716,200
BH,5000,0.5,prds_ar1,0.5,0.01,0.0049166993622548946,0.0018559144781326864,0.6560587583268304,0.015074932016296418,1649.945,0.9887420364412938,200
BH,5000,0.5,prds_ar1,0.5,0.05,0.025013636938697292,0.003608498177429742,0.8797207322880516,0.008644102536777089,2258.01,0.9887420364412938,200
BH,5000,0.5,prds_ar1,0.5,0.1,0.049928719469664776,0.004931452660360761,0.9423074889944638,0.005391084164990806,2482.06,0.9887420364412938,200
BH,5000,0.5,prds_ar1,0.5,0.2,0.10033961755292323,0.0071759087140027,0.9802168945015439,0.003223110913578322,2726.58,0.9887420364412938,200
BH,5000,0.5,prds_block,0.3,0.01,0.005310620943892457,0.0023211285444865964,0.6611162725392846,0.030119512483535674,1662.24,0.9887256544931948,200
BH,5000,0.5,prds_block,0.3,0.05,0.025514485187968842,0.005486213670995638,0.8822352178596646,0.016436542299769544,2264.125,0.9887256544931948,200
BH,5000,0.5,prds_block,0.3,0.1,0.05124210975067282,0.008515155779501656,0.9432877588544867,0.009988998434308505,2486.52,0.9887256544931948,200
BH,5000,0.5,prds_block,0.3,0.2,0.10177154575075459,0.012137855213073078,0.9804455785134266,0.0048515597962386125,2730.055,0.9887256544931948,200
BH,5000,0.7,independent,0.0,0.01,0.006735755232166402,0.0028148809657923086,0.5746614289730975,0.015883572379240943,864.5,0.9761648913553652,200
BH,5000,0.7,independent,0.0,0.05,0.034924782311903525,0.005205823878519099,0.8229818277393504,0.01112351879091482,1274.17,0.9761648913553652,200
BH,5000,0.7,independent,0.0,0.1,0.06996525773891951,0.006838556538555889,0.9034269436971453,0.008682168340973219,1451.4,0.9761648913553652,200
BH,5000,0.7,independent,0.0,0.2,0.13978052293349028,0.008935153867576907,0.9602193721695214,0.005426366360327566,1667.9,0.9761648913553652,200
BH,5000,0.7,prds_ar1,0.5,0.01,0.007061968500210405,0.0029113103338250057,0.573665916368516,0.021006533183116495,864.72,0.9761859282734677,200
BH,5000,0.7,prds_ar1,0.5,0.05,0.0344754402369981,0.005346683994175369,0.8220014420206992,0.01358774278257597,1274.195,0.9761859282734677,200
BH,5000,0.7,prds_ar1,0.5,0.1,0.06932678682661972,0.007180467031745235,0.9032878495932546,0.009743744916908431,1452.615,0.9761859282734677,200
BH,5000,0.7,prds_ar1,0.5,0.2,0.13945988460731504,0.009938650036916418,0.9602987597066199,0.005645346328429733,1670.255,0.9761859282734677,200
BH,5000,0.7,prds_block,0.3,0.01,0.0071241913965553105,0.003871100608884264,0.575051217173646,0.0337861754970318,871.565,0.9764247602905044,200
BH,5000,0.7,prds_block,0.3,0.05,0.03479949497042159,0.00919331798145346,0.821792787324116,0.02264132972908014,1281.305,0.9764247602905044,200
BH,5000,0.7,prds_block,0.3,0.1,0.07038103572565202,0.014467108590886457,0.9033889154274647,0.01591072076783679,1462.61,0.9764247602905044,200
BH,5000,0.7,prds_block,0.3,0.2,0.14032382947203745,0.020939020161906494,0.9609068989152543,0.009062419105707882,1682.825,0.9764247602905044,200
BH,5000,0.9,independent,0.0,0.01,0.008958423981579498,0.006204586153317168,0.40370061467337925,0.03271434576633819,203.195,0.9295515426165356,200
BH,5000,0.9,independent,0.0,0.05,0.04380915167979585,0.010650215473248016,0.6615793710255841,0.028001490614285036,345.115,0.9295515426165356,200
BH,5000,0.9,independent,0.0,0.1,0.08876161558888054,0.013262966042121701,0.7728416386978937,0.02431680822263997,423.08,0.9295515426165356,200
BH,5000,0.9,independent,0.0,0.2,0.1790381344816073,0.01712477775317515,0.8726558517133828,0.019116388862812216,530.27,0.9295515426165356,200
BH,5000,0.9,prds_ar1,0.5,0.01,0.009215584182439885,0.0071563312244802444,0.40170244247807957,0.032857325234121666,202.545,0.9294420797618885,200
BH,5000,0.9,prds_ar1,0.5,0.05,0.04588424246919118,0.013300623122129056,0.6617662592191745,0.029803461961552646,346.535,0.9294420797618885,200
BH,5000,0.9,prds_ar1,0.5,0.1,0.09030186876565162,0.017330358297708324,0.7748792936781672,0.024400474597248385,425.595,0.9294420797618885,200
BH,5000,0.9,prds_ar1,0.5,0.2,0.17999014991424214,0.023065148226720674,0.8758328315370411,0.01921496580794175,533.805,0.9294420797618885,200
BH,5000,0.9,prds_block,0.3,0.01,0.008835646053519695,0.007448704745873114,0.40493513504063133,0.04733442777471506,205.4,0.9318909502612499,200
BH,5000,0.9,prds_block,0.3,0.05,0.04491630544617289,0.016269980348551403,0.6647758620362036,0.04205507123445173,349.885,0.9318909502612499,200
BH,5000,0.9,prds_block,0.3,0.1,0.08844699809732648,0.024622770204296034,0.7768656808742621,0.034354715561988235,428.535,0.9318909502612499,200
BH,5000,0.9,prds_block,0.3,0.2,0.17840874061917555,0.03681476825108849,0.877633730101806,0.0256529484920635,537.785,0.9318909502612499,200
BH,5000,0.95,independent,0.0,0.01,0.00937034584441593,0.010632563118618932,0.30551408238117456,0.04048837542590654,77.465,0.882234303104972,200
BH,5000,0.95,independent,0.0,0.05,0.04849187825518593,0.01772010721304448,0.5501153146880295,0.043428246070324014,145.2,0.882234303104972,200
BH,5000,0.95,independent,0.0,0.1,0.09590907031617317,0.023005365356531457,0.668860917014022,0.04006683807216945,185.86,0.882234303104972,200
BH,5000,0.95,independent,0.0,0.2,0.1915915355763167,0.027700838465467597,0.7898110828728031,0.035124052482124704,245.555,0.882234303104972,200
BH,5000,0.95,prds_ar1,0.5,0.01,0.01054613160636196,0.011258812506957625,0.30627657049480267,0.04348797664636139,76.825,0.8823896804913951,200
BH,5000,0.95,prds_ar1,0.5,0.05,0.04724006119474386,0.020081454112315374,0.5514431907369165,0.04506661607142652,143.65,0.8823896804913951,200
BH,5000,0.95,prds_ar1,0.5,0.1,0.09455533395427024,0.027323770356160612,0.6687587876424999,0.03926124154131083,183.38,0.8823896804913951,200
BH,5000,0.95,prds_ar1,0.5,0.2,0.19343003160302044,0.03407234739517114,0.791517355602425,0.03166697883089204,243.85,0.8823896804913951,200
BH,5000,0.95,prds_block,0.3,0.01,0.00923178842313969,0.012888207096328761,0.3095311797066399,0.05415713766485954,78.59,0.886294868001207,200
BH,5000,0.95,prds_block,0.3,0.05,0.04626421094068048,0.025233411341632712,0.5477846065095371,0.05648139842736706,144.62,0.886294868001207,200
BH,5000,0.95,prds_block,0.3,0.1,0.09287297568072996,0.0383273217108916,0.6684285446517196,0.05367768446181408,185.805,0.886294868001207,200
BH,5000,0.95,prds_block,0.3,0.2,0.18686077601933396,0.058565677028853305,0.7898617302864295,0.04407004060812975,245.885,0.886294868001207,200
BY,200,0.5,independent,0.0,0.01,0.0010373636261358378,0.004832177581227346,0.3884134575461429,0.0635887075564654,39.05,0.9892544745210473,200
BY,200,0.5,independent,0.0,0.05,0.004162204937702313,0.00793181255884537,0.6345484686102183,0.060992711399956795,63.94,0.9892544745210473,200
BY,200,0.5,independent,0.0,0.1,0.008315305405194453,0.009809162490275533,0.7468965799152437,0.049636707635395294,75.535,0.9892544745210473,200
BY,200,0.5,independent,0.0,0.2,0.018329444526136395,0.014637434584969968,0.8416878848016259,0.04289405981293714,86.005,0.9892544745210473,200
BY,200,0.5,prds_ar1,0.5,0.01,0.000886302323119723,0.004736142696539202,0.38002376995985626,0.08166880035975257,38.24,0.988771029118429,200
BY,200,0.5,prds_ar1,0.5,0.05,0.0035541444283485636,0.007807870177909849,0.6263245398247841,0.07635882120842967,63.11,0.988771029118429,200
BY,200,0.5,prds_ar1,0.5,0.1,0.00733891920374355,0.01063651136770805,0.7369162529733767,0.06552560884849332,74.525,0.988771029118429,200
BY,200,0.5,prds_ar1,0.5,0.2,0.016631536433675223,0.015877164357733044,0.8376720105891188,0.051962539227314454,85.52,0.988771029118429,200
BY,200,0.5,prds_block,0.3,0.01,0.0005241399608297906,0.003329366170733637,0.3803719653874326,0.09419671866700358,38.1,0.9894291054405694,200
BY,200,0.5,prds_block,0.3,0.05,0.004516381395688769,0.008868223876024218,0.6285090208222709,0.08890082516244845,63.19,0.9894291054405694,200
BY,200,0.5,prds_block,0.3,0.1,0.008414346616958416,0.010730179429218022,0.737292466029354,0.07209777065297852,74.42,0.9894291054405694,200
BY,200,0.5,prds_block,0.3,0.2,0.017347342204043548,0.01591973368617652,0.8355733180222049,0.056072003329137164,85.1,0.9894291054405694,200
BY,200,0.7,independent,0.0,0.01,0.0008225108225108224,0.006836359122505698,0.3217487790612168,0.08661744633327757,19.59,0.9765448210476948,200
BY,200,0.7,independent,0.0,0.05,0.004520537992119782,0.01289978843357857,0.5520325877150439,0.08144006586910484,33.66,0.9765448210476948,200
BY,200,0.7,independent,0.0,0.1,0.010766059652805273,0.01774711870451412,0.6606275578353984,0.07140106668918272,40.575,0.9765448210476948,200
BY,200,0.7,independent,0.0,0.2,0.024251502937927633,0.024527644828751673,0.7670513382373377,0.06588632172840356,47.72,0.9765448210476948,200
BY,200,0.7,prds_ar1,0.5,0.01,0.0012920877462473388,0.008224380295014518,0.30775380487531767,0.10672415913995427,18.7,0.9769831487750962,200
BY,200,0.7,prds_ar1,0.5,0.05,0.005356614154109881,0.012798465345530325,0.5546332546441199,0.10641788998466274,33.76,0.9769831487750962,200
BY,200,0.7,prds_ar1,0.5,0.1,0.011256225552746817,0.017135473348705587,0.6692387299967563,0.09107883885727797,40.95,0.9769831487750962,200
BY,200,0.7,prds_ar1,0.5,0.2,0.020899401759997726,0.022771786243393793,0.773033064920149,0.07995749103846161,47.725,0.9769831487750962,200
BY,200,0.7,prds_block,0.3,0.01,0.0007644110275689223,0.006216720466078088,0.30784383851235897,0.10764294801158333,18.425,0.9746541744045558,200
BY,200,0.7,prds_block,0.3,0.05,0.0071610748808973,0.014396677158963936,0.5361830998410952,0.11041441876941344,32.21,0.9746541744045558,200
BY,200,0.7,prds_block,0.3,0.1,0.014620341386568082,0.018606755710564134,0.6466993496674928,0.10423951012555106,39.09,0.9746541744045558,200
BY,200,0.7,prds_block,0.3,0.2,0.024384695223387914,0.027456345280679757,0.7546242891978748,0.09053339251290986,46.08,0.9746541744045558,200
BY,200,0.9,independent,0.0,0.01,0.0026666666666666666,0.027426364538586986,0.22053652056113504,0.12197519201805833,4.45,0.9283031059145571,200
BY,200,0.9,independent,0.0,0.05,0.011408154345654347,0.03734412467970305,0.4030371839571654,0.1434753474430276,8.235,0.9283031059145571,200
BY,200,0.9,independent,0.0,0.1,0.01889109464349234,0.04089507799456424,0.49774838634368607,0.1430213602209037,10.29,0.9283031059145571,200
BY,200,0.9,independent,0.0,0.2,0.034635983873367776,0.052882008032274774,0.5981622502715563,0.13642468711717276,12.58,0.9283031059145571,200
BY,200,0.9,prds_ar1,0.5,0.01,0.0018333333333333335,0.01836338332151355,0.19885766784538914,0.11768765265773463,4.14,0.9323301549155752,200
BY,200,0.9,prds_ar1,0.5,0.05,0.00966593129093129,0.03348927701580195,0.38969853589026393,0.15737705750591008,8.2,0.9323301549155752,200
BY,200,0.9,prds_ar1,0.5,0.1,0.013577049103474261,0.03538538465239899,0.4998567996766024,0.16142880559624911,10.53,0.9323301549155752,200
BY,200,0.9,prds_ar1,0.5,0.2,0.0278595805994009,0.04607755998359977,0.6097166754136467,0.15496734596835648,13.015,0.9323301549155752,200
BY,200,0.9,prds_block,0.3,0.01,0.006641053391053391,0.03789755419443556,0.19132162723244003,0.12980422952784748,3.97,0.9360902616789931,200
BY,200,0.9,prds_block,0.3,0.05,0.010732403926482875,0.03531740837613735,0.37701024140830497,0.1617442419971502,7.855,0.9360902616789931,200
BY,200,0.9,prds_block,0.3,0.1,0.018745987049586122,0.04597997720688726,0.48090512854313944,0.16976954050890905,10.135,0.9360902616789931,200
BY,200,0.9,prds_block,0.3,0.2,0.03002197071155713,0.047501518260337744,0.5950786906757065,0.1675094486478317,12.67,0.9360902616789931,200
BY,200,0.95,independent,0.0,0.01,0.0055000000000000005,0.04089690979276346,0.173455062094768,0.15248647058084494,1.77,0.8932370436207694,200
BY,200,0.95,independent,0.0,0.05,0.008345238095238095,0.044234853283490236,0.320074559019412,0.20099075823296927,3.375,0.8932370436207694,200
BY,200,0.95,independent,0.0,0.1,0.012849206349206348,0.04908147217345677,0.4206264903397256,0.20815165836244046,4.46,0.8932370436207694,200
BY,200,0.95,independent,0.0,0.2,0.03129260037348272,0.06990136934776321,0.5294618518736166,0.20178775072867428,5.775,0.8932370436207694,200
BY,200,0.95,prds_ar1,0.5,0.01,0.005,0.07071067811865474,0.15899700194456387,0.13569392262867452,1.685,0.8853685514315996,200
BY,200,0.95,prds_ar1,0.5,0.05,0.011333333333333332,0.058848763760095846,0.30240012687690704,0.19575230339274322,3.24,0.8853685514315996,200
BY,200,0.95,prds_ar1,0.5,0.1,0.01726208513708514,0.05838573106528522,0.3892636171018524,0.20682063228837216,4.215,0.8853685514315996,200
BY,200,0.95,prds_ar1,0.5,0.2,0.03244678932178932,0.07798393840622402,0.5005400151104485,0.19770190944310573,5.48,0.8853685514315996,200
BY,200,0.95,prds_block,0.3,0.01,0.0,0.0,0.16555719615781533,0.15895263484836292,1.67,0.8795123597819168,200
BY,200,0.95,prds_block,0.3,0.05,0.006922619047619047,0.04520897374718129,0.310338155459092,0.20028031309158564,3.19,0.8795123597819168,200
BY,200,0.95,prds_block,0.3,0.1,0.019427579365079363,0.0756314117828798,0.3841884496652298,0.2219163084642112,4.075,0.8795123597819168,200
BY,200,0.95,prds_block,0.3,0.2,0.03257676555470673,0.08657133199231963,0.4698420289076249,0.23064559681722613,5.12,0.8795123597819168,200
BY,500,0.5,independent,0.0,0.01,0.00043060307595826577,0.0023806338648753042,0.3560076995019869,0.040590702128447356,89.365,0.9891063422649394,200
BY,500,0.5,independent,0.0,0.05,0.002934636920458829,0.0041107922402682205,0.6066899705920968,0.042032231006600244,152.55,0.9891063422649394,200
BY,500,0.5,independent,0.0,0.1,0.00672242566832835,0.0056961791956481825,0.7182107134235717,0.03494422954899535,181.24,0.9891063422649394,200
BY,500,0.5,independent,0.0,0.2,0.013824178390912007,0.008146921343563146,0.8168018704564963,0.02935187725392896,207.58,0.9891063422649394,200
BY,500,0.5,prds_ar1,0.5,0.01,0.000796997422553989,0.0029547623310587708,0.348054451709232,0.05379185913289826,86.91,0.9889087808587237,200
BY,500,0.5,prds_ar1,0.5,0.05,0.00315869883876809,0.004942256780530123,0.5977440957038709,0.053371448191182745,149.555,0.9889087808587237,200
BY,500,0.5,prds_ar1,0.5,0.1,0.006871965177902095,0.0069074909143121,0.7090717898929322,0.04543935934931275,178.115,0.9889087808587237,200
BY,500,0.5,prds_ar1,0.5,0.2,0.013567992285620233,0.009302011995773999,0.8111505481504016,0.03468968417029268,205.12,0.9889087808587237,200
BY,500,0.5,prds_block,0.3,0.01,0.0007848487458284003,0.0029327067299764037,0.36056220706298775,0.07139483284739509,90.325,0.9892421658894207,200
BY,500,0.5,prds_block,0.3,0.05,0.003157479065667115,0.005339807257298407,0.6049534839662298,0.06790373294220031,151.85,0.9892421658894207,200
BY,500,0.5,prds_block,0.3,0.1,0.006962700969615566,0.007563794498865199,0.7147169202881145,0.059331728445978955,180.07,0.9892421658894207,200
BY,500,0.5,prds_block,0.3,0.2,0.014404973984032367,0.01070157150189938,0.8135048193249648,0.044855649146420574,206.48,0.9892421658894207,200
BY,500,0.7,independent,0.0,0.01,0.0008834131536505244,0.004458698397632035,0.2950114504759405,0.05206646806712433,44.305,0.9755473715541056,200
BY,500,0.7,independent,0.0,0.05,0.005654966778881578,0.007911384481373634,0.5285347958753913,0.05647749123037124,79.75,0.9755473715541056,200
BY,500,0.7,independent,0.0,0.1,0.010422996497200496,0.01038012572294429,0.6406001150738738,0.053555095397949684,97.135,0.9755473715541056,200
BY,500,0.7,independent,0.0,0.2,0.021468885211298163,0.012642278293859496,0.7467496920671028,0.048565269966254876,114.495,0.9755473715541056,200
BY,500,0.7,prds_ar1,0.5,0.01,0.0013010795103791343,0.005630424523533594,0.2984694705630919,0.06282801919661245,44.745,0.9766601407821903,200
BY,500,0.7,prds_ar1,0.5,0.05,0.005034085101080864,0.007642426863429158,0.5238196813800183,0.0640918282230303,78.83,0.9766601407821903,200
BY,500,0.7,prds_ar1,0.5,0.1,0.009744139660537054,0.00967832927576099,0.6352069922879926,0.05647315675223225,96.0,0.9766601407821903,200
BY,500,0.7,prds_ar1,0.5,0.2,0.0215576470753828,0.014458993832355119,0.7478001538910515,0.048331112985978635,114.38,0.9766601407821903,200
BY,500,0.7,prds_block,0.3,0.01,0.00046943925778970705,0.0033241227673341924,0.2876206990342723,0.07720091228719525,43.725,0.977563901786059,200
BY,500,0.7,prds_block,0.3,0.05,0.004265077898767168,0.007761194454831833,0.5196831069653826,0.08006602977417018,79.31,0.977563901786059,200
BY,500,0.7,prds_block,0.3,0.1,0.008911012159438502,0.010411979697328714,0.634101362932325,0.07681833514813662,97.2,0.977563901786059,200
BY,500,0.7,prds_block,0.3,0.2,0.019553771877687712,0.015244898664729459,0.7378310002919028,0.06476867697548574,114.31,0.977563901786059,200
BY,500,0.9,independent,0.0,0.01,0.0,0.0,0.18240055296039354,0.07834001665034257,9.265,0.9315855277146023,200
BY,500,0.9,independent,0.0,0.05,0.0045230949542448395,0.01544954523556555,0.3645216029455591,0.09320005038239872,18.585,0.9315855277146023,200
BY,500,0.9,independent,0.0,0.1,0.012500837466094579,0.024074026106494693,0.4705873500175884,0.09349254985881698,24.185,0.9315855277146023,200
BY,500,0.9,independent,0.0,0.2,0.02731654014124859,0.03049004752712023,0.5826136894705818,0.09306295032330608,30.405,0.9315855277146023,200
BY,500,0.9,prds_ar1,0.5,0.01,0.0010756578947368422,0.009090534345095031,0.17775040769209002,0.07545953071318577,9.01,0.9290618882038906,200
BY,500,0.9,prds_ar1,0.5,0.05,0.007618649524684994,0.02376475344078756,0.3527561973152155,0.09562680127581072,17.985,0.9290618882038906,200
BY,500,0.9,prds_ar1,0.5,0.1,0.010894628488978349,0.022927865847201977,0.4569345902796708,0.10330469532942511,23.415,0.9290618882038906,200
BY,500,0.9,prds_ar1,0.5,0.2,0.024777799056037945,0.030418944938150564,0.5697192160698392,0.10647924591292122,29.575,0.9290618882038906,200
BY,500,0.9,prds_block,0.3,0.01,0.001086309523809524,0.008886984889401914,0.18751691700435122,0.08571847451301927,9.395,0.9303040839195209,200
BY,500,0.9,prds_block,0.3,0.05,0.005704651755849387,0.016875321712478734,0.3664585968997669,0.10962987472320312,18.495,0.9303040839195209,200
BY,500,0.9,prds_block,0.3,0.1,0.016232258754085762,0.03163785770317121,0.464411389340699,0.10735504863842815,23.635,0.9303040839195209,200
BY,500,0.9,prds_block,0.3,0.2,0.029860009476990013,0.0387676490230852,0.5777906444496366,0.1088043747892103,29.865,0.9303040839195209,200
BY,500,0.95,independent,0.0,0.01,0.001,0.01414213562373095,0.13446014348132337,0.09192923495411495,3.39,0.8871306485447435,200
BY,500,0.95,independent,0.0,0.05,0.006823343323343323,0.028605587454065867,0.2800910579710234,0.12300418176344574,7.1,0.8871306485447435,200
BY,500,0.95,independent,0.0,0.1,0.014414899642840819,0.03749117671582262,0.35831463198284397,0.12579996367850896,9.175,0.8871306485447435,200
BY,500,0.95,independent,0.0,0.2,0.02500290663069301,0.04424147740169638,0.46665447768152013,0.13029794126669034,12.105,0.8871306485447435,200
BY,500,0.95,prds_ar1,0.5,0.01,0.0034999999999999996,0.03801282513010391,0.13569000052405492,0.09101593879813653,3.44,0.8822574708042177,200
BY,500,0.95,prds_ar1,0.5,0.05,0.007873015873015872,0.035585532720181355,0.27439710025232406,0.11948192144180717,7.04,0.8822574708042177,200
BY,500,0.95,prds_ar1,0.5,0.1,0.014499750249750249,0.04437365208609303,0.3606134698606515,0.13631919325417294,9.3,0.8822574708042177,200
BY,500,0.95,prds_ar1,0.5,0.2,0.027331679757216506,0.05524402925673591,0.4542772376679619,0.13813328906276104,11.83,0.8822574708042177,200
BY,500,0.95,prds_block,0.3,0.01,0.0005555555555555556,0.00785674201318386,0.14133416254316983,0.10810808422490281,3.625,0.8899689161135491,200
BY,500,0.95,prds_block,0.3,0.05,0.005792082917082917,0.02444641160843712,0.2863808450705235,0.13376228983024407,7.31,0.8899689161135491,200
BY,500,0.95,prds_block,0.3,0.1,0.016631615825694772,0.03872559288673819,0.36489081855587885,0.1521471152432537,9.405,0.8899689161135491,200
BY,500,0.95,prds_block,0.3,0.2,0.028805842561403536,0.050646075399093396,0.4634160180786639,0.15653088286964678,12.075,0.8899689161135491,200
BY,1000,0.5,independent,0.0,0.01,0.00047253370359791406,0.0016117119694528037,0.34801329268667547,0.02838821942841232,174.35,0.9891109206395104,200
BY,1000,0.5,independent,0.0,0.05,0.00279425526296337,0.0029832872146208144,0.5965909050240291,0.02773686235180335,299.59,0.9891109206395104,200
BY,1000,0.5,independent,0.0,0.1,0.006256461165994395,0.004371804112100603,0.7043874926358203,0.02488595315954305,354.96,0.9891109206395104,200
BY,1000,0.5,independent,0.0,0.2,0.012586489570282348,0.005435834482198727,0.8059593824783714,0.021233058143622797,408.75,0.9891109206395104,200
BY,1000,0.5,prds_ar1,0.5,0.01,0.0005450142419725567,0.00187486073528792,0.3455815801397011,0.036009746217085394,172.895,0.9889143290855145,200
BY,1000,0.5,prds_ar1,0.5,0.05,0.0032091514762792204,0.003457824883652445,0.5922478616969102,0.033955098076383604,297.15,0.9889143290855145,200
BY,1000,0.5,prds_ar1,0.5,0.1,0.006237015932681568,0.004657905110853649,0.7027801560597838,0.031175396465370677,353.675,0.9889143290855145,200
BY,1000,0.5,prds_ar1,0.5,0.2,0.012874169981993948,0.006015994245663392,0.803700950786343,0.02620841114092188,407.165,0.9889143290855145,200
BY,1000,0.5,prds_block,0.3,0.01,0.0005669222428982693,0.0016723973682146133,0.34328362433121895,0.05993676495600847,172.21,0.9889001863375582,200
BY,1000,0.5,prds_block,0.3,0.05,0.0034334288891912316,0.003945274820905679,0.5876107519437601,0.06014946018150589,295.655,0.9889001863375582,200
BY,1000,0.5,prds_block,0.3,0.1,0.006694176376022982,0.005826521387592201,0.6968624650096935,0.05244567088452659,351.71,0.9889001863375582,200
BY,1000,0.5,prds_block,0.3,0.2,0.013293850452678146,0.008318363696766163,0.8006504605368305,0.04147087642621803,406.785,0.9889001863375582,200
BY,1000,0.7,independent,0.0,0.01,0.0014717646528356306,0.004356968403872208,0.28099932930730437,0.03479258000419488,84.385,0.9755297165768135,200
BY,1000,0.7,independent,0.0,0.05,0.0050796446197342885,0.005762847611083194,0.5063309488488124,0.03362608563767883,152.61,0.9755297165768135,200
BY,1000,0.7,independent,0.0,0.1,0.00991188587241061,0.007247714047266549,0.618236275497004,0.03456840951208716,187.3,0.9755297165768135,200
BY,1000,0.7,independent,0.0,0.2,0.019127314324004774,0.0094198152505559,0.7307986610019502,0.02922466338809245,223.5,0.9755297165768135,200
BY,1000,0.7,prds_ar1,0.5,0.01,0.0009544951868277319,0.0033663844926400486,0.277427751201245,0.04488980525988361,83.035,0.9761877998235242,200
BY,1000,0.7,prds_ar1,0.5,0.05,0.004093476994433319,0.005481518248691453,0.5090525626946064,0.0443612669338416,152.835,0.9761877998235242,200
BY,1000,0.7,prds_ar1,0.5,0.1,0.008854702815576033,0.007191001400690146,0.6192549520467313,0.04238426619496453,186.81,0.9761877998235242,200
BY,1000,0.7,prds_ar1,0.5,0.2,0.01842708457825945,0.009610491867131697,0.7286023729290741,0.03639782004220139,221.9,0.9761877998235242,200
BY,1000,0.7,prds_block,0.3,0.01,0.0009032007828789078,0.003205211385017933,0.2741159878510821,0.06036291795913902,81.76,0.9772004849454377,200
BY,1000,0.7,prds_block,0.3,0.05,0.004146946809632456,0.005174535903456942,0.5028623641823655,0.066759264678496,150.52,0.9772004849454377,200
BY,1000,0.7,prds_block,0.3,0.1,0.008790420889741512,0.007349754294970742,0.618333372385686,0.06163438410920613,185.98,0.9772004849454377,200
BY,1000,0.7,prds_block,0.3,0.2,0.0175559330245801,0.01135222631975835,0.7300791217486627,0.051690922889644095,221.575,0.9772004849454377,200
BY,1000,0.9,independent,0.0,0.01,0.00046536796536796537,0.004643240036885049,0.18013906824259202,0.05425878779866137,18.06,0.9322887605177044,200
BY,1000,0.9,independent,0.0,0.05,0.00519249412505328,0.012016589539296633,0.3516786808671914,0.06700421633334337,35.28,0.9322887605177044,200
BY,1000,0.9,independent,0.0,0.1,0.01073369339243213,0.014857890578345898,0.44874500000610945,0.06321920844269444,45.255,0.9322887605177044,200
BY,1000,0.9,independent,0.0,0.2,0.02311707630171175,0.01913020855364704,0.5611512111740846,0.06319449974950184,57.305,0.9322887605177044,200
BY,1000,0.9,prds_ar1,0.5,0.01,0.0013656756180733163,0.008076588483292122,0.17438244297901637,0.05620180100811184,17.255,0.9289242921651955,200
BY,1000,0.9,prds_ar1,0.5,0.05,0.008226880707401733,0.01628942314398487,0.3396352831874767,0.07277866864035555,33.895,0.9289242921651955,200
BY,1000,0.9,prds_ar1,0.5,0.1,0.015701184090671335,0.01887600041587455,0.4364259639655601,0.08091581850674928,43.925,0.9289242921651955,200
BY,1000,0.9,prds_ar1,0.5,0.2,0.02569866131785246,0.021120822890067472,0.5541844691810484,0.07217792255437094,56.28,0.9289242921651955,200
BY,1000,0.9,prds_block,0.3,0.01,0.0005963203463203463,0.005043474083535969,0.1676237300795304,0.06500442845782706,17.1,0.9321948269195972,200
BY,1000,0.9,prds_block,0.3,0.05,0.003512337743840362,0.009577401936997897,0.3472608862440584,0.08449674432424624,35.395,0.9321948269195972,200
BY,1000,0.9,prds_block,0.3,0.1,0.010779251233900531,0.016534899292632427,0.44780963589759437,0.08504892519357625,45.935,0.9321948269195972,200
BY,1000,0.9,prds_block,0.3,0.2,0.021663645346508144,0.022922106586342215,0.5538806358442424,0.08169786417783281,57.435,0.9321948269195972,200
BY,1000,0.95,independent,0.0,0.01,0.0,0.0,0.11943063747482474,0.06725211731316477,6.035,0.883906124503879,200
BY,1000,0.95,independent,0.0,0.05,0.006044234825775073,0.020545104702645162,0.26008962719017126,0.09013123151894936,13.215,0.883906124503879,200
BY,1000,0.95,independent,0.0,0.1,0.011462520272555843,0.02426480156512317,0.3519880053297559,0.09374443890894657,18.055,0.883906124503879,200
BY,1000,0.95,independent,0.0,0.2,0.02479998285115395,0.034866675813790486,0.45292866617779637,0.10047951836350835,23.51,0.883906124503879,200
BY,1000,0.95,prds_ar1,0.5,0.01,0.0020555555555555553,0.017579770421141835,0.12381245837716591,0.06415227506163598,6.24,0.8879841338652464,200
BY,1000,0.95,prds_ar1,0.5,0.05,0.006997061403172589,0.02262344355754567,0.2618391973144975,0.08606217829249167,13.3,0.8879841338652464,200
BY,1000,0.95,prds_ar1,0.5,0.1,0.011415280725521108,0.02627221080783411,0.3408386984663776,0.09003466796868681,17.385,0.8879841338652464,200
BY,1000,0.95,prds_ar1,0.5,0.2,0.02260822315053153,0.03368793443282145,0.4432428579592662,0.09106839837894393,22.925,0.8879841338652464,200
BY,1000,0.95,prds_block,0.3,0.01,0.001532999164578112,0.013272162292623459,0.12505695476008738,0.07340593852567996,6.34,0.8869517201116938,200
BY,1000,0.95,prds_block,0.3,0.05,0.0060423167261015555,0.020300894147454018,0.2488618827722651,0.09541167721152471,12.655,0.8869517201116938,200
BY,1000,0.95,prds_block,0.3,0.1,0.012566529344257331,0.026501425798175184,0.3351429322303897,0.10984747900185371,17.225,0.8869517201116938,200
BY,1000,0.95,prds_block,0.3,0.2,0.02552312596822465,0.034211587589450365,0.4426814031138857,0.11373068291010444,23.035,0.8869517201116938,200
BY,2000,0.5,independent,0.0,0.01,0.0006471502952986281,0.0013968759994834226,0.3330217470407108,0.02017697090684023,333.33,0.9888219489468856,200
BY,2000,0.5,independent,0.0,0.05,0.0028795749591961507,0.0021383455470533478,0.5779950973798323,0.02024628130022844,579.77,0.9888219489468856,200
BY,2000,0.5,independent,0.0,0.1,0.0062008279928705,0.0028604961463745263,0.6897477889091503,0.017871284230711763,694.195,0.9888219489468856,200
BY,2000,0.5,independent,0.0,0.2,0.012442364866273582,0.004099832307960677,0.7934949047673931,0.015618608530625815,803.67,0.9888219489468856,200
BY,2000,0.5,prds_ar1,0.5,0.01,0.0004928277420796451,0.0012315138362379077,0.33422434830818554,0.028886364899094606,335.0,0.9886730861946953,200
BY,2000,0.5,prds_ar1,0.5,0.05,0.0030314801610067483,0.002408466687222955,0.5759371886058857,0.027226539413797955,578.715,0.9886730861946953,200
BY,2000,0.5,prds_ar1,0.5,0.1,0.006344136441547485,0.0031621108510934874,0.6882108754543056,0.023854306565514873,693.845,0.9886730861946953,200
BY,2000,0.5,prds_ar1,0.5,0.2,0.012434949334307156,0.004169627681768578,0.7903952242953056,0.020393265657428987,801.8,0.9886730861946953,200
BY,2000,0.5,prds_block,0.3,0.01,0.0005124562024101673,0.0012644600373863486,0.32684461872255177,0.04885603178736162,326.745,0.9893489124162962,200
BY,2000,0.5,prds_block,0.3,0.05,0.0028317221718665514,0.002810313526271662,0.5746751820615401,0.0471473376112823,575.95,0.9893489124162962,200
BY,2000,0.5,prds_block,0.3,0.1,0.005753011470553094,0.0037845784608085604,0.6873985697878063,0.04173417741428697,690.965,0.9893489124162962,200
BY,2000,0.5,prds_block,0.3,0.2,0.011815839418768705,0.005946834256819213,0.791702354231428,0.034442522894508824,800.68,0.9893489124162962,200
BY,2000,0.7,independent,0.0,0.01,0.0007663316955839398,0.00204423992340109,0.26967543329065163,0.026953448724215748,162.245,0.9761297654427824,200
BY,2000,0.7,independent,0.0,0.05,0.004186470791087995,0.003818351452485171,0.4948527361938187,0.030538262448484763,298.76,0.9761297654427824,200
BY,2000,0.7,independent,0.0,0.1,0.00870559996623519,0.004894639093639085,0.6072103840115585,0.028724932133766305,368.315,0.9761297654427824,200
BY,2000,0.7,independent,0.0,0.2,0.0171476512496147,0.005866661396336012,0.7175316088262117,0.02441974319452959,438.96,0.9761297654427824,200
BY,2000,0.7,prds_ar1,0.5,0.01,0.0006380458930627526,0.0019901859812757206,0.2715651069116992,0.03064448401541751,164.09,0.9761082818704981,200
BY,2000,0.7,prds_ar1,0.5,0.05,0.004240602399182886,0.0037914792286647967,0.4975140436367101,0.0318835296416938,301.585,0.9761082818704981,200
BY,2000,0.7,prds_ar1,0.5,0.1,0.00882796305073643,0.005006076208821968,0.6079048378731706,0.02973581166332654,370.195,0.9761082818704981,200
BY,2000,0.7,prds_ar1,0.5,0.2,0.017899250487556504,0.006799357942549805,0.7196751246332144,0.026405271742123673,442.315,0.9761082818704981,200
BY,2000,0.7,prds_block,0.3,0.01,0.0007473367538276856,0.002023930027079271,0.2706551213809108,0.0452430611693249,162.63,0.9764021657751911,200
BY,2000,0.7,prds_block,0.3,0.05,0.00419072659248661,0.003838098463942053,0.49868881898438233,0.04849708006624058,300.67,0.9764021657751911,200
BY,2000,0.7,prds_block,0.3,0.1,0.008304948995565825,0.00545679353888193,0.6117116258542454,0.046299914505573234,370.33,0.9764021657751911,200
BY,2000,0.7,prds_block,0.3,0.2,0.01692216040527378,0.008214135741349481,0.7206922527018352,0.040641991658134,440.145,0.9764021657751911,200
BY,2000,0.9,independent,0.0,0.01,0.0005329457364341085,0.0037914011815147835,0.1669545705002144,0.039209015264549126,33.59,0.9303317271483671,200
BY,2000,0.9,independent,0.0,0.05,0.00492355376516826,0.00855648011270805,0.33525936711518206,0.04904443822671913,67.68,0.9303317271483671,200
BY,2000,0.9,independent,0.0,0.1,0.010622651392324236,0.01113785310576308,0.43336719424594783,0.04926246337933421,87.975,0.9303317271483671,200
BY,2000,0.9,independent,0.0,0.2,0.021219612187682167,0.013641655475094407,0.5428522272516353,0.048672729253210555,111.365,0.9303317271483671,200
BY,2000,0.9,prds_ar1,0.5,0.01,0.0010933431905034339,0.005835720971835749,0.16139852772699825,0.039838479032053266,32.12,0.9285364732232886,200
BY,2000,0.9,prds_ar1,0.5,0.05,0.004554609790103064,0.008428814296989466,0.333334580348011,0.05155597502080098,66.555,0.9285364732232886,200
BY,2000,0.9,prds_ar1,0.5,0.1,0.011121251004816281,0.011380025213461226,0.42971295960907524,0.0518769310033779,86.345,0.9285364732232886,200
BY,2000,0.9,prds_ar1,0.5,0.2,0.022269630141776173,0.015169605592113894,0.5432434146070562,0.052214376862709654,110.395,0.9285364732232886,200
BY,2000,0.9,prds_block,0.3,0.01,0.0005736858527806804,0.0036783141640000495,0.16675701673481058,0.048591159324627195,33.445,0.9304289452488403,200
BY,2000,0.9,prds_block,0.3,0.05,0.005228830614909884,0.009555860639711615,0.3376525288790163,0.06192746453708036,67.975,0.9304289452488403,200
BY,2000,0.9,prds_block,0.3,0.1,0.01152439418931236,0.012091253936395504,0.435708393950598,0.06196109573816341,88.26,0.9304289452488403,200
BY,2000,0.9,prds_block,0.3,0.2,0.022953445447937072,0.017425769221678503,0.5433909084265496,0.0606698436543488,111.45,0.9304289452488403,200
BY,2000,0.95,independent,0.0,0.01,0.0008712121212121213,0.008698496705543079,0.11269610512899225,0.040551144606587465,11.185,0.8823861909009255,200
BY,2000,0.95,independent,0.0,0.05,0.004427154387656718,0.013973547707801182,0.2498800846186368,0.061013721232388116,24.9,0.8823861909009255,200
BY,2000,0.95,independent,0.0,0.1,0.009775005029413912,0.0174087595811144,0.33111400247327194,0.06629170382321664,33.175,0.8823861909009255,200
BY,2000,0.95,independent,0.0,0.2,0.021952624963645008,0.022426936128502478,0.4307354650370088,0.0656874111611889,43.66,0.8823861909009255,200
BY,2000,0.95,prds_ar1,0.5,0.01,0.0004941176470588235,0.00501824668706211,0.1128189876593154,0.05184052958086967,11.355,0.8863281284696545,200
BY,2000,0.95,prds_ar1,0.5,0.05,0.005087152048666512,0.016341142364945584,0.24414995122650565,0.07054208505149859,24.675,0.8863281284696545,200
BY,2000,0.95,prds_ar1,0.5,0.1,0.010166819333010274,0.018450701706220624,0.3278423098625518,0.070194369448965,33.28,0.8863281284696545,200
BY,2000,0.95,prds_ar1,0.5,0.2,0.02107114489063989,0.020846326187411612,0.4321148359286166,0.07890325769620783,44.335,0.8863281284696545,200
BY,2000,0.95,prds_block,0.3,0.01,0.0007658730158730159,0.00623520607064694,0.1243765641485347,0.05281324458958142,12.45,0.8890448971918592,200
BY,2000,0.95,prds_block,0.3,0.05,0.005621825860634952,0.015321802776348793,0.25222326017360275,0.07396478933720395,25.35,0.8890448971918592,200
BY,2000,0.95,prds_block,0.3,0.1,0.010977586691449083,0.01798695437556366,0.3379930742772648,0.07488874078410304,34.05,0.8890448971918592,200
BY,2000,0.95,prds_block,0.3,0.2,0.022392005943298317,0.02376038938621203,0.43606793202308514,0.07760472363658118,44.48,0.8890448971918592,200
BY,5000,0.5,independent,0.0,0.01,0.0005383785949334617,0.0008313591409323775,0.31992449800290484,0.012173394557888533,801.355,0.9888008848819716,200
BY,5000,0.5,independent,0.0,0.05,0.002687317344186136,0.0013711297284446497,0.5601496824960368,0.01316310364521225,1406.125,0.9888008848819716,200
BY,5000,0.5,independent,0.0,0.1,0.005443039390091886,0.0018303949536691486,0.6723483254045293,0.012214893280117921,1692.465,0.9888008848819716,200
BY,5000,0.5,independent,0.0,0.2,0.01090507074749916,0.0022930974967711954,0.7770547120083025,0.010341973792737588,1966.835,0.9888008848819716,200
BY,5000,0.5,prds_ar1,0.5,0.01,0.0005179027279098619,0.000828634696852795,0.31986587045720344,0.01728388908050007,800.89,0.9887420364412938,200
BY,5000,0.5,prds_ar1,0.5,0.05,0.002673049058849918,0.0015272569538398119,0.5587899979038908,0.0171839872204948,1402.195,0.9887420364412938,200
BY,5000,0.5,prds_ar1,0.5,0.1,0.005449798867845647,0.00196761600837525,0.6712843229936978,0.01457076454227143,1689.13,0.9887420364412938,200
BY,5000,0.5,prds_ar1,0.5,0.2,0.010967970483652091,0.0026527637059368375,0.7765973596344083,0.012444382912408927,1965.035,0.9887420364412938,200
BY,5000,0.5,prds_block,0.3,0.01,0.0006104667500311417,0.0009172723692429646,0.32426190750520717,0.03170976362137666,811.545,0.9887256544931948,200
BY,5000,0.5,prds_block,0.3,0.05,0.0029763151749400995,0.0019387104476950607,0.5639426478792957,0.032821936229544824,1414.67,0.9887256544931948,200
BY,5000,0.5,prds_block,0.3,0.1,0.005813822044156548,0.002499875094107349,0.6762317401885841,0.02948986639794191,1701.11,0.9887256544931948,200
BY,5000,0.5,prds_block,0.3,0.2,0.011318930392771518,0.0036045973348859048,0.7801127997475398,0.024280391579874012,1973.325,0.9887256544931948,200
BY,5000,0.7,independent,0.0,0.01,0.0007032874819689527,0.001299710218214105,0.25745737232252813,0.01600417161774801,385.0,0.9761648913553652,200
BY,5000,0.7,independent,0.0,0.05,0.00357448496552041,0.0022161338358545925,0.478703123702655,0.016672787695087288,717.865,0.9761648913553652,200
BY,5000,0.7,independent,0.0,0.1,0.007616826799276732,0.002904016357712428,0.589863029530216,0.015612811359234799,888.15,0.9761648913553652,200
BY,5000,0.7,independent,0.0,0.2,0.014941570333917846,0.0036945753533456833,0.7019029133588784,0.013811776625930495,1064.7,0.9761648913553652,200
BY,5000,0.7,prds_ar1,0.5,0.01,0.0007205161320248743,0.0014517852057182197,0.2586616265700222,0.019120060915510658,387.485,0.9761859282734677,200
BY,5000,0.7,prds_ar1,0.5,0.05,0.003924026069984326,0.002557958262796495,0.4776462265422154,0.02190711869884418,717.725,0.9761859282734677,200
BY,5000,0.7,prds_ar1,0.5,0.1,0.007672756393600062,0.0030423823988400215,0.5889798820312467,0.021140335818242064,888.335,0.9761859282734677,200
BY,5000,0.7,prds_ar1,0.5,0.2,0.015510622159032586,0.004495177807177994,0.7027277832679529,0.017692562307025848,1068.31,0.9761859282734677,200
BY,5000,0.7,prds_block,0.3,0.01,0.0006782530779194528,0.0014555181073820835,0.25746305081218657,0.032323081864004614,387.75,0.9764247602905044,200
BY,5000,0.7,prds_block,0.3,0.05,0.0038924709964723346,0.002726057571492089,0.47823049651856636,0.034573642380524613,722.465,0.9764247602905044,200
BY,5000,0.7,prds_block,0.3,0.1,0.007786011982164417,0.004038906502541529,0.590580552308815,0.033349015187340965,895.71,0.9764247602905044,200
BY,5000,0.7,prds_block,0.3,0.2,0.01510625949534087,0.0058818848494495025,0.7024019641157321,0.029804437282743432,1073.23,0.9764247602905044,200
BY,5000,0.9,independent,0.0,0.01,0.0007842233780299057,0.0030239011422389757,0.15604864611781855,0.023272408972953497,77.96,0.9295515426165356,200
BY,5000,0.9,independent,0.0,0.05,0.004751205019180439,0.005439017497392879,0.3202638587207714,0.02847945016559771,160.57,0.9295515426165356,200
BY,5000,0.9,independent,0.0,0.1,0.009992156335061923,0.006477124854312806,0.4177140174404616,0.03230410889502144,210.475,0.9295515426165356,200
BY,5000,0.9,independent,0.0,0.2,0.019019496747077848,0.0078019355824852825,0.5258674376648671,0.03187602765553525,267.39,0.9295515426165356,200
BY,5000,0.9,prds_ar1,0.5,0.01,0.0011009105186709938,0.0037327372516627456,0.15300163117417892,0.026467539950806872,76.525,0.9294420797618885,200
BY,5000,0.9,prds_ar1,0.5,0.05,0.005072757946750144,0.005888421907252194,0.31752480713944464,0.0316966263274116,159.44,0.9294420797618885,200
BY,5000,0.9,prds_ar1,0.5,0.1,0.00995063486114837,0.007484699048139396,0.41619953744279414,0.032139998640289734,210.0,0.9294420797618885,200
BY,5000,0.9,prds_ar1,0.5,0.2,0.01971385462947523,0.009195606268786767,0.5244383402478462,0.030187221110661085,267.275,0.9294420797618885,200
BY,5000,0.9,prds_block,0.3,0.01,0.0011531293492365226,0.0035289831413736423,0.1574197314887631,0.03428143887295175,79.25,0.9318909502612499,200
BY,5000,0.9,prds_block,0.3,0.05,0.004822574499665463,0.006127694515331213,0.3234158129038132,0.044813182595804975,163.37,0.9318909502612499,200
BY,5000,0.9,prds_block,0.3,0.1,0.01002395878951357,0.007845127668631116,0.4189705491843946,0.04660529050692956,212.775,0.9318909502612499,200
BY,5000,0.9,prds_block,0.3,0.2,0.01920959700955701,0.010101786069643758,0.5283017547369859,0.04692929098230333,270.78,0.9318909502612499,200
BY,5000,0.95,independent,0.0,0.01,0.0009301967784436227,0.005878229287098883,0.10822770753067072,0.027971374376453598,27.195,0.882234303104972,200
BY,5000,0.95,independent,0.0,0.05,0.004498530715707635,0.00862339293378235,0.23699750868752517,0.03706194323282703,59.81,0.882234303104972,200
BY,5000,0.95,independent,0.0,0.1,0.010786709805505048,0.011474096826384724,0.31709847181836365,0.04026617057145033,80.515,0.882234303104972,200
BY,5000,0.95,independent,0.0,0.2,0.02136032875751457,0.013318476895516466,0.4172314509194729,0.045701074794661206,107.065,0.882234303104972,200
BY,5000,0.95,prds_ar1,0.5,0.01,0.001553667160844271,0.007444032161949786,0.10982813963496507,0.03097440260646442,27.295,0.8823896804913951,200
BY,5000,0.95,prds_ar1,0.5,0.05,0.005762173677886767,0.010050193949474066,0.23815530932611792,0.03872924902478626,59.415,0.8823896804913951,200
BY,5000,0.95,prds_ar1,0.5,0.1,0.011106273310370634,0.011443179979648945,0.31819375553913687,0.04339998875119525,79.865,0.8823896804913951,200
BY,5000,0.95,prds_ar1,0.5,0.2,0.021293017001406973,0.014850644741243722,0.4166713430682432,0.044993489765479386,105.645,0.8823896804913951,200
BY,5000,0.95,prds_block,0.3,0.01,0.0003774509803921568,0.004317483180470057,0.10840972639988157,0.037573377120583784,27.35,0.886294868001207,200
BY,5000,0.95,prds_block,0.3,0.05,0.004006065831326638,0.008134664888628424,0.23913911993597314,0.05149143476241838,60.435,0.886294868001207,200
BY,5000,0.95,prds_block,0.3,0.1,0.010537462316064441,0.013391662297837408,0.3227940536372023,0.055000615912653976,82.075,0.886294868001207,200
BY,5000,0.95,prds_block,0.3,0.2,0.020990976938348567,0.017834697410580212,0.4183283067676444,0.05601191752234087,107.535,0.886294868001207,200
Group-BH,200,0.5,independent,0.0,0.01,0.004961354681962701,0.007800248364869906,0.6660751203535549,0.05884339154647897,67.16,0.9892544745210473,200
Group-BH,200,0.5,independent,0.0,0.05,0.027572920228708022,0.01598223785052751,0.8863848263097861,0.038900741981602704,91.425,0.9892544745210473,200
Group-BH,200,0.5,independent,0.0,0.1,0.050166823036614856,0.02019352136232415,0.945656836820356,0.024327658763879143,99.855,0.9892544745210473,200
Group-BH,200,0.5,independent,0.0,0.2,0.10088133765683302,0.02859621416497162,0.982046505537816,0.014442223932962697,109.575,0.9892544745210473,200
Group-BH,200,0.5,prds_ar1,0.5,0.01,0.004209270271711983,0.008075886518124119,0.6533423542245214,0.0731251807725031,65.885,0.988771029118429,200
Group-BH,200,0.5,prds_ar1,0.5,0.05,0.025770367540525467,0.019700996545184386,0.8804409433009333,0.046555287356783395,90.725,0.988771029118429,200
Group-BH,200,0.5,prds_ar1,0.5,0.1,0.05288485156756938,0.025925078094005464,0.9422510034402106,0.03155186956301457,99.86,0.988771029118429,200
Group-BH,200,0.5,prds_ar1,0.5,0.2,0.10352675563162307,0.03387980168529887,0.978772583585981,0.01765620830743338,109.585,0.988771029118429,200
Group-BH,200,0.5,prds_block,0.3,0.01,0.005622928940007005,0.009889763128802975,0.6545203343749152,0.08376119246455986,65.865,0.9894291054405694,200
Group-BH,200,0.5,prds_block,0.3,0.05,0.027073739371996718,0.020537802112502262,0.877512405037912,0.05033656432281881,90.265,0.9894291054405694,200
Group-BH,200,0.5,prds_block,0.3,0.1,0.0509869084867781,0.029678924513968363,0.941289141030824,0.0316969052680097,99.275,0.9894291054405694,200
Group-BH,200,0.5,prds_block,0.3,0.2,0.10317130725244972,0.040053064842493394,0.9787129922259374,0.01862990313810511,109.285,0.9894291054405694,200
Group-BH,200,0.7,independent,0.0,0.01,0.006826475660617659,0.015055716172614168,0.5859147298783225,0.07539330695195463,35.83,0.9765448210476948,200
Group-BH,200,0.7,independent,0.0,0.05,0.03628017460800714,0.02731756671225564,0.821275375619397,0.05713162212285392,51.715,0.9765448210476948,200
Group-BH,200,0.7,independent,0.0,0.1,0.07261897629209102,0.038204032974148865,0.9037428674506157,0.04156162164675707,59.12,0.9765448210476948,200
Group-BH,200,0.7,independent,0.0,0.2,0.14362072257698405,0.04839868411259457,0.9601837371625096,0.025468408784829494,68.075,0.9765448210476948,200
Group-BH,200,0.7,prds_ar1,0.5,0.01,0.0077703603151214485,0.01598559140346947,0.5894674973783371,0.09774599890685297,35.94,0.9769831487750962,200
Group-BH,200,0.7,prds_ar1,0.5,0.05,0.033524845143178744,0.027358024623129133,0.8245823961086167,0.06881700274295195,51.565,0.9769831487750962,200
Group-BH,200,0.7,prds_ar1,0.5,0.1,0.06797756912726059,0.040551687699360114,0.9006632583853724,0.0499795871682269,58.45,0.9769831487750962,200
Group-BH,200,0.7,prds_ar1,0.5,0.2,0.14335798303418731,0.05187704996539193,0.9566673704050561,0.03200523958715123,67.61,0.9769831487750962,200
Group-BH,200,0.7,prds_block,0.3,0.01,0.009838474314426207,0.016777435588446257,0.5683278323256292,0.10848310495582589,34.215,0.9746541744045558,200
Group-BH,200,0.7,prds_block,0.3,0.05,0.03981561335458298,0.03555708816927194,0.810071975574794,0.08095502554601715,50.195,0.9746541744045558,200
Group-BH,200,0.7,prds_block,0.3,0.1,0.07452662763647512,0.04669655345761067,0.8873106519077743,0.05895519794809303,57.05,0.9746541744045558,200
Group-BH,200,0.7,prds_block,0.3,0.2,0.1495951069792562,0.060336064087178204,0.9480221563182993,0.040242214599079736,66.42,0.9746541744045558,200
Group-BH,200,0.9,independent,0.0,0.01,0.017321675765754715,0.04311512569847547,0.4541625121832723,0.1305596417115921,9.35,0.9283031059145571,200
Group-BH,200,0.9,independent,0.0,0.05,0.06137307309756495,0.06696673857393907,0.6891419054024501,0.12809633398325876,14.8,0.9283031059145571,200
Group-BH,200,0.9,independent,0.0,0.1,0.11435752176406387,0.08045709655470504,0.7908597274027263,0.10306904251379634,18.005,0.9283031059145571,200
Group-BH,200,0.9,independent,0.0,0.2,0.20704765927125954,0.09423535619435447,0.8791504236178023,0.08759006719042135,22.49,0.9283031059145571,200
Group-BH,200,0.9,prds_ar1,0.5,0.01,0.011406502703522827,0.03419064353939538,0.4524063949434847,0.15072516593163085,9.515,0.9323301549155752,200
Group-BH,200,0.9,prds_ar1,0.5,0.05,0.05938309604451077,0.07549017658467858,0.6858272891138302,0.1343374749289575,15.085,0.9323301549155752,200
Group-BH,200,0.9,prds_ar1,0.5,0.1,0.11818842085764848,0.0861492966590812,0.784500092438489,0.11636782968993382,18.46,0.9323301549155752,200
Group-BH,200,0.9,prds_ar1,0.5,0.2,0.2269851635525736,0.11179901411655095,0.8801358534495233,0.08876884183744932,23.705,0.9323301549155752,200
Group-BH,200,0.9,prds_block,0.3,0.01,0.015059351896813195,0.03718163237614658,0.44067000581888727,0.15558252144621212,9.195,0.9360902616789931,200
Group-BH,200,0.9,prds_block,0.3,0.05,0.051001911358219576,0.06261351403396251,0.6809941122221663,0.14450056699904387,14.78,0.9360902616789931,200
Group-BH,200,0.9,prds_block,0.3,0.1,0.1106586136714001,0.09202699146565523,0.7843472953915273,0.11858409087122898,18.265,0.9360902616789931,200
Group-BH,200,0.9,prds_block,0.3,0.2,0.21975227560196012,0.13276898815588004,0.8747536201085079,0.09364997030219127,23.575,0.9360902616789931,200
Group-BH,200,0.95,independent,0.0,0.01,0.013325091575091574,0.05209643914196298,0.4177787873890815,0.18106988300771149,4.37,0.8932370436207694,200
Group-BH,200,0.95,independent,0.0,0.05,0.08219814396130186,0.10403083172630447,0.6330746667548138,0.1796825376966584,7.25,0.8932370436207694,200
Group-BH,200,0.95,independent,0.0,0.1,0.14980232675820912,0.12155683579349956,0.7352943747429042,0.15891373826085822,9.145,0.8932370436207694,200
Group-BH,200,0.95,independent,0.0,0.2,0.24939172483918917,0.13270892192920772,0.842823554305172,0.13215518579955673,11.985,0.8932370436207694,200
Group-BH,200,0.95,prds_ar1,0.5,0.01,0.01696031746031746,0.0608785535963872,0.393960416948033,0.17389725786295349,4.205,0.8853685514315996,200
Group-BH,200,0.95,prds_ar1,0.5,0.05,0.08984783598754188,0.1240199021374626,0.6136614361515678,0.18812770648664995,7.175,0.8853685514315996,200
Group-BH,200,0.95,prds_ar1,0.5,0.1,0.15141497513923985,0.1505030756351168,0.707430732193503,0.18056494220729413,8.98,0.8853685514315996,200
Group-BH,200,0.95,prds_ar1,0.5,0.2,0.28290875419300343,0.1679485612442034,0.8214731724673675,0.1443410861195864,12.53,0.8853685514315996,200
Group-BH,200,0.95,prds_block,0.3,0.01,0.02198511904761905,0.0819335804739387,0.37864509361897136,0.1946836101786227,3.96,0.8795123597819168,200
Group-BH,200,0.95,prds_block,0.3,0.05,0.09150166010460127,0.13554270676071115,0.5946257577346974,0.19749299093016706,6.735,0.8795123597819168,200
Group-BH,200,0.95,prds_block,0.3,0.1,0.16876166415956426,0.1664665787450939,0.7008612881356688,0.1785080247261153,8.745,0.8795123597819168,200
Group-BH,200,0.95,prds_block,0.3,0.2,0.2902194374865319,0.20801262327643216,0.8022147006545226,0.16368257235537376,12.445,0.8795123597819168,200
Group-BH,500,0.5,independent,0.0,0.01,0.004397558014186199,0.00461601433538605,0.6584754009244971,0.0394227114867164,165.795,0.9891063422649394,200
Group-BH,500,0.5,independent,0.0,0.05,0.024140560790299782,0.011010874575529626,0.8790385704822328,0.026106150050883507,225.75,0.9891063422649394,200
Group-BH,500,0.5,independent,0.0,0.1,0.04869196693100679,0.015338137543721455,0.9421221725840532,0.01694064384614888,248.175,0.9891063422649394,200
Group-BH,500,0.5,independent,0.0,0.2,0.09975481234943134,0.01830271125225316,0.9795320829008005,0.009958212493934807,272.66,0.9891063422649394,200
Group-BH,500,0.5,prds_ar1,0.5,0.01,0.0045299575471071185,0.005663394257612356,0.648133298320263,0.049784516730693514,162.405,0.9889087808587237,200
Group-BH,500,0.5,prds_ar1,0.5,0.05,0.0241100095250061,0.012394846376754141,0.8769253422071697,0.028271202255985887,224.14,0.9889087808587237,200
Group-BH,500,0.5,prds_ar1,0.5,0.1,0.04925126961558707,0.01667487087708487,0.9394189950916619,0.01959554637456629,246.49,0.9889087808587237,200
Group-BH,500,0.5,prds_ar1,0.5,0.2,0.09791098101044604,0.02253371453283152,0.9786984761545738,0.010992037451267544,270.675,0.9889087808587237,200
Group-BH,500,0.5,prds_block,0.3,0.01,0.004732215791384521,0.006716716605777959,0.65329450401332,0.06547793101340259,164.245,0.9892421658894207,200
Group-BH,500,0.5,prds_block,0.3,0.05,0.02536915618239766,0.014281772533618814,0.8767834892474311,0.03635854336466813,225.015,0.9892421658894207,200
Group-BH,500,0.5,prds_block,0.3,0.1,0.04981356325544974,0.0200353815114219,0.941052927257831,0.02404428272013303,247.77,0.9892421658894207,200
Group-BH,500,0.5,prds_block,0.3,0.2,0.09832383347008398,0.027870726175950253,0.9785581037605747,0.013145264493872795,271.55,0.9892421658894207,200
Group-BH,500,0.7,independent,0.0,0.01,0.007244356713033912,0.008488543197935133,0.5835184015135898,0.05484846285405185,88.175,0.9755473715541056,200
Group-BH,500,0.7,independent,0.0,0.05,0.03649215250829976,0.016612221082996557,0.8217108912584294,0.03821577485836821,127.965,0.9755473715541056,200
Group-BH,500,0.7,independent,0.0,0.1,0.07150679531785187,0.021926190215833023,0.9032014700761678,0.025445543296680466,145.935,0.9755473715541056,200
Group-BH,500,0.7,independent,0.0,0.2,0.1430967703077939,0.03035969746776272,0.9591223506944762,0.016784109847115567,167.94,0.9755473715541056,200
Group-BH,500,0.7,prds_ar1,0.5,0.01,0.0065580899351724495,0.00834488944694884,0.5755177723329161,0.0611155433870853,86.73,0.9766601407821903,200
Group-BH,500,0.7,prds_ar1,0.5,0.05,0.03649961263230245,0.01970677333584268,0.8231151717970476,0.042443100542117786,127.865,0.9766601407821903,200
Group-BH,500,0.7,prds_ar1,0.5,0.1,0.06906920901006987,0.02449845594786335,0.9032203865317401,0.032018823559032794,145.195,0.9766601407821903,200
Group-BH,500,0.7,prds_ar1,0.5,0.2,0.1413071645354445,0.034790749644047644,0.9611616338216362,0.019458279256949047,167.565,0.9766601407821903,200
Group-BH,500,0.7,prds_block,0.3,0.01,0.006593166450436758,0.009537353891105356,0.5723644589186552,0.07981208806294016,87.545,0.977563901786059,200
Group-BH,500,0.7,prds_block,0.3,0.05,0.03522724084127648,0.020864644415873945,0.8127817406592187,0.056012116034725105,127.945,0.977563901786059,200
Group-BH,500,0.7,prds_block,0.3,0.1,0.06749134802516171,0.029314258746278587,0.8976258062140492,0.03773173920613068,146.24,0.977563901786059,200
Group-BH,500,0.7,prds_block,0.3,0.2,0.13673119770208567,0.04193511402612793,0.9552154556435869,0.021917458096297016,168.19,0.977563901786059,200
Group-BH,500,0.9,independent,0.0,0.01,0.009193023288059073,0.021788640960254325,0.4298204324319183,0.09104104521783384,21.985,0.9315855277146023,200
Group-BH,500,0.9,independent,0.0,0.05,0.050847324000895665,0.03488943485082625,0.6812023044139367,0.08011066192195364,36.395,0.9315855277146023,200
Group-BH,500,0.9,independent,0.0,0.1,0.09608053834609259,0.045184455288751355,0.7892130550052172,0.06478425333866801,44.29,0.9315855277146023,200
Group-BH,500,0.9,independent,0.0,0.2,0.19050080434900923,0.056764914620606406,0.8806767665028756,0.05296063043544639,55.255,0.9315855277146023,200
Group-BH,500,0.9,prds_ar1,0.5,0.01,0.011046912983671749,0.02474336008679028,0.41582478949953633,0.09386021940996514,21.315,0.9290618882038906,200
Group-BH,500,0.9,prds_ar1,0.5,0.05,0.04793405443082665,0.038189583512633365,0.6624301777838858,0.08611708007760437,35.195,0.9290618882038906,200
Group-BH,500,0.9,prds_ar1,0.5,0.1,0.0967675070930407,0.05159111585099464,0.7725828702882421,0.07508379331773062,43.31,0.9290618882038906,200
Group-BH,500,0.9,prds_ar1,0.5,0.2,0.1911235746855219,0.0644360239249744,0.8690121205772496,0.057465732505118286,54.53,0.9290618882038906,200
Group-BH,500,0.9,prds_block,0.3,0.01,0.012534081058073942,0.02553203457335856,0.4237343860775612,0.10488665729876483,21.51,0.9303040839195209,200
Group-BH,500,0.9,prds_block,0.3,0.05,0.05518938739785371,0.051044552113258555,0.6743852750203374,0.09742478196573588,35.78,0.9303040839195209,200
Group-BH,500,0.9,prds_block,0.3,0.1,0.10355976710032522,0.06762725224755214,0.7775301722697604,0.07962615027765174,43.595,0.9303040839195209,200
Group-BH,500,0.9,prds_block,0.3,0.2,0.20542361425698782,0.09393796389119351,0.875475762517968,0.06606349902291454,55.745,0.9303040839195209,200
Group-BH,500,0.95,independent,0.0,0.01,0.017601807914307915,0.04423341810357127,0.34920285959293307,0.11279026431229938,8.935,0.8871306485447435,200
Group-BH,500,0.95,independent,0.0,0.05,0.04933547363419579,0.05630230247304847,0.5805454648689935,0.12103115578270596,15.355,0.8871306485447435,200
Group-BH,500,0.95,independent,0.0,0.1,0.10864512968894768,0.07039627445622874,0.6920245146881783,0.11030283841069881,19.53,0.8871306485447435,200
Group-BH,500,0.95,independent,0.0,0.2,0.2259646640483337,0.0898797282702198,0.8031159380374696,0.09900443917049202,26.255,0.8871306485447435,200
Group-BH,500,0.95,prds_ar1,0.5,0.01,0.015052655677655678,0.045877923444397326,0.3435281392003371,0.114813156257719,8.795,0.8822574708042177,200
Group-BH,500,0.95,prds_ar1,0.5,0.05,0.05997587186579143,0.06979748995624685,0.5736120079152971,0.1298953327665647,15.41,0.8822574708042177,200
Group-BH,500,0.95,prds_ar1,0.5,0.1,0.11038601939190043,0.09236790098985742,0.6751384766388456,0.12779554057679168,19.23,0.8822574708042177,200
Group-BH,500,0.95,prds_ar1,0.5,0.2,0.22408230624190778,0.11338825982154827,0.788012670190757,0.10611013820953684,25.935,0.8822574708042177,200
Group-BH,500,0.95,prds_block,0.3,0.01,0.018006525638104585,0.05296633455588241,0.3529197127193223,0.1339397503744947,9.075,0.8899689161135491,200
Group-BH,500,0.95,prds_block,0.3,0.05,0.061927313792636156,0.07264473938397609,0.5722280590848255,0.14280792220108945,15.49,0.8899689161135491,200
Group-BH,500,0.95,prds_block,0.3,0.1,0.11900454320543463,0.09396217887457496,0.6854133922857163,0.13547267361219484,19.8,0.8899689161135491,200
Group-BH,500,0.95,prds_block,0.3,0.2,0.22755146802924933,0.12231852018909545,0.7936835860802021,0.11115791945701768,26.635,0.8899689161135491,200
Group-BH,1000,0.5,independent,0.0,0.01,0.004573305797879811,0.0037720377427063797,0.6602011136132638,0.02503142656326574,332.125,0.9891109206395104,200
Group-BH,1000,0.5,independent,0.0,0.05,0.024451272668129492,0.0071982347187808824,0.882230449946114,0.01623423489520686,452.885,0.9891109206395104,200
Group-BH,1000,0.5,independent,0.0,0.1,0.04974306972998977,0.009205075628290392,0.9429700701584303,0.011285784622551857,496.93,0.9891109206395104,200
Group-BH,1000,0.5,independent,0.0,0.2,0.1000410837675147,0.012573618657178239,0.9808734295099376,0.00624655311860642,545.81,0.9891109206395104,200
Group-BH,1000,0.5,prds_ar1,0.5,0.01,0.004861122231201408,0.004089987790982519,0.6576606113768255,0.031351351832241185,330.515,0.9889143290855145,200
Group-BH,1000,0.5,prds_ar1,0.5,0.05,0.024840921560384956,0.008415941227680556,0.88033782192472,0.019815477407494935,451.475,0.9889143290855145,200
Group-BH,1000,0.5,prds_ar1,0.5,0.1,0.050155974645934666,0.011539192215037592,0.9416387684003185,0.01340172529660282,495.77,0.9889143290855145,200
Group-BH,1000,0.5,prds_ar1,0.5,0.2,0.09905551533520615,0.016959694422856702,0.979673293217131,0.007555762047379166,543.86,0.9889143290855145,200
Group-BH,1000,0.5,prds_block,0.3,0.01,0.005341619410440241,0.0048445329852378986,0.6496086422485248,0.05595692775039854,327.43,0.9889001863375582,200
Group-BH,1000,0.5,prds_block,0.3,0.05,0.025552257041741275,0.011130636558540907,0.8762994839440934,0.0308144601290945,450.795,0.9889001863375582,200
Group-BH,1000,0.5,prds_block,0.3,0.1,0.049975610721385025,0.015987615248963843,0.9404997395080053,0.01916083966568674,496.31,0.9889001863375582,200
Group-BH,1000,0.5,prds_block,0.3,0.2,0.09930682874139048,0.02331973056043098,0.9786714594433245,0.00932181146841728,544.88,0.9889001863375582,200
Group-BH,1000,0.7,independent,0.0,0.01,0.007692873124035968,0.006908153058582733,0.5744259385392477,0.03335981063381522,173.625,0.9755297165768135,200
Group-BH,1000,0.7,independent,0.0,0.05,0.035362428627782445,0.012002168333738454,0.823106785024289,0.026032029891559498,255.965,0.9755297165768135,200
Group-BH,1000,0.7,independent,0.0,0.1,0.07113636443971581,0.015001748972328794,0.9034698513837793,0.018561949612585556,291.755,0.9755297165768135,200
Group-BH,1000,0.7,independent,0.0,0.2,0.14184596410290232,0.01918532890857351,0.9598850571267223,0.011339133603303344,335.495,0.9755297165768135,200
Group-BH,1000,0.7,prds_ar1,0.5,0.01,0.006713847202354532,0.00629569776169956,0.5757406639078956,0.04390869601734817,173.295,0.9761877998235242,200
Group-BH,1000,0.7,prds_ar1,0.5,0.05,0.03440733055418563,0.012381243668873495,0.8208073748975105,0.02785549355838821,254.08,0.9761877998235242,200
Group-BH,1000,0.7,prds_ar1,0.5,0.1,0.0694309597403817,0.01728346500901896,0.902166645113178,0.020943668714035073,289.85,0.9761877998235242,200
Group-BH,1000,0.7,prds_ar1,0.5,0.2,0.1394678673822567,0.024616908274790746,0.9584690982130532,0.013368653113167872,333.125,0.9761877998235242,200
Group-BH,1000,0.7,prds_block,0.3,0.01,0.007055766617282585,0.006630375903288756,0.569868699806812,0.062018036499058356,171.105,0.9772004849454377,200
Group-BH,1000,0.7,prds_block,0.3,0.05,0.03412547723469528,0.016604001597093233,0.8183118263144864,0.04099554080075814,252.675,0.9772004849454377,200
Group-BH,1000,0.7,prds_block,0.3,0.1,0.06877591680600306,0.025137693044884772,0.9007564210719506,0.02858270078523644,288.57,0.9772004849454377,200
Group-BH,1000,0.7,prds_block,0.3,0.2,0.1395250206576739,0.037732034410465076,0.9581406915398545,0.018611435190369487,332.475,0.9772004849454377,200
Group-BH,1000,0.9,independent,0.0,0.01,0.008717709120261768,0.014836740659122136,0.4154702382116028,0.0649797788364738,41.84,0.9322887605177044,200
Group-BH,1000,0.9,independent,0.0,0.05,0.044232978056348744,0.027415938190767722,0.6707083334602928,0.055540608826594874,70.015,0.9322887605177044,200
Group-BH,1000,0.9,independent,0.0,0.1,0.08917044192905069,0.03287112726113735,0.7782310460267642,0.04902189392438158,85.23,0.9322887605177044,200
Group-BH,1000,0.9,independent,0.0,0.2,0.1806443782426445,0.042088718736907116,0.8786241496702111,0.03878267396485119,107.065,0.9322887605177044,200
Group-BH,1000,0.9,prds_ar1,0.5,0.01,0.012607746569094072,0.017994982715344086,0.4052344233790188,0.074105584988671,40.62,0.9289242921651955,200
Group-BH,1000,0.9,prds_ar1,0.5,0.05,0.04730296843788939,0.026846875557578455,0.6631093934495893,0.06247160587708659,68.83,0.9289242921651955,200
Group-BH,1000,0.9,prds_ar1,0.5,0.1,0.09374695898707358,0.036511752584495384,0.7763232831431648,0.05163491433987873,84.695,0.9289242921651955,200
Group-BH,1000,0.9,prds_ar1,0.5,0.2,0.1871158768578579,0.04769039027874313,0.8776931040518725,0.03963440835228672,106.9,0.9289242921651955,200
Group-BH,1000,0.9,prds_block,0.3,0.01,0.0095432773743875,0.016705173830778543,0.4142625689729471,0.08357975078400429,42.43,0.9321948269195972,200
Group-BH,1000,0.9,prds_block,0.3,0.05,0.04668799021999082,0.033654067843658694,0.6624320362617057,0.07436308811010169,70.54,0.9321948269195972,200
Group-BH,1000,0.9,prds_block,0.3,0.1,0.09534470670334957,0.04784079999329188,0.7751909934768406,0.06141695438705928,87.04,0.9321948269195972,200
Group-BH,1000,0.9,prds_block,0.3,0.2,0.19364360472735714,0.06989776453572553,0.8726945374060682,0.04694810994630849,110.525,0.9321948269195972,200
Group-BH,1000,0.95,independent,0.0,0.01,0.01173718178611212,0.02559809779842435,0.3287434898727352,0.08909182136213165,16.82,0.883906124503879,200
Group-BH,1000,0.95,independent,0.0,0.05,0.05047824175137103,0.042491282292088386,0.5638141875850105,0.09868178354604552,30.1,0.883906124503879,200
Group-BH,1000,0.95,independent,0.0,0.1,0.10026348085388065,0.054451630520679424,0.6782662123003793,0.08806898177707402,38.29,0.883906124503879,200
Group-BH,1000,0.95,independent,0.0,0.2,0.2029289704233714,0.06437346935548958,0.7937429304059128,0.07265559479129294,50.555,0.883906124503879,200
Group-BH,1000,0.95,prds_ar1,0.5,0.01,0.009259654437113173,0.023042340189444562,0.3237381339013353,0.08332160725349969,16.45,0.8879841338652464,200
Group-BH,1000,0.95,prds_ar1,0.5,0.05,0.047593577903551496,0.04391649563945364,0.5637737465586823,0.09039494682240681,29.91,0.8879841338652464,200
Group-BH,1000,0.95,prds_ar1,0.5,0.1,0.09506198372027948,0.056892754795517204,0.6753706379365115,0.07992356052527468,37.785,0.8879841338652464,200
Group-BH,1000,0.95,prds_ar1,0.5,0.2,0.1962533115945615,0.07526774276864968,0.7889737150947669,0.07519226407236995,49.88,0.8879841338652464,200
Group-BH,1000,0.95,prds_block,0.3,0.01,0.012875385823005413,0.02751147536046406,0.3203497851882584,0.09495966308371995,16.375,0.8869517201116938,200
Group-BH,1000,0.95,prds_block,0.3,0.05,0.05765520733519239,0.052772888282680376,0.5591389945560602,0.10353894471595204,30.07,0.8869517201116938,200
Group-BH,1000,0.95,prds_block,0.3,0.1,0.10819843686591551,0.06944882517480334,0.6777762008271773,0.09652267641063772,38.595,0.8869517201116938,200
Group-BH,1000,0.95,prds_block,0.3,0.2,0.2157514529897891,0.09577832834219523,0.7911971415653736,0.08386048597496717,51.665,0.8869517201116938,200
Group-BH,2000,0.5,independent,0.0,0.01,0.005060932363651915,0.002583613988637643,0.6582500044395388,0.019144050485055592,661.73,0.9888219489468856,200
Group-BH,2000,0.5,independent,0.0,0.05,0.024998840602336574,0.005051309166222107,0.8811150684927379,0.011783324783843672,903.915,0.9888219489468856,200
Group-BH,2000,0.5,independent,0.0,0.1,0.04934148534638352,0.006765643566077041,0.9430794322152819,0.007568207213594004,992.225,0.9888219489468856,200
Group-BH,2000,0.5,independent,0.0,0.2,0.10032276077121374,0.009207624014479696,0.9806300147986362,0.004474208986396307,1090.22,0.9888219489468856,200
Group-BH,2000,0.5,prds_ar1,0.5,0.01,0.0051172982162132055,0.0029190885469149164,0.6575537824465633,0.024451596663171527,662.115,0.9886730861946953,200
Group-BH,2000,0.5,prds_ar1,0.5,0.05,0.024990242725868736,0.005508500956573798,0.880335427684944,0.014200039310946011,904.515,0.9886730861946953,200
Group-BH,2000,0.5,prds_ar1,0.5,0.1,0.0493133137937939,0.007377024677011228,0.9415951565375731,0.009187440508779931,992.215,0.9886730861946953,200
Group-BH,2000,0.5,prds_ar1,0.5,0.2,0.09926546437076819,0.010117052697246368,0.9799599947753169,0.004852382437792132,1089.92,0.9886730861946953,200
Group-BH,2000,0.5,prds_block,0.3,0.01,0.004811391527219183,0.003598288605249376,0.6548021003281741,0.04340236301711443,657.58,0.9893489124162962,200
Group-BH,2000,0.5,prds_block,0.3,0.05,0.02402786598248112,0.008536380198125183,0.879297865685333,0.02421703708856294,900.465,0.9893489124162962,200
Group-BH,2000,0.5,prds_block,0.3,0.1,0.048502590177502566,0.01266297920956501,0.9423081174835953,0.015009214017948249,989.875,0.9893489124162962,200
Group-BH,2000,0.5,prds_block,0.3,0.2,0.09849484314880082,0.01884872665047756,0.9803058657575795,0.007520291761422739,1087.07,0.9893489124162962,200
Group-BH,2000,0.7,independent,0.0,0.01,0.007330333758602402,0.004615652058045352,0.5757434704841198,0.028793353405930786,348.725,0.9761297654427824,200
Group-BH,2000,0.7,independent,0.0,0.05,0.03479717946059273,0.007498261578951631,0.8223313862072987,0.018425855601916813,512.205,0.9761297654427824,200
Group-BH,2000,0.7,independent,0.0,0.1,0.06891974604989844,0.01004459739574111,0.9035479217949495,0.014205035809562292,583.405,0.9761297654427824,200
Group-BH,2000,0.7,independent,0.0,0.2,0.13825445885360937,0.014318603901635535,0.9605628599710875,0.00890003125793384,670.17,0.9761297654427824,200
Group-BH,2000,0.7,prds_ar1,0.5,0.01,0.00700498942638866,0.004767244756829682,0.5776418562935305,0.030185406483986904,351.125,0.9761082818704981,200
Group-BH,2000,0.7,prds_ar1,0.5,0.05,0.035032842787925206,0.009157583208171453,0.8232494109788395,0.021118345383627696,514.98,0.9761082818704981,200
Group-BH,2000,0.7,prds_ar1,0.5,0.1,0.0701446385795658,0.01306207647987299,0.9039637848001142,0.014925662985646343,586.85,0.9761082818704981,200
Group-BH,2000,0.7,prds_ar1,0.5,0.2,0.14020951110977312,0.017245646917959757,0.960585900985022,0.009517555585880633,674.535,0.9761082818704981,200
Group-BH,2000,0.7,prds_block,0.3,0.01,0.00703787165001488,0.004953047694189748,0.578615183290955,0.046676389351917896,349.855,0.9764021657751911,200
Group-BH,2000,0.7,prds_block,0.3,0.05,0.035415023885601984,0.012868206396617165,0.8207237553198135,0.032458508414861184,510.835,0.9764021657751911,200
Group-BH,2000,0.7,prds_block,0.3,0.1,0.07124049180975194,0.018715018950914607,0.9023860335939851,0.024400999991445568,583.4,0.9764021657751911,200
Group-BH,2000,0.7,prds_block,0.3,0.2,0.14066572600458846,0.02804584113340352,0.959242026067193,0.013745927853213416,670.55,0.9764021657751911,200
Group-BH,2000,0.9,independent,0.0,0.01,0.00958165564180179,0.010977395052935527,0.4088143466823637,0.04917465918384857,82.905,0.9303317271483671,200
Group-BH,2000,0.9,independent,0.0,0.05,0.045086222585483816,0.01744677031933914,0.6674407785690337,0.04500097498246975,140.24,0.9303317271483671,200
Group-BH,2000,0.9,independent,0.0,0.1,0.0921470158736636,0.022828623344622923,0.7796770035047969,0.03585465447038855,172.29,0.9303317271483671,200
Group-BH,2000,0.9,independent,0.0,0.2,0.18393177302505787,0.02829150169392397,0.8780756346550485,0.028202654913555843,215.94,0.9303317271483671,200
Group-BH,2000,0.9,prds_ar1,0.5,0.01,0.009238115471437151,0.010777782076813559,0.40597632708984327,0.05240688892994569,81.445,0.9285364732232886,200
Group-BH,2000,0.9,prds_ar1,0.5,0.05,0.04712984834466905,0.02141618234131219,0.6625514616121516,0.04573353778244894,138.165,0.9285364732232886,200
Group-BH,2000,0.9,prds_ar1,0.5,0.1,0.09136056088282865,0.028127841260513674,0.7729876274453619,0.041796837453417,169.025,0.9285364732232886,200
Group-BH,2000,0.9,prds_ar1,0.5,0.2,0.1870614436672421,0.03382139554633314,0.8720102254280053,0.030902013871221132,213.245,0.9285364732232886,200
Group-BH,2000,0.9,prds_block,0.3,0.01,0.010209387491005261,0.012478547850954626,0.4089008135538687,0.06145863176397145,82.725,0.9304289452488403,200
Group-BH,2000,0.9,prds_block,0.3,0.05,0.04987396659348465,0.025840858696791643,0.6639708395386148,0.05401768344792971,140.075,0.9304289452488403,200
Group-BH,2000,0.9,prds_block,0.3,0.1,0.09753635015602112,0.03798776274446396,0.7731618791606063,0.04763632156353123,171.885,0.9304289452488403,200
Group-BH,2000,0.9,prds_block,0.3,0.2,0.19156263042866747,0.051429479434569075,0.8743638283025388,0.03622016291622801,217.38,0.9304289452488403,200
Group-BH,2000,0.95,independent,0.0,0.01,0.009571557327762355,0.016942490982280803,0.3149038966114322,0.0596646888651335,31.55,0.8823861909009255,200
Group-BH,2000,0.95,independent,0.0,0.05,0.05130990672843725,0.027578119416814536,0.5558985828126869,0.0619530380590954,58.015,0.8823861909009255,200
Group-BH,2000,0.95,independent,0.0,0.1,0.10033420321009892,0.034952017043441225,0.6769973700950207,0.05499280019159108,74.565,0.8823861909009255,200
Group-BH,2000,0.95,independent,0.0,0.2,0.20083682661839097,0.04120544571650366,0.7914734913422052,0.04709092904680815,98.16,0.8823861909009255,200
Group-BH,2000,0.95,prds_ar1,0.5,0.01,0.009186931209233385,0.01896888620658395,0.31379753456104587,0.0702476150464261,31.805,0.8863281284696545,200
Group-BH,2000,0.95,prds_ar1,0.5,0.05,0.05021025815031438,0.03326614752444904,0.5579205019094039,0.0739909375096723,59.08,0.8863281284696545,200
Group-BH,2000,0.95,prds_ar1,0.5,0.1,0.0999258133849543,0.04159109090662777,0.6744502418411613,0.06414472391291372,75.365,0.8863281284696545,200
Group-BH,2000,0.95,prds_ar1,0.5,0.2,0.1955085046649517,0.05125952733501598,0.7962325800978861,0.05369911164905902,99.66,0.8863281284696545,200
Group-BH,2000,0.95,prds_block,0.3,0.01,0.010407018001251123,0.01860896352794318,0.32350917044001554,0.07035231078996262,32.575,0.8890448971918592,200
Group-BH,2000,0.95,prds_block,0.3,0.05,0.05210570604034787,0.034558837455189645,0.5648109723436225,0.07205458405989096,59.49,0.8890448971918592,200
Group-BH,2000,0.95,prds_block,0.3,0.1,0.10344691769230446,0.04965056919504913,0.6842990257389239,0.06451953222409007,76.345,0.8890448971918592,200
Group-BH,2000,0.95,prds_block,0.3,0.2,0.2054679009494009,0.07746405788879283,0.7947659330286149,0.059183691293071626,100.875,0.8890448971918592,200
Group-BH,5000,0.5,independent,0.0,0.01,0.004871080432489367,0.001732795695316972,0.6580956577998687,0.012456938142211224,1655.63,0.9888008848819716,200
Group-BH,5000,0.5,independent,0.0,0.05,0.024702895186305834,0.0034148024223354632,0.8803311674860267,0.00724226958975652,2259.73,0.9888008848819716,200
Group-BH,5000,0.5,independent,0.0,0.1,0.04968644759836176,0.004390914116075498,0.9425773555948596,0.005418924342427944,2483.15,0.9888008848819716,200
Group-BH,5000,0.5,independent,0.0,0.2,0.09937153144050674,0.005761526248015949,0.9804725877361022,0.002994200454053143,2725.47,0.9888008848819716,200
Group-BH,5000,0.5,prds_ar1,0.5,0.01,0.004903822747706687,0.001844377027235373,0.6563369200629263,0.01471346253899519,1650.62,0.9887420364412938,200
Group-BH,5000,0.5,prds_ar1,0.5,0.05,0.024812502862361606,0.0035538298963775855,0.8799389251961252,0.008605417272319988,2258.105,0.9887420364412938,200
Group-BH,5000,0.5,prds_ar1,0.5,0.1,0.04961832059344237,0.004958178983776599,0.942208658247596,0.005544178077180947,2480.995,0.9887420364412938,200
Group-BH,5000,0.5,prds_ar1,0.5,0.2,0.09964700378462304,0.007185896563300893,0.9801787138438843,0.003194461390143794,2724.385,0.9887420364412938,200
Group-BH,5000,0.5,prds_block,0.3,0.01,0.005364119708844879,0.002448387128729833,0.6607199400296662,0.030307025061460675,1661.34,0.9887256544931948,200
Group-BH,5000,0.5,prds_block,0.3,0.05,0.02545140269481361,0.005474639795686368,0.8819302329220498,0.01671635953273416,2263.195,0.9887256544931948,200
Group-BH,5000,0.5,prds_block,0.3,0.1,0.05101472244286876,0.008621051167367184,0.9430417812462331,0.010103302305406526,2485.28,0.9887256544931948,200
Group-BH,5000,0.5,prds_block,0.3,0.2,0.10126676307865624,0.011890821924482969,0.980423907442172,0.00496883115129061,2728.43,0.9887256544931948,200
Group-BH,5000,0.7,independent,0.0,0.01,0.0068104352050145315,0.0028480136920801522,0.57652215730253,0.01606067381316,867.36,0.9761648913553652,200
Group-BH,5000,0.7,independent,0.0,0.05,0.03473685932394939,0.005148625086479366,0.8231211318125041,0.01103400543551865,1274.125,0.9761648913553652,200
Group-BH,5000,0.7,independent,0.0,0.1,0.06970247049459227,0.006961004635568891,0.9039339516879457,0.008592943725845202,1451.825,0.9761648913553652,200
Group-BH,5000,0.7,independent,0.0,0.2,0.1391090782271584,0.008751005573186105,0.9602963380917583,0.005536922562838466,1666.735,0.9761648913553652,200
Group-BH,5000,0.7,prds_ar1,0.5,0.01,0.006938565271652933,0.0027965008929576275,0.5750363427426572,0.02103184778353544,866.665,0.9761859282734677,200
Group-BH,5000,0.7,prds_ar1,0.5,0.05,0.03440367729671417,0.005353580135171796,0.8230169258984847,0.013914118288208032,1275.67,0.9761859282734677,200
Group-BH,5000,0.7,prds_ar1,0.5,0.1,0.06904196272066422,0.007269054756626023,0.9039849733872528,0.009820183169975885,1453.295,0.9761859282734677,200
Group-BH,5000,0.7,prds_ar1,0.5,0.2,0.13878402612275847,0.00963115681412978,0.9601843809927817,0.005860674560752632,1668.73,0.9761859282734677,200
Group-BH,5000,0.7,prds_block,0.3,0.01,0.0072596703337674115,0.003834622427847786,0.575534029223637,0.03361874649068832,872.445,0.9764247602905044,200
Group-BH,5000,0.7,prds_block,0.3,0.05,0.034895380079434525,0.009282400950853874,0.8220127817797909,0.022877906778877372,1281.775,0.9764247602905044,200
Group-BH,5000,0.7,prds_block,0.3,0.1,0.07039558858102925,0.014577279718698207,0.9031929846425649,0.016075158531304055,1462.295,0.9764247602905044,200
Group-BH,5000,0.7,prds_block,0.3,0.2,0.14014636783500023,0.020842393955843593,0.9608480026318492,0.008715985794812857,1682.35,0.9764247602905044,200
Group-BH,5000,0.9,independent,0.0,0.01,0.008983951308197534,0.006129094173467464,0.4068962268041242,0.03151327484085195,204.8,0.9295515426165356,200
Group-BH,5000,0.9,independent,0.0,0.05,0.044474284972906286,0.011409978837525387,0.6648894509047893,0.02830998277433196,347.085,0.9295515426165356,200
Group-BH,5000,0.9,independent,0.0,0.1,0.08967847151045998,0.013945869092201484,0.7752518698572136,0.024229209504561987,424.83,0.9295515426165356,200
Group-BH,5000,0.9,independent,0.0,0.2,0.1797433125269441,0.017776541960468493,0.8738427180360954,0.01879184839192328,531.48,0.9295515426165356,200
Group-BH,5000,0.9,prds_ar1,0.5,0.01,0.009334920717948326,0.006936035579427717,0.4057938545075793,0.03199861569793148,204.63,0.9294420797618885,200
Group-BH,5000,0.9,prds_ar1,0.5,0.05,0.04631936645888121,0.012748674654412576,0.6659043624712558,0.029649282465437465,348.855,0.9294420797618885,200
Group-BH,5000,0.9,prds_ar1,0.5,0.1,0.09106933645168061,0.017934159945292977,0.7761568154358669,0.025397159540632815,426.685,0.9294420797618885,200
Group-BH,5000,0.9,prds_ar1,0.5,0.2,0.18123558613722346,0.022652563800819023,0.8771846540910854,0.01913778772130672,535.455,0.9294420797618885,200
Group-BH,5000,0.9,prds_block,0.3,0.01,0.009329277232154279,0.007680006355625641,0.4078080799414427,0.046729751172091376,206.945,0.9318909502612499,200
Group-BH,5000,0.9,prds_block,0.3,0.05,0.04586024168740541,0.01685527558142648,0.666639108509665,0.04151820101383163,351.205,0.9318909502612499,200
Group-BH,5000,0.9,prds_block,0.3,0.1,0.090588568116094,0.025134513855393333,0.7781117627810472,0.03382880117324338,430.275,0.9318909502612499,200
Group-BH,5000,0.9,prds_block,0.3,0.2,0.18168279456161457,0.03863029217428573,0.877585012807126,0.025864589259883556,540.02,0.9318909502612499,200
Group-BH,5000,0.95,independent,0.0,0.01,0.01004891178085707,0.010614832553888369,0.31053188368083995,0.040551469827292325,78.785,0.882234303104972,200
Group-BH,5000,0.95,independent,0.0,0.05,0.050334022798603044,0.01755060084456351,0.5566179962180966,0.04343691487374019,147.235,0.882234303104972,200
Group-BH,5000,0.95,independent,0.0,0.1,0.09878607441678422,0.02340314355946958,0.6738890806103154,0.03982929806818177,187.87,0.882234303104972,200
Group-BH,5000,0.95,independent,0.0,0.2,0.19415999168571826,0.028935305913306408,0.7920192043641392,0.033767148874017064,247.07,0.882234303104972,200
Group-BH,5000,0.95,prds_ar1,0.5,0.01,0.010176323585333,0.011523101430654083,0.3125983843565791,0.04126177652381709,78.375,0.8823896804913951,200
Group-BH,5000,0.95,prds_ar1,0.5,0.05,0.048968130568750635,0.02075815794972106,0.5571846360384342,0.04349954255158016,145.425,0.8823896804913951,200
Group-BH,5000,0.95,prds_ar1,0.5,0.1,0.09743720500484349,0.02775302412507689,0.6739895154492964,0.04000209640499249,185.4,0.8823896804913951,200
Group-BH,5000,0.95,prds_ar1,0.5,0.2,0.19684461115855864,0.03539520996106182,0.7946475172458283,0.031629361549998194,245.9,0.8823896804913951,200
Group-BH,5000,0.95,prds_block,0.3,0.01,0.01003169184143054,0.012435126613588022,0.31714009355081574,0.05346480480632214,80.58,0.886294868001207,200
Group-BH,5000,0.95,prds_block,0.3,0.05,0.04882796376588197,0.026795952065455094,0.5518801908009614,0.05625158104516496,146.125,0.886294868001207,200
Group-BH,5000,0.95,prds_block,0.3,0.1,0.09919462567578263,0.040566797717475546,0.6694267163511936,0.054217541709715135,187.385,0.886294868001207,200
Group-BH,5000,0.95,prds_block,0.3,0.2,0.1977026266135624,0.0606436467254998,0.7891156974351405,0.044948625416334334,249.025,0.886294868001207,200
Lee-Ren CC,200,0.5,independent,0.0,0.01,0.0004103967168262654,0.003352979321560225,0.2964247148313575,0.07044631660385235,29.795,0.9892544745210473,200
Lee-Ren CC,200,0.5,independent,0.0,0.05,0.0028601359490105947,0.006279275474264484,0.5872455538185297,0.061494243195452186,59.095,0.9892544745210473,200
Lee-Ren CC,200,0.5,independent,0.0,0.1,0.006067960803672879,0.00877846895757927,0.7031065330439668,0.05489257982343344,70.95,0.9892544745210473,200
Lee-Ren CC,200,0.5,independent,0.0,0.2,0.012159529635105502,0.011532247639205673,0.7915784543048034,0.04402650656320965,80.36,0.9892544745210473,200
Lee-Ren CC,200,0.5,prds_ar1,0.5,0.01,0.0004083491461100569,0.0033791295781020084,0.2853723472330771,0.09253419242633211,28.73,0.988771029118429,200
Lee-Ren CC,200,0.5,prds_ar1,0.5,0.05,0.00275740780898026,0.007238429041439497,0.5817913391323275,0.07679198278607206,58.57,0.988771029118429,200
Lee-Ren CC,200,0.5,prds_ar1,0.5,0.1,0.005674702558272706,0.009868230363121207,0.688521308779376,0.06895799104074624,69.52,0.988771029118429,200
Lee-Ren CC,200,0.5,prds_ar1,0.5,0.2,0.010865183606317412,0.013622594905245805,0.7837930939608211,0.0566511514599905,79.54,0.988771029118429,200
Lee-Ren CC,200,0.5,prds_block,0.3,0.01,0.00013157894736842105,0.0018608073189119668,0.28787979438614913,0.10107951690894687,28.835,0.9894291054405694,200
Lee-Ren CC,200,0.5,prds_block,0.3,0.05,0.002941976669279652,0.007598413253816916,0.5825219071161332,0.09386918549068778,58.505,0.9894291054405694,200
Lee-Ren CC,200,0.5,prds_block,0.3,0.1,0.006175861218478446,0.009659217543472307,0.6950441982610929,0.07965215013113444,69.985,0.9894291054405694,200
Lee-Ren CC,200,0.5,prds_block,0.3,0.2,0.011082948144500499,0.01239496199252298,0.783875677748939,0.06257685360945771,79.325,0.9894291054405694,200
Lee-Ren CC,200,0.7,independent,0.0,0.01,0.00041666666666666664,0.005892556509887896,0.21369697542544447,0.09320293903966806,13.045,0.9765448210476948,200
Lee-Ren CC,200,0.7,independent,0.0,0.05,0.0024689713903910233,0.00923692823319662,0.49592273530322034,0.09034357841030688,30.22,0.9765448210476948,200
Lee-Ren CC,200,0.7,independent,0.0,0.1,0.007623868490457315,0.014975774208850587,0.6168413903274549,0.07709962787716336,37.755,0.9765448210476948,200
Lee-Ren CC,200,0.7,independent,0.0,0.2,0.01680945300614775,0.019740675340535235,0.7208704363200937,0.06688471405757762,44.51,0.9765448210476948,200
Lee-Ren CC,200,0.7,prds_ar1,0.5,0.01,0.0011274509803921569,0.00941783374954074,0.2086736702246681,0.10713093240007486,12.71,0.9769831487750962,200
Lee-Ren CC,200,0.7,prds_ar1,0.5,0.05,0.004816647785958455,0.013276800787344707,0.49191986065116977,0.11423219047595501,29.97,0.9769831487750962,200
Lee-Ren CC,200,0.7,prds_ar1,0.5,0.1,0.008394057941836803,0.015123551626804564,0.6203251877448157,0.0991975859489869,37.86,0.9769831487750962,200
Lee-Ren CC,200,0.7,prds_ar1,0.5,0.2,0.016518606545764206,0.02129608166052101,0.7262552585862361,0.08659937814738572,44.645,0.9769831487750962,200
Lee-Ren CC,200,0.7,prds_block,0.3,0.01,0.0,0.0,0.203137718483346,0.10285465042814483,12.225,0.9746541744045558,200
Lee-Ren CC,200,0.7,prds_block,0.3,0.05,0.004904925835422397,0.01282715762946749,0.4768925959222149,0.11790925800467361,28.63,0.9746541744045558,200
Lee-Ren CC,200,0.7,prds_block,0.3,0.1,0.009927197709756233,0.016268116127326253,0.5980583774705786,0.10963879871435003,36.035,0.9746541744045558,200
Lee-Ren CC,200,0.7,prds_block,0.3,0.2,0.01864298120990403,0.02284215936885151,0.7057605368605858,0.0939210375147588,42.81,0.9746541744045558,200
Lee-Ren CC,200,0.9,independent,0.0,0.01,0.0,0.0,0.12691586494035273,0.10803975799423872,2.565,0.9283031059145571,200
Lee-Ren CC,200,0.9,independent,0.0,0.05,0.006408730158730158,0.03260910399921838,0.3234127688687201,0.14627511499519105,6.595,0.9283031059145571,200
Lee-Ren CC,200,0.9,independent,0.0,0.1,0.013290440768381945,0.038413069220201324,0.43664931633181575,0.15116343341949628,8.98,0.9283031059145571,200
Lee-Ren CC,200,0.9,independent,0.0,0.2,0.022863290125169248,0.04300868786879055,0.554526196894461,0.1363331755286497,11.515,0.9283031059145571,200
Lee-Ren CC,200,0.9,prds_ar1,0.5,0.01,0.0,0.0,0.10620899120861407,0.09739560227750914,2.25,0.9323301549155752,200
Lee-Ren CC,200,0.9,prds_ar1,0.5,0.05,0.005918831168831169,0.030604326542134356,0.3153305458333253,0.15658021713302817,6.605,0.9323301549155752,200
Lee-Ren CC,200,0.9,prds_ar1,0.5,0.1,0.010644485043941564,0.034547507193425225,0.4313782252566153,0.1728080641532759,9.11,0.9323301549155752,200
Lee-Ren CC,200,0.9,prds_ar1,0.5,0.2,0.020015256214635336,0.04293576377361913,0.5565199296311321,0.1657971087976632,11.805,0.9323301549155752,200
Lee-Ren CC,200,0.9,prds_block,0.3,0.01,0.0019642857142857144,0.02031615437532888,0.09959384655241633,0.10570378746138816,2.085,0.9360902616789931,200
Lee-Ren CC,200,0.9,prds_block,0.3,0.05,0.007275448815889992,0.03122438386547817,0.2899806378124748,0.1645042410633387,6.055,0.9360902616789931,200
Lee-Ren CC,200,0.9,prds_block,0.3,0.1,0.012756169484110659,0.035321290510310965,0.4208634964115223,0.1725119793504813,8.84,0.9360902616789931,200
Lee-Ren CC,200,0.9,prds_block,0.3,0.2,0.023491271069831444,0.0448225733012409,0.5395531392292521,0.17664652588686766,11.46,0.9360902616789931,200
Lee-Ren CC,200,0.95,independent,0.0,0.01,0.00125,0.017677669529663684,0.07813169877508112,0.10689272279880226,0.81,0.8932370436207694,200
Lee-Ren CC,200,0.95,independent,0.0,0.05,0.006805555555555556,0.04153828164163225,0.24221093653078946,0.1837383547591998,2.555,0.8932370436207694,200
Lee-Ren CC,200,0.95,independent,0.0,0.1,0.007902472527472526,0.04208641806776958,0.32881908940732474,0.21043538352721283,3.49,0.8932370436207694,200
Lee-Ren CC,200,0.95,independent,0.0,0.2,0.01866765873015873,0.058411314779520725,0.45402139527139523,0.22111699684588593,4.89,0.8932370436207694,200
Lee-Ren CC,200,0.95,prds_ar1,0.5,0.01,0.0,0.0,0.0823379270583218,0.10345706394483828,0.88,0.8853685514315996,200
Lee-Ren CC,200,0.95,prds_ar1,0.5,0.05,0.007916666666666666,0.07638425700387884,0.21606751760021883,0.17231335157632643,2.32,0.8853685514315996,200
Lee-Ren CC,200,0.95,prds_ar1,0.5,0.1,0.011136904761904763,0.04860400024987535,0.32052383452460853,0.2048158719459018,3.455,0.8853685514315996,200
Lee-Ren CC,200,0.95,prds_ar1,0.5,0.2,0.021259060384060384,0.06353483002599404,0.42500366798664013,0.21906008411412978,4.665,0.8853685514315996,200
Lee-Ren CC,200,0.95,prds_block,0.3,0.01,0.0,0.0,0.08548590042997936,0.10704108446734972,0.885,0.8795123597819168,200
Lee-Ren CC,200,0.95,prds_block,0.3,0.05,0.006833333333333334,0.07293002390220596,0.22975439354676971,0.1893917161735303,2.365,0.8795123597819168,200
Lee-Ren CC,200,0.95,prds_block,0.3,0.1,0.009015873015873015,0.048606899476196425,0.31782077852917634,0.2103542283657306,3.33,0.8795123597819168,200
Lee-Ren CC,200,0.95,prds_block,0.3,0.2,0.023322781385281384,0.07373827604848689,0.41328198478508077,0.23465033235499597,4.455,0.8795123597819168,200
Lee-Ren CC,500,0.5,independent,0.0,0.01,0.00019375804375804378,0.0015765360944483156,0.2868230087068026,0.04469869819344273,72.03,0.9891063422649394,200
Lee-Ren CC,500,0.5,independent,0.0,0.05,0.0024117275914964996,0.004022239958663189,0.5821870485570795,0.04241180039559739,146.31,0.9891063422649394,200
Lee-Ren CC,500,0.5,independent,0.0,0.1,0.005600430089549466,0.005219612475360337,0.6951109099494459,0.0356805881374712,175.22,0.9891063422649394,200
Lee-Ren CC,500,0.5,independent,0.0,0.2,0.01069807252303298,0.007283314298470221,0.7843542741335672,0.030190915829788976,198.69,0.9891063422649394,200
Lee-Ren CC,500,0.5,prds_ar1,0.5,0.01,0.00022011182399381157,0.0015576271833956283,0.27772623285801007,0.05854669681347744,69.33,0.9889087808587237,200
Lee-Ren CC,500,0.5,prds_ar1,0.5,0.05,0.0026750043148291696,0.004667722278133545,0.572381905351041,0.054546362132715284,143.125,0.9889087808587237,200
Lee-Ren CC,500,0.5,prds_ar1,0.5,0.1,0.005930120878571533,0.006325912730118907,0.68565850346805,0.047184029707147176,172.045,0.9889087808587237,200
Lee-Ren CC,500,0.5,prds_ar1,0.5,0.2,0.010886233415524202,0.008475012565284037,0.7789250015034027,0.03758093698676311,196.415,0.9889087808587237,200
Lee-Ren CC,500,0.5,prds_block,0.3,0.01,0.00048620571881273673,0.0027764613093177746,0.29158433836175274,0.07956123698394757,73.07,0.9892421658894207,200
Lee-Ren CC,500,0.5,prds_block,0.3,0.05,0.0028999292998742624,0.005153518128445763,0.5791478255884769,0.07092565406021449,145.35,0.9892421658894207,200
Lee-Ren CC,500,0.5,prds_block,0.3,0.1,0.005924128642169267,0.006955795128422684,0.6914194688834914,0.060902914593085646,174.02,0.9892421658894207,200
Lee-Ren CC,500,0.5,prds_block,0.3,0.2,0.011379356995565127,0.009313792272361461,0.7805490607596579,0.048317415086333214,197.49,0.9892421658894207,200
Lee-Ren CC,500,0.7,independent,0.0,0.01,0.0007241434276317997,0.005359516846425779,0.20565446105813387,0.05943855040821965,30.94,0.9755473715541056,200
Lee-Ren CC,500,0.7,independent,0.0,0.05,0.004829585355806125,0.007560120400139003,0.4945956393230377,0.05919627223432695,74.575,0.9755473715541056,200
Lee-Ren CC,500,0.7,independent,0.0,0.1,0.008475346246203564,0.009720180620005271,0.6190463270237868,0.05383042442619978,93.69,0.9755473715541056,200
Lee-Ren CC,500,0.7,independent,0.0,0.2,0.01843214364243585,0.012340761366150995,0.7218156401485422,0.05071249981826872,110.31,0.9755473715541056,200
Lee-Ren CC,500,0.7,prds_ar1,0.5,0.01,0.00015151515151515152,0.002142747821777417,0.20895992310718622,0.0649187831655422,31.355,0.9766601407821903,200
Lee-Ren CC,500,0.7,prds_ar1,0.5,0.05,0.004219959042410634,0.007497585125217846,0.490995494275336,0.06891032377734436,73.87,0.9766601407821903,200
Lee-Ren CC,500,0.7,prds_ar1,0.5,0.1,0.00851061878510684,0.009312282308433138,0.6134064138405254,0.05887495152149117,92.595,0.9766601407821903,200
Lee-Ren CC,500,0.7,prds_ar1,0.5,0.2,0.0188131763547619,0.013175055203592998,0.720592627701255,0.05026705091997116,109.915,0.9766601407821903,200
Lee-Ren CC,500,0.7,prds_block,0.3,0.01,0.0,0.0,0.19940535460141715,0.0798874791447889,30.365,0.977563901786059,200
Lee-Ren CC,500,0.7,prds_block,0.3,0.05,0.003682642912053678,0.006929348080973323,0.48418485767292485,0.08606869599480972,73.86,0.977563901786059,200
Lee-Ren CC,500,0.7,prds_block,0.3,0.1,0.007790118596948512,0.010004125464595478,0.6107468021159357,0.07852062977854601,93.52,0.977563901786059,200
Lee-Ren CC,500,0.7,prds_block,0.3,0.2,0.016150593760976054,0.01359420358992435,0.7125834666330306,0.06567135965913695,110.005,0.977563901786059,200
Lee-Ren CC,500,0.9,independent,0.0,0.01,0.0,0.0,0.09367851827898882,0.06375047587004619,4.75,0.9315855277146023,200
Lee-Ren CC,500,0.9,independent,0.0,0.05,0.0035303398238365935,0.014281403580800824,0.28899292414382155,0.10084897760186701,14.765,0.9315855277146023,200
Lee-Ren CC,500,0.9,independent,0.0,0.1,0.008957671685003044,0.02060553271805278,0.42321132946363577,0.10408038532216193,21.715,0.9315855277146023,200
Lee-Ren CC,500,0.9,independent,0.0,0.2,0.021810228923087486,0.028726926866288457,0.5575148273789705,0.09340451541588177,28.96,0.9315855277146023,200
Lee-Ren CC,500,0.9,prds_ar1,0.5,0.01,0.0,0.0,0.08389319686889596,0.060352536859325935,4.275,0.9290618882038906,200
Lee-Ren CC,500,0.9,prds_ar1,0.5,0.05,0.004756339778474318,0.02082247189298556,0.2826933569287786,0.10238115985086894,14.43,0.9290618882038906,200
Lee-Ren CC,500,0.9,prds_ar1,0.5,0.1,0.00875478606847409,0.022560945083607887,0.41303994634093527,0.1053629667899892,21.17,0.9290618882038906,200
Lee-Ren CC,500,0.9,prds_ar1,0.5,0.2,0.021177674279749925,0.028303445673468833,0.5417169553251983,0.11189998111884662,28.035,0.9290618882038906,200
Lee-Ren CC,500,0.9,prds_block,0.3,0.01,0.0005555555555555556,0.007856742013183858,0.09008183603377691,0.0717648306559938,4.515,0.9303040839195209,200
Lee-Ren CC,500,0.9,prds_block,0.3,0.05,0.002779011067336112,0.01157803233961818,0.29986283664420965,0.1195322696190039,15.14,0.9303040839195209,200
Lee-Ren CC,500,0.9,prds_block,0.3,0.1,0.011746635415156907,0.026763405574231007,0.4185011594662526,0.1185649291289867,21.28,0.9303040839195209,200
Lee-Ren CC,500,0.9,prds_block,0.3,0.2,0.02529156270568074,0.036774364921730675,0.5487618187314905,0.11178671922037504,28.235,0.9303040839195209,200
Lee-Ren CC,500,0.95,independent,0.0,0.01,0.0,0.0,0.06166594414268998,0.06696316740868591,1.585,0.8871306485447435,200
Lee-Ren CC,500,0.95,independent,0.0,0.05,0.001287878787878788,0.013395888185094155,0.19381099506304816,0.11708145582898695,4.92,0.8871306485447435,200
Lee-Ren CC,500,0.95,independent,0.0,0.1,0.008316114441114441,0.03002679722655451,0.2964264480974803,0.1369499756058693,7.585,0.8871306485447435,200
Lee-Ren CC,500,0.95,independent,0.0,0.2,0.020219344003090133,0.04193927205183604,0.42308189742858704,0.14118382380761726,10.95,0.8871306485447435,200
Lee-Ren CC,500,0.95,prds_ar1,0.5,0.01,0.0,0.0,0.058581221605484964,0.06512201505725129,1.49,0.8822574708042177,200
Lee-Ren CC,500,0.95,prds_ar1,0.5,0.05,0.0034999999999999996,0.028580310894989764,0.19821739819803055,0.12019048407140315,5.075,0.8822574708042177,200
Lee-Ren CC,500,0.95,prds_ar1,0.5,0.1,0.00998550061050061,0.037721397670922426,0.2923144572103421,0.13196937593998315,7.555,0.8822574708042177,200
Lee-Ren CC,500,0.95,prds_ar1,0.5,0.2,0.02130138485320037,0.04946713069424833,0.41133901080955004,0.14950307109323197,10.71,0.8822574708042177,200
Lee-Ren CC,500,0.95,prds_block,0.3,0.01,0.0,0.0,0.061523117092370294,0.07065443933497875,1.575,0.8899689161135491,200
Lee-Ren CC,500,0.95,prds_block,0.3,0.05,0.0013712121212121212,0.011170866343519369,0.1995849835920549,0.13577280508796893,5.145,0.8899689161135491,200
Lee-Ren CC,500,0.95,prds_block,0.3,0.1,0.007887787865729043,0.026978742298697893,0.3047416111216608,0.15301132608637713,7.84,0.8899689161135491,200
Lee-Ren CC,500,0.95,prds_block,0.3,0.2,0.02636456456359034,0.05619186696829501,0.4183731003397493,0.1677025614390184,10.905,0.8899689161135491,200
Lee-Ren CC,1000,0.5,independent,0.0,0.01,0.00031007898471520167,0.0014397165433154859,0.28956578221758084,0.03247821531931248,145.1,0.9891109206395104,200
Lee-Ren CC,1000,0.5,independent,0.0,0.05,0.002592013349394781,0.0029332448014351255,0.5879146770230841,0.02865477825053581,295.175,0.9891109206395104,200
Lee-Ren CC,1000,0.5,independent,0.0,0.1,0.005970000070409253,0.004297376026699126,0.6956608794896519,0.024367427412043983,350.455,0.9891109206395104,200
Lee-Ren CC,1000,0.5,independent,0.0,0.2,0.011083889485153629,0.0053817046384322074,0.7872997875874074,0.02086421002849308,398.665,0.9891109206395104,200
Lee-Ren CC,1000,0.5,prds_ar1,0.5,0.01,0.00031679551495809844,0.0016185801502420839,0.28673248431650455,0.03919145977711363,143.445,0.9889143290855145,200
Lee-Ren CC,1000,0.5,prds_ar1,0.5,0.05,0.003136399945855074,0.0034167799760711527,0.5843386132920696,0.03497882104875645,293.16,0.9889143290855145,200
Lee-Ren CC,1000,0.5,prds_ar1,0.5,0.1,0.005967930598676135,0.004612801279346435,0.6938828931188037,0.031029245098839777,349.095,0.9889143290855145,200
Lee-Ren CC,1000,0.5,prds_ar1,0.5,0.2,0.011086693449956832,0.005719247119786826,0.7846642576204985,0.026808568665345384,396.795,0.9889143290855145,200
Lee-Ren CC,1000,0.5,prds_block,0.3,0.01,0.0003527847506489409,0.0014810539889481852,0.2854627230310707,0.06515612673536479,143.195,0.9889001863375582,200
Lee-Ren CC,1000,0.5,prds_block,0.3,0.05,0.003265203016836415,0.0038584740215355244,0.5790811822462408,0.06125893075979856,291.325,0.9889001863375582,200
Lee-Ren CC,1000,0.5,prds_block,0.3,0.1,0.0062391595950110745,0.0054643721463289345,0.689373703819866,0.052411131166089815,347.76,0.9889001863375582,200
Lee-Ren CC,1000,0.5,prds_block,0.3,0.2,0.011442510427111054,0.007629379269734678,0.781705243970301,0.0423270278572277,396.41,0.9889001863375582,200
Lee-Ren CC,1000,0.7,independent,0.0,0.01,0.0004174107321994646,0.0027302749438955685,0.20501330337242152,0.04055358413312376,61.54,0.9755297165768135,200
Lee-Ren CC,1000,0.7,independent,0.0,0.05,0.004441937080763248,0.005398994168413541,0.4888045326968502,0.03563126505034731,147.245,0.9755297165768135,200
Lee-Ren CC,1000,0.7,independent,0.0,0.1,0.009530752197238469,0.00712680729350125,0.6108727897779258,0.03446556583122497,184.995,0.9755297165768135,200
Lee-Ren CC,1000,0.7,independent,0.0,0.2,0.017865385886737983,0.009354389762764571,0.7197065530832302,0.029345021293569078,219.82,0.9755297165768135,200
Lee-Ren CC,1000,0.7,prds_ar1,0.5,0.01,0.00044431235915404904,0.0025680072132381227,0.19868818681732464,0.0500257481556558,59.465,0.9761877998235242,200
Lee-Ren CC,1000,0.7,prds_ar1,0.5,0.05,0.003680493755181501,0.005347176354113882,0.49059027267191957,0.0473333632652309,147.24,0.9761877998235242,200
Lee-Ren CC,1000,0.7,prds_ar1,0.5,0.1,0.00851544878869683,0.0070434081286486205,0.6117896116744275,0.04308789675923793,184.49,0.9761877998235242,200
Lee-Ren CC,1000,0.7,prds_ar1,0.5,0.2,0.017274819122825604,0.009271642214292091,0.7183573964434029,0.036448624882106616,218.515,0.9761877998235242,200
Lee-Ren CC,1000,0.7,prds_block,0.3,0.01,0.00044129351730355036,0.0024769572812265495,0.19414286933574487,0.06800433819926179,57.915,0.9772004849454377,200
Lee-Ren CC,1000,0.7,prds_block,0.3,0.05,0.003827965925670141,0.00528777076160899,0.4830185277522375,0.07022729468640489,144.565,0.9772004849454377,200
Lee-Ren CC,1000,0.7,prds_block,0.3,0.1,0.008429001310698691,0.007032291853010702,0.6109398422256601,0.06275966771109927,183.695,0.9772004849454377,200
Lee-Ren CC,1000,0.7,prds_block,0.3,0.2,0.016439452793549258,0.01061335679176531,0.7193591251359993,0.05229888261693412,218.05,0.9772004849454377,200
Lee-Ren CC,1000,0.9,independent,0.0,0.01,0.0,0.0,0.0811718376130553,0.04954573909908154,8.19,0.9322887605177044,200
Lee-Ren CC,1000,0.9,independent,0.0,0.05,0.0028404374676639053,0.010249787148451992,0.2969027566719845,0.07218355251304961,29.81,0.9322887605177044,200
Lee-Ren CC,1000,0.9,independent,0.0,0.1,0.008403037405751851,0.014446726574609837,0.4170000489765669,0.07103107862979818,42.01,0.9322887605177044,200
Lee-Ren CC,1000,0.9,independent,0.0,0.2,0.021610540242048372,0.01843219186266643,0.5493658823250998,0.06609107476340052,56.02,0.9322887605177044,200
Lee-Ren CC,1000,0.9,prds_ar1,0.5,0.01,0.00043402777777777775,0.00449751814905228,0.08418136744829594,0.05301842451616648,8.38,0.9289242921651955,200
Lee-Ren CC,1000,0.9,prds_ar1,0.5,0.05,0.004915724762808791,0.013062365692427481,0.2859512110004646,0.0772198387718661,28.485,0.9289242921651955,200
Lee-Ren CC,1000,0.9,prds_ar1,0.5,0.1,0.012602319913345086,0.0180570018413114,0.4059547608340499,0.08362378480464823,40.76,0.9289242921651955,200
Lee-Ren CC,1000,0.9,prds_ar1,0.5,0.2,0.0242558678742014,0.020723583612891425,0.5395334089777479,0.0759864247367389,54.735,0.9289242921651955,200
Lee-Ren CC,1000,0.9,prds_block,0.3,0.01,0.0,0.0,0.07624514909823502,0.05463450211224268,7.845,0.9321948269195972,200
Lee-Ren CC,1000,0.9,prds_block,0.3,0.05,0.002504284451413006,0.008812286805409943,0.28762872839950687,0.09221609961816955,29.385,0.9321948269195972,200
Lee-Ren CC,1000,0.9,prds_block,0.3,0.1,0.007913263013101331,0.014376422180889387,0.41797505973758,0.09270437986920393,42.805,0.9321948269195972,200
Lee-Ren CC,1000,0.9,prds_block,0.3,0.2,0.02074263077843029,0.02260599602018606,0.5434112278807559,0.08621280399247323,56.34,0.9321948269195972,200
Lee-Ren CC,1000,0.95,independent,0.0,0.01,0.0,0.0,0.048233626456338066,0.047602790283838604,2.455,0.883906124503879,200
Lee-Ren CC,1000,0.95,independent,0.0,0.05,0.0019369747899159661,0.013249074219544545,0.179611623289017,0.09379717067688781,9.07,0.883906124503879,200
Lee-Ren CC,1000,0.95,independent,0.0,0.1,0.009010069644551068,0.023008077841001066,0.29117168055768816,0.10460101998672701,14.925,0.883906124503879,200
Lee-Ren CC,1000,0.95,independent,0.0,0.2,0.02264693525065435,0.03386831302334339,0.4223251752279755,0.10942708324475484,21.93,0.883906124503879,200
Lee-Ren CC,1000,0.95,prds_ar1,0.5,0.01,0.0,0.0,0.045812017783020895,0.044359516909470716,2.335,0.8879841338652464,200
Lee-Ren CC,1000,0.95,prds_ar1,0.5,0.05,0.002895359026937974,0.014468105571041912,0.1859916590186291,0.08999485490483139,9.43,0.8879841338652464,200
Lee-Ren CC,1000,0.95,prds_ar1,0.5,0.1,0.0073981341196107655,0.023608420468454672,0.2848571965899778,0.10070082660139507,14.515,0.8879841338652464,200
Lee-Ren CC,1000,0.95,prds_ar1,0.5,0.2,0.018982502264498945,0.03120082209864035,0.4128306817486331,0.09877258453652309,21.3,0.8879841338652464,200
Lee-Ren CC,1000,0.95,prds_block,0.3,0.01,0.001,0.01414213562373095,0.045623102377494756,0.04727264459374582,2.3,0.8869517201116938,200
Lee-Ren CC,1000,0.95,prds_block,0.3,0.05,0.002632811632811633,0.014405719263426878,0.175622032665338,0.09533565901889651,8.945,0.8869517201116938,200
Lee-Ren CC,1000,0.95,prds_block,0.3,0.1,0.008062461263080458,0.02042495841757782,0.27589707186543205,0.114267263670216,14.155,0.8869517201116938,200
Lee-Ren CC,1000,0.95,prds_block,0.3,0.2,0.021387698987195773,0.031753860267924504,0.40886522104427625,0.12345626967545897,21.26,0.8869517201116938,200
Lee-Ren CC,2000,0.5,independent,0.0,0.01,0.00037968910893813266,0.0011363484588164823,0.28770155633068084,0.023376428720786567,287.95,0.9888219489468856,200
Lee-Ren CC,2000,0.5,independent,0.0,0.05,0.003028846538733585,0.002133804764902402,0.5836606982922574,0.020293049063087418,585.535,0.9888219489468856,200
Lee-Ren CC,2000,0.5,independent,0.0,0.1,0.0063998309062893955,0.0028440777338124487,0.6952451025735326,0.017395341900015328,699.865,0.9888219489468856,200
Lee-Ren CC,2000,0.5,independent,0.0,0.2,0.01182855701144457,0.0039624095409073225,0.7871474141914971,0.015260444449105124,796.73,0.9888219489468856,200
Lee-Ren CC,2000,0.5,prds_ar1,0.5,0.01,0.000452482309756327,0.0012718497961102504,0.2890934253038855,0.03259983656703777,289.79,0.9886730861946953,200
Lee-Ren CC,2000,0.5,prds_ar1,0.5,0.05,0.003170030486823094,0.002432358533274139,0.5815994307671781,0.027674514770482623,584.49,0.9886730861946953,200
Lee-Ren CC,2000,0.5,prds_ar1,0.5,0.1,0.006587641281929307,0.0032166289704671767,0.6935850131253736,0.023436927216823108,699.435,0.9886730861946953,200
Lee-Ren CC,2000,0.5,prds_ar1,0.5,0.2,0.011994886290574755,0.004112082206678189,0.7837672904790998,0.02045011076072296,794.715,0.9886730861946953,200
Lee-Ren CC,2000,0.5,prds_block,0.3,0.01,0.0002535485630879006,0.0009126077898651394,0.2791820728475568,0.05350863707567263,279.045,0.9893489124162962,200
Lee-Ren CC,2000,0.5,prds_block,0.3,0.05,0.0029339672070547956,0.0028051188062723172,0.580532090917547,0.04742129376804393,581.88,0.9893489124162962,200
Lee-Ren CC,2000,0.5,prds_block,0.3,0.1,0.005953379509975189,0.003875898760698355,0.6929343239265785,0.041076459829124674,696.66,0.9893489124162962,200
Lee-Ren CC,2000,0.5,prds_block,0.3,0.2,0.011273504012612866,0.005793600240842182,0.7853179143932398,0.03409770995989437,793.775,0.9893489124162962,200
Lee-Ren CC,2000,0.7,independent,0.0,0.01,0.0003923645659927187,0.0017304708166080368,0.20026570501233618,0.030604689394137446,120.485,0.9761297654427824,200
Lee-Ren CC,2000,0.7,independent,0.0,0.05,0.004111284349192428,0.0037109680660780834,0.4910197486821897,0.03178191010770128,296.44,0.9761297654427824,200
Lee-Ren CC,2000,0.7,independent,0.0,0.1,0.009112666309784549,0.004976815383221734,0.6145821455624066,0.028463469684258016,372.93,0.9761297654427824,200
Lee-Ren CC,2000,0.7,independent,0.0,0.2,0.017437073928303588,0.00587288263267997,0.7204230486786701,0.02378259411152024,440.85,0.9761297654427824,200
Lee-Ren CC,2000,0.7,prds_ar1,0.5,0.01,0.0002988902230828291,0.0014802020093936778,0.20604461651712858,0.03352742479188894,124.465,0.9761082818704981,200
Lee-Ren CC,2000,0.7,prds_ar1,0.5,0.05,0.004136508428850217,0.0037669278353797842,0.49396969761867526,0.03323288866597044,299.42,0.9761082818704981,200
Lee-Ren CC,2000,0.7,prds_ar1,0.5,0.1,0.009335631268380709,0.005119445899481956,0.6146620796036002,0.029733363452077836,374.5,0.9761082818704981,200
Lee-Ren CC,2000,0.7,prds_ar1,0.5,0.2,0.01839096697333252,0.0067849917174498415,0.7228245538698872,0.025724214483772358,444.46,0.9761082818704981,200
Lee-Ren CC,2000,0.7,prds_block,0.3,0.01,0.000556991284826726,0.0020895319827362066,0.20248687685824554,0.05246283295549903,121.68,0.9764021657751911,200
Lee-Ren CC,2000,0.7,prds_block,0.3,0.05,0.004160446004013247,0.003831832713234576,0.4947823077979725,0.05059203171644742,298.32,0.9764021657751911,200
Lee-Ren CC,2000,0.7,prds_block,0.3,0.1,0.008668337367049831,0.005624717512191986,0.6189754012847111,0.046382824054588385,374.865,0.9764021657751911,200
Lee-Ren CC,2000,0.7,prds_block,0.3,0.2,0.017303682711891245,0.008405938128180947,0.7236706196882239,0.03965129166852845,442.12,0.9764021657751911,200
Lee-Ren CC,2000,0.9,independent,0.0,0.01,0.0002777777777777778,0.003928371006591929,0.07719117012047995,0.03494394786024218,15.585,0.9303317271483671,200
Lee-Ren CC,2000,0.9,independent,0.0,0.05,0.0034532714415016663,0.008209019403506865,0.29192247629019014,0.05487527688845735,58.93,0.9303317271483671,200
Lee-Ren CC,2000,0.9,independent,0.0,0.1,0.009462694690281603,0.010312111860476121,0.41698986980517033,0.053837452706889985,84.6,0.9303317271483671,200
Lee-Ren CC,2000,0.9,independent,0.0,0.2,0.02183982027280564,0.014061030810719558,0.5454379026277677,0.04964748739898839,111.985,0.9303317271483671,200
Lee-Ren CC,2000,0.9,prds_ar1,0.5,0.01,0.0,0.0,0.07444950194058743,0.03469673395460212,14.81,0.9285364732232886,200
Lee-Ren CC,2000,0.9,prds_ar1,0.5,0.05,0.0036100430687619352,0.007787087289639132,0.28499890617878776,0.05589538160050156,56.94,0.9285364732232886,200
Lee-Ren CC,2000,0.9,prds_ar1,0.5,0.1,0.009271703444520628,0.010955073999007603,0.4123261590627324,0.057692865353055484,82.76,0.9285364732232886,200
Lee-Ren CC,2000,0.9,prds_ar1,0.5,0.2,0.022725898470551155,0.01539061696413825,0.5461032981190698,0.054071255520430024,111.055,0.9285364732232886,200
Lee-Ren CC,2000,0.9,prds_block,0.3,0.01,0.0004027777777777777,0.004299686657644968,0.07876827966666886,0.042219990450528704,15.825,0.9304289452488403,200
Lee-Ren CC,2000,0.9,prds_block,0.3,0.05,0.004027589670148778,0.008642461227161445,0.2919592686529381,0.06795011623068667,58.76,0.9304289452488403,200
Lee-Ren CC,2000,0.9,prds_block,0.3,0.1,0.00976109248264094,0.01130786253702832,0.4187801627128367,0.06723500256285553,84.7,0.9304289452488403,200
Lee-Ren CC,2000,0.9,prds_block,0.3,0.2,0.023538377104880683,0.01756396940695999,0.545662799798539,0.0628396429790743,112.01,0.9304289452488403,200
Lee-Ren CC,2000,0.95,independent,0.0,0.01,0.0,0.0,0.040925347242233595,0.029475776949278193,4.055,0.8823861909009255,200
Lee-Ren CC,2000,0.95,independent,0.0,0.05,0.002051894158473106,0.01077662739941591,0.17597002803613346,0.06150761190497409,17.55,0.8823861909009255,200
Lee-Ren CC,2000,0.95,independent,0.0,0.1,0.007830177688435089,0.01777018794387721,0.2844821503341106,0.07119706209772338,28.515,0.8823861909009255,200
Lee-Ren CC,2000,0.95,independent,0.0,0.2,0.01955291612989874,0.021664374172308046,0.41514692879670123,0.06832710184170442,42.015,0.8823861909009255,200
Lee-Ren CC,2000,0.95,prds_ar1,0.5,0.01,0.0,0.0,0.03706536795369977,0.03332935537257289,3.755,0.8863281284696545,200
Lee-Ren CC,2000,0.95,prds_ar1,0.5,0.05,0.0019070791070574505,0.009206230238860228,0.17590684124591438,0.07772497447253165,17.805,0.8863281284696545,200
Lee-Ren CC,2000,0.95,prds_ar1,0.5,0.1,0.007451931463075958,0.01624589138343455,0.28224048516110195,0.07899765314724264,28.64,0.8863281284696545,200
Lee-Ren CC,2000,0.95,prds_ar1,0.5,0.2,0.019541782713300444,0.02112946567782755,0.41602000519277205,0.0834802141804111,42.68,0.8863281284696545,200
Lee-Ren CC,2000,0.95,prds_block,0.3,0.01,0.0,0.0,0.044482815047780594,0.04004473719886233,4.445,0.8890448971918592,200
Lee-Ren CC,2000,0.95,prds_block,0.3,0.05,0.002396971308261631,0.011701119747229762,0.18895329725170765,0.07892764526461074,18.97,0.8890448971918592,200
Lee-Ren CC,2000,0.95,prds_block,0.3,0.1,0.008527246832110038,0.01770083576707029,0.29093219319512154,0.08569805758969883,29.315,0.8890448971918592,200
Lee-Ren CC,2000,0.95,prds_block,0.3,0.2,0.02022904148285749,0.02280957260346099,0.4192845350721584,0.08470575673024103,42.7,0.8890448971918592,200
Lee-Ren CC,5000,0.5,independent,0.0,0.01,0.00043919521062032394,0.0007599206875099178,0.28816850845649983,0.014340872469392358,721.755,0.9888008848819716,200
Lee-Ren CC,5000,0.5,independent,0.0,0.05,0.0031669475628448244,0.0014266394558312548,0.5832347713222138,0.013004261870440254,1464.79,0.9888008848819716,200
Lee-Ren CC,5000,0.5,independent,0.0,0.1,0.006214750721415954,0.0018264907960566603,0.6943379086704909,0.011959875687665373,1749.17,0.9888008848819716,200
Lee-Ren CC,5000,0.5,independent,0.0,0.2,0.011609838529465209,0.0023568438837691373,0.7853575016452193,0.00984807968485332,1989.255,0.9888008848819716,200
Lee-Ren CC,5000,0.5,prds_ar1,0.5,0.01,0.00040936895534269337,0.0007699994667691907,0.2877492952352648,0.01906566012471069,720.415,0.9887420364412938,200
Lee-Ren CC,5000,0.5,prds_ar1,0.5,0.05,0.003062679918768193,0.001592883595029096,0.5818652436630098,0.017076156128281332,1460.67,0.9887420364412938,200
Lee-Ren CC,5000,0.5,prds_ar1,0.5,0.1,0.006288496067945558,0.0020990304810168635,0.6938056359010712,0.013867611563192161,1747.265,0.9887420364412938,200
Lee-Ren CC,5000,0.5,prds_ar1,0.5,0.2,0.011659377348013724,0.00264183271448071,0.7847437749575107,0.011870509736534895,1987.03,0.9887420364412938,200
Lee-Ren CC,5000,0.5,prds_block,0.3,0.01,0.0004630253174658011,0.0008060491357286135,0.292110195152955,0.03474616505279434,731.025,0.9887256544931948,200
Lee-Ren CC,5000,0.5,prds_block,0.3,0.05,0.003466435019852998,0.0020313052390129294,0.5869698742779004,0.03285065952429357,1473.15,0.9887256544931948,200
Lee-Ren CC,5000,0.5,prds_block,0.3,0.1,0.006637781141805264,0.00263824755185577,0.6982835970971967,0.028560562075438833,1758.02,0.9887256544931948,200
Lee-Ren CC,5000,0.5,prds_block,0.3,0.2,0.011940344310477701,0.003707385812886323,0.7882137688056428,0.023116149103468597,1995.045,0.9887256544931948,200
Lee-Ren CC,5000,0.7,independent,0.0,0.01,0.0004676350678126664,0.0012656415845425791,0.2001197150134972,0.018157066894789544,299.27,0.9761648913553652,200
Lee-Ren CC,5000,0.7,independent,0.0,0.05,0.0038668153724308197,0.002356392561194646,0.4914696285211129,0.01771096470842042,737.25,0.9761648913553652,200
Lee-Ren CC,5000,0.7,independent,0.0,0.1,0.008720776565565302,0.003072820331732239,0.6141843564166181,0.016322066684679108,925.795,0.9761648913553652,200
Lee-Ren CC,5000,0.7,independent,0.0,0.2,0.017190973574981866,0.00376189723455212,0.7220970748604798,0.01333712901875857,1097.81,0.9761648913553652,200
Lee-Ren CC,5000,0.7,prds_ar1,0.5,0.01,0.0004101858622749565,0.0011592033951868274,0.20212642965119054,0.021667400921524582,302.745,0.9761859282734677,200
Lee-Ren CC,5000,0.7,prds_ar1,0.5,0.05,0.004383407656234673,0.0026372362651821057,0.4908373444967197,0.02278792182015317,737.905,0.9761859282734677,200
Lee-Ren CC,5000,0.7,prds_ar1,0.5,0.1,0.008837338657891495,0.003271753977331232,0.6140896771427501,0.020671972219659253,927.275,0.9761859282734677,200
Lee-Ren CC,5000,0.7,prds_ar1,0.5,0.2,0.01743315232299512,0.004647788040443168,0.7221178195502234,0.017212574605307843,1099.93,0.9761859282734677,200
Lee-Ren CC,5000,0.7,prds_block,0.3,0.01,0.0004095881863721929,0.0012190519764961956,0.2023063234983507,0.03525863619579463,304.66,0.9764247602905044,200
Lee-Ren CC,5000,0.7,prds_block,0.3,0.05,0.004303197996404917,0.0028824052549715584,0.49127610301956304,0.036225892157487734,742.52,0.9764247602905044,200
Lee-Ren CC,5000,0.7,prds_block,0.3,0.1,0.008855136384123653,0.004339869058204344,0.6154257767110078,0.03261219055621642,934.41,0.9764247602905044,200
Lee-Ren CC,5000,0.7,prds_block,0.3,0.2,0.017070740679812256,0.006248347972767158,0.721964200447036,0.027911114795781653,1105.305,0.9764247602905044,200
Lee-Ren CC,5000,0.9,independent,0.0,0.01,0.00015231333027943198,0.0015290305485614229,0.07389016301055866,0.024242736186106086,36.99,0.9295515426165356,200
Lee-Ren CC,5000,0.9,independent,0.0,0.05,0.003616930076985031,0.0050648011192259085,0.2894896814721274,0.03181750751710733,145.045,0.9295515426165356,200
Lee-Ren CC,5000,0.9,independent,0.0,0.1,0.009964968817435393,0.006493963436923457,0.4164056025183613,0.0347331953558525,209.835,0.9295515426165356,200
Lee-Ren CC,5000,0.9,independent,0.0,0.2,0.02133514774226459,0.008130584996568817,0.5451727156380148,0.031812166927947645,277.88,0.9295515426165356,200
Lee-Ren CC,5000,0.9,prds_ar1,0.5,0.01,0.00017857142857142857,0.002525381361380527,0.07095805403702343,0.025850941314202017,35.475,0.9294420797618885,200
Lee-Ren CC,5000,0.9,prds_ar1,0.5,0.05,0.004387511163743136,0.005627392429155255,0.2849539378384946,0.036702371037498904,143.04,0.9294420797618885,200
Lee-Ren CC,5000,0.9,prds_ar1,0.5,0.1,0.009905561522986857,0.007511863709694448,0.414922507542849,0.035197232431254,209.395,0.9294420797618885,200
Lee-Ren CC,5000,0.9,prds_ar1,0.5,0.2,0.022299514357868064,0.009368827913645593,0.5448152465770991,0.030704002390374543,278.41,0.9294420797618885,200
Lee-Ren CC,5000,0.9,prds_block,0.3,0.01,0.0002552049669976693,0.002077397211503721,0.07760511583431731,0.031224017772909386,39.08,0.9318909502612499,200
Lee-Ren CC,5000,0.9,prds_block,0.3,0.05,0.003565562008936432,0.005470163526618834,0.290267771181877,0.05034287902501244,146.555,0.9318909502612499,200
Lee-Ren CC,5000,0.9,prds_block,0.3,0.1,0.009913388261763629,0.007837569893903157,0.41832440770610524,0.050843308151494564,212.485,0.9318909502612499,200
Lee-Ren CC,5000,0.9,prds_block,0.3,0.2,0.021786848772751513,0.010731858980379906,0.5485833596834813,0.047442040216966984,281.95,0.9318909502612499,200
Lee-Ren CC,5000,0.95,independent,0.0,0.01,0.0,0.0,0.0328471659377786,0.02129916131879784,8.265,0.882234303104972,200
Lee-Ren CC,5000,0.95,independent,0.0,0.05,0.002377140207787717,0.007526810242061171,0.1767504120210285,0.04098993245902432,44.535,0.882234303104972,200
Lee-Ren CC,5000,0.95,independent,0.0,0.1,0.008471070112129645,0.01041859572651339,0.28726603493603897,0.04451326963618571,72.84,0.882234303104972,200
Lee-Ren CC,5000,0.95,independent,0.0,0.2,0.02120124444602746,0.013466283720907628,0.41657844726222726,0.049030489874978975,106.92,0.882234303104972,200
Lee-Ren CC,5000,0.95,prds_ar1,0.5,0.01,0.00045454545454545455,0.006428243465332251,0.03601909882497606,0.024531672519815705,8.965,0.8823896804913951,200
Lee-Ren CC,5000,0.95,prds_ar1,0.5,0.05,0.003110128320058003,0.008111901157943718,0.17505944841709162,0.04521001246789238,43.64,0.8823896804913951,200
Lee-Ren CC,5000,0.95,prds_ar1,0.5,0.1,0.008819384839594987,0.011348415539188637,0.2864320446571257,0.04928500155986332,71.765,0.8823896804913951,200
Lee-Ren CC,5000,0.95,prds_ar1,0.5,0.2,0.0210109131410757,0.015298767486455164,0.4162540029328517,0.048096791687169696,105.565,0.8823896804913951,200
Lee-Ren CC,5000,0.95,prds_block,0.3,0.01,0.0,0.0,0.035741012163776203,0.026966152813927245,9.01,0.886294868001207,200
Lee-Ren CC,5000,0.95,prds_block,0.3,0.05,0.0021022508369640184,0.006396768060790195,0.17596689604819774,0.054176716535103336,44.465,0.886294868001207,200
Lee-Ren CC,5000,0.95,prds_block,0.3,0.1,0.00726617389302166,0.011496518982194798,0.2903526502660331,0.06326139279225881,73.685,0.886294868001207,200
Lee-Ren CC,5000,0.95,prds_block,0.3,0.2,0.020848220763974593,0.01795043794067709,0.4168614837940728,0.060567095572658144,107.22,0.886294868001207,200
Storey,200,0.5,independent,0.0,0.01,0.010234986004086542,0.010672917101823528,0.7690878202630845,0.05329808802793763,78.025,0.9892544745210473,200
Storey,200,0.5,independent,0.0,0.05,0.05134985786981793,0.022002409398683045,0.944299402089423,0.026718078454806986,99.91,0.9892544745210473,200
Storey,200,0.5,independent,0.0,0.1,0.102104307199084,0.03134926560836167,0.9819200395568981,0.015039582556798102,109.815,0.9892544745210473,200
Storey,200,0.5,independent,0.0,0.2,0.20197194749188527,0.05005938087542654,0.9968363817424772,0.006494912485570098,125.805,0.9892544745210473,200
Storey,200,0.5,prds_ar1,0.5,0.01,0.009357063005190276,0.012933033897779328,0.7634829567645722,0.06869392589062297,77.44,0.988771029118429,200
Storey,200,0.5,prds_ar1,0.5,0.05,0.05513492984244382,0.027429348607966874,0.943824468325381,0.03277728271878235,100.34,0.988771029118429,200
Storey,200,0.5,prds_ar1,0.5,0.1,0.10823469958407095,0.041311530394875805,0.9797058329671561,0.018249561926517905,110.445,0.988771029118429,200
Storey,200,0.5,prds_ar1,0.5,0.2,0.2141993310191539,0.06312860001006187,0.9957391869873102,0.007073132254852538,127.855,0.988771029118429,200
Storey,200,0.5,prds_block,0.3,0.01,0.01002186739897832,0.012232087793900937,0.759263720240209,0.08402961361848163,76.845,0.9894291054405694,200
Storey,200,0.5,prds_block,0.3,0.05,0.0518130218602259,0.03179662620910187,0.9413307252021569,0.03991237542967039,99.49,0.9894291054405694,200
Storey,200,0.5,prds_block,0.3,0.1,0.1041832993459864,0.049897314281418574,0.9788757050852789,0.021610716717114585,109.675,0.9894291054405694,200
Storey,200,0.5,prds_block,0.3,0.2,0.20748020588270547,0.07435126302053399,0.9960955324425089,0.008979552842830385,126.83,0.9894291054405694,200
Storey,200,0.7,independent,0.0,0.01,0.00886181801714378,0.015971579339552507,0.6342893472043074,0.07963119101371222,38.93,0.9765448210476948,200
Storey,200,0.7,independent,0.0,0.05,0.050606701528995136,0.03200116109481376,0.8626917428142568,0.05370122735176068,55.195,0.9765448210476948,200
Storey,200,0.7,independent,0.0,0.1,0.10088243140766279,0.044297044981092215,0.9330650416929356,0.0369186963405366,63.04,0.9765448210476948,200
Storey,200,0.7,independent,0.0,0.2,0.20280275140633827,0.06260083303885738,0.9789441693770057,0.01959657762657379,74.9,0.9765448210476948,200
Storey,200,0.7,prds_ar1,0.5,0.01,0.009675110320867998,0.016147372019735557,0.638193198502871,0.10684293565962717,39.055,0.9769831487750962,200
Storey,200,0.7,prds_ar1,0.5,0.05,0.04753890516879705,0.03556647561922179,0.8649657216419261,0.06791385637958249,55.015,0.9769831487750962,200
Storey,200,0.7,prds_ar1,0.5,0.1,0.09958934849612243,0.05267969132591945,0.9328308413208033,0.0442359206184551,62.825,0.9769831487750962,200
Storey,200,0.7,prds_ar1,0.5,0.2,0.20403354520311104,0.0780946527173917,0.9767013239226374,0.023890413427063297,74.945,0.9769831487750962,200
Storey,200,0.7,prds_block,0.3,0.01,0.011930677314218287,0.017394235482121826,0.6185060453161448,0.12077986890834136,37.38,0.9746541744045558,200
Storey,200,0.7,prds_block,0.3,0.05,0.05048320912632927,0.04116855348248668,0.8495147965755108,0.07769768150172289,53.355,0.9746541744045558,200
Storey,200,0.7,prds_block,0.3,0.1,0.10561089454949435,0.059746552604863674,0.9206522036361596,0.05449463854842131,61.495,0.9746541744045558,200
Storey,200,0.7,prds_block,0.3,0.2,0.20459460587364475,0.09043467159573024,0.9706838806244817,0.03385052555252247,73.56,0.9746541744045558,200
Storey,200,0.9,independent,0.0,0.01,0.013546087899029075,0.038375329198905565,0.44117434438160225,0.14130491898336905,9.07,0.9283031059145571,200
Storey,200,0.9,independent,0.0,0.05,0.057370698696578695,0.062478542830242054,0.6827282097710642,0.1341105758292126,14.66,0.9283031059145571,200
Storey,200,0.9,independent,0.0,0.1,0.1052924178965294,0.0800958480930901,0.7922464689118621,0.11453674998070686,17.975,0.9283031059145571,200
Storey,200,0.9,independent,0.0,0.2,0.2041180097164336,0.09542304164397174,0.8807577827468666,0.09559533078227721,22.615,0.9283031059145571,200
Storey,200,0.9,prds_ar1,0.5,0.01,0.00988921495171495,0.031721977628507876,0.4352135423014979,0.16463085221802498,9.155,0.9323301549155752,200
Storey,200,0.9,prds_ar1,0.5,0.05,0.05345362629050204,0.0630257122538418,0.6854495695516583,0.1534593546181769,15.065,0.9323301549155752,200
Storey,200,0.9,prds_ar1,0.5,0.1,0.10999786569282048,0.08893245087774106,0.7871354154678559,0.1310577056986939,18.465,0.9323301549155752,200
Storey,200,0.9,prds_ar1,0.5,0.2,0.2104988525454066,0.11577872929397448,0.8881113521304235,0.09229494715605094,23.61,0.9323301549155752,200
Storey,200,0.9,prds_block,0.3,0.01,0.013550134291233362,0.03609677348852401,0.42740370955664725,0.17015921179021443,8.96,0.9360902616789931,200
Storey,200,0.9,prds_block,0.3,0.05,0.05080791061533196,0.0625372959068879,0.6762414709608033,0.16202570386417267,14.765,0.9360902616789931,200
Storey,200,0.9,prds_block,0.3,0.1,0.10144247667440778,0.091167020347016,0.7852219328257389,0.13686792578009105,18.215,0.9360902616789931,200
Storey,200,0.9,prds_block,0.3,0.2,0.21416025685886406,0.13984942675079537,0.884963922334719,0.09712435753999084,24.02,0.9360902616789931,200
Storey,200,0.95,independent,0.0,0.01,0.008735805860805862,0.04355362788857141,0.3490015091118033,0.20277780350899668,3.68,0.8932370436207694,200
Storey,200,0.95,independent,0.0,0.05,0.06128092740592741,0.0951293114565072,0.5992556177482647,0.2002105275322105,6.8,0.8932370436207694,200
Storey,200,0.95,independent,0.0,0.1,0.11199976476071004,0.11040704314451438,0.7121084218069512,0.1812149819219598,8.585,0.8932370436207694,200
Storey,200,0.95,independent,0.0,0.2,0.21070104527669475,0.13378572281309245,0.8156142129928895,0.15094261811692886,11.3,0.8932370436207694,200
Storey,200,0.95,prds_ar1,0.5,0.01,0.010720238095238095,0.04612184739824673,0.33550066142577756,0.19997278941228464,3.595,0.8853685514315996,200
Storey,200,0.95,prds_ar1,0.5,0.05,0.058110320235320236,0.09581052231158292,0.5699378516220621,0.20805297852702792,6.475,0.8853685514315996,200
Storey,200,0.95,prds_ar1,0.5,0.1,0.11914281184501772,0.13648413913563565,0.6881404617913905,0.2017699312907495,8.545,0.8853685514315996,200
Storey,200,0.95,prds_ar1,0.5,0.2,0.23274963376836444,0.16687134777224186,0.8081338189029752,0.17505839969769013,11.72,0.8853685514315996,200
Storey,200,0.95,prds_block,0.3,0.01,0.012887896825396825,0.05783429983689552,0.3385070115213304,0.2095108128610594,3.55,0.8795123597819168,200
Storey,200,0.95,prds_block,0.3,0.05,0.05942016521060639,0.11820142587057429,0.5459023263458248,0.23476759602490763,6.125,0.8795123597819168,200
Storey,200,0.95,prds_block,0.3,0.1,0.12187869407209577,0.1459053984968494,0.6662260851034071,0.22181690138491794,8.08,0.8795123597819168,200
Storey,200,0.95,prds_block,0.3,0.2,0.23445340267313955,0.2002652059417977,0.7850683074235705,0.194965560401923,11.52,0.8795123597819168,200
Storey,500,0.5,independent,0.0,0.01,0.009355293795243667,0.006860960009286893,0.7644684364032694,0.03513448655787582,193.505,0.9891063422649394,200
Storey,500,0.5,independent,0.0,0.05,0.05004525817967492,0.016742152992819132,0.9427806721518389,0.01821594170696722,248.785,0.9891063422649394,200
Storey,500,0.5,independent,0.0,0.1,0.10185744615511748,0.019973684661246206,0.9798117315844127,0.0105418252029403,273.485,0.9891063422649394,200
Storey,500,0.5,independent,0.0,0.2,0.20358854744002483,0.029862727071179426,0.9963445091662073,0.003775195327590969,313.845,0.9891063422649394,200
Storey,500,0.5,prds_ar1,0.5,0.01,0.009565021607040237,0.007863849775095449,0.7561495239449281,0.04649374056334585,190.505,0.9889087808587237,200
Storey,500,0.5,prds_ar1,0.5,0.05,0.04963314801010698,0.018321747945191133,0.9390565441870145,0.022029865193274455,246.585,0.9889087808587237,200
Storey,500,0.5,prds_ar1,0.5,0.1,0.09941008793499151,0.02851042332957274,0.9785122966445468,0.011744405570121626,271.28,0.9889087808587237,200
Storey,500,0.5,prds_ar1,0.5,0.2,0.19677294794940192,0.04280050535325387,0.9963513232105403,0.004131441633287289,310.24,0.9889087808587237,200
Storey,500,0.5,prds_block,0.3,0.01,0.010272474093210986,0.009404172977648612,0.7563926372143088,0.06485608058237861,191.33,0.9892421658894207,200
Storey,500,0.5,prds_block,0.3,0.05,0.05048600679180248,0.02408414987349756,0.9406313572801097,0.028927978093547517,248.03,0.9892421658894207,200
Storey,500,0.5,prds_block,0.3,0.1,0.10040937516154122,0.03610571208435331,0.9782944384709086,0.014855302808180097,272.46,0.9892421658894207,200
Storey,500,0.5,prds_block,0.3,0.2,0.20207194855204627,0.05416008202072654,0.9959004337831394,0.005382099262514243,313.675,0.9892421658894207,200
Storey,500,0.7,independent,0.0,0.01,0.009797085601350862,0.010236818376246704,0.63521741297481,0.055517135902713025,96.315,0.9755473715541056,200
Storey,500,0.7,independent,0.0,0.05,0.051599206302290146,0.01867307286474445,0.8634353250538999,0.03642742358141414,136.66,0.9755473715541056,200
Storey,500,0.7,independent,0.0,0.1,0.10046186582861051,0.02656472658072782,0.9340680064146224,0.022515574374412376,155.87,0.9755473715541056,200
Storey,500,0.7,independent,0.0,0.2,0.1988165686794328,0.036382323621714605,0.9784756188595071,0.013548347113786186,183.485,0.9755473715541056,200
Storey,500,0.7,prds_ar1,0.5,0.01,0.009963531524000728,0.010151289574041702,0.6312929165190948,0.062327240469252546,95.5,0.9766601407821903,200
Storey,500,0.7,prds_ar1,0.5,0.05,0.04998195409542665,0.022988375323955597,0.8676158468793935,0.04178466630193333,136.75,0.9766601407821903,200
Storey,500,0.7,prds_ar1,0.5,0.1,0.10044018319849293,0.03261508200611342,0.9356973807082517,0.028788081049639373,155.805,0.9766601407821903,200
Storey,500,0.7,prds_ar1,0.5,0.2,0.20105281933883096,0.04947069412175381,0.9794098378151013,0.015785099779546095,184.035,0.9766601407821903,200
Storey,500,0.7,prds_block,0.3,0.01,0.009250602822315965,0.011002642271274898,0.6296184548045514,0.08743606854136154,96.605,0.977563901786059,200
Storey,500,0.7,prds_block,0.3,0.05,0.04846340414086791,0.026866006570547992,0.8590003096867274,0.05561699983792181,137.265,0.977563901786059,200
Storey,500,0.7,prds_block,0.3,0.1,0.09519747832474916,0.0435123230754516,0.9305595279742228,0.03547038429894914,156.545,0.977563901786059,200
Storey,500,0.7,prds_block,0.3,0.2,0.1970153511406522,0.07038928591899504,0.9763266370667799,0.01872010682116317,185.975,0.977563901786059,200
Storey,500,0.9,independent,0.0,0.01,0.009088435256449331,0.020908457794326596,0.426466480418024,0.09652415396046667,21.855,0.9315855277146023,200
Storey,500,0.9,independent,0.0,0.05,0.05014093037861127,0.03455986635028442,0.6880393684832744,0.0837479677931531,36.82,0.9315855277146023,200
Storey,500,0.9,independent,0.0,0.1,0.09889558008231698,0.046184980095788204,0.7977252976649499,0.06787621798376513,44.945,0.9315855277146023,200
Storey,500,0.9,independent,0.0,0.2,0.2017680428970284,0.06312860944536147,0.8907219660315568,0.05064219339743096,56.845,0.9315855277146023,200
Storey,500,0.9,prds_ar1,0.5,0.01,0.008973658917839284,0.022591464418775138,0.4150734095024089,0.09819648659819047,21.25,0.9290618882038906,200
Storey,500,0.9,prds_ar1,0.5,0.05,0.0486910481850658,0.039488820342123344,0.6744130867343432,0.08957596610777557,35.925,0.9290618882038906,200
Storey,500,0.9,prds_ar1,0.5,0.1,0.10004876567422173,0.05366946226753278,0.784351120129389,0.07225473162065932,44.18,0.9290618882038906,200
Storey,500,0.9,prds_ar1,0.5,0.2,0.19802796478441834,0.06975684857315836,0.8775000671609807,0.06291523565759195,55.81,0.9290618882038906,200
Storey,500,0.9,prds_block,0.3,0.01,0.012369628594400085,0.02731965649886337,0.4232243258393098,0.1164930876858403,21.51,0.9303040839195209,200
Storey,500,0.9,prds_block,0.3,0.05,0.057292562325849054,0.0513162443400119,0.6839296739396634,0.10462732694708195,36.445,0.9303040839195209,200
Storey,500,0.9,prds_block,0.3,0.1,0.10893574914991858,0.07230759826155575,0.7901722763595117,0.08773375506911306,44.715,0.9303040839195209,200
Storey,500,0.9,prds_block,0.3,0.2,0.2104170728575298,0.10344937616306492,0.8864844479551395,0.06767118112617583,57.155,0.9303040839195209,200
Storey,500,0.95,independent,0.0,0.01,0.009445693195693196,0.031877341682175875,0.3191435806709755,0.12765812713968352,8.145,0.8871306485447435,200
Storey,500,0.95,independent,0.0,0.05,0.04549718111727223,0.052812870379956973,0.5666222012363284,0.12673230264320165,14.99,0.8871306485447435,200
Storey,500,0.95,independent,0.0,0.1,0.09424693842340032,0.06909088131449545,0.6789195568518308,0.12244566412264271,18.985,0.8871306485447435,200
Storey,500,0.95,independent,0.0,0.2,0.19955828956104263,0.08727634264715474,0.8010881131604066,0.09959260355386625,25.43,0.8871306485447435,200
Storey,500,0.95,prds_ar1,0.5,0.01,0.012602564102564101,0.04514329978671272,0.31767200823270325,0.12485992280301646,8.18,0.8822574708042177,200
Storey,500,0.95,prds_ar1,0.5,0.05,0.04899228668592143,0.06500135300218736,0.5583800308285909,0.13977748811965757,14.825,0.8822574708042177,200
Storey,500,0.95,prds_ar1,0.5,0.1,0.09987792533226315,0.08367026463181854,0.6639462310198304,0.13236841930185927,18.75,0.8822574708042177,200
Storey,500,0.95,prds_ar1,0.5,0.2,0.19717346323609436,0.10714850607053374,0.7817329455365056,0.12111209837205025,25.015,0.8822574708042177,200
Storey,500,0.95,prds_block,0.3,0.01,0.011253600050620174,0.03723994835796905,0.32991339709879675,0.15196185135093165,8.45,0.8899689161135491,200
Storey,500,0.95,prds_block,0.3,0.05,0.047464238003778234,0.06132767890971187,0.5623520472580819,0.16315523665287252,14.98,0.8899689161135491,200
Storey,500,0.95,prds_block,0.3,0.1,0.10264635528450715,0.08431594019139664,0.6765278642152411,0.14786451385778082,19.25,0.8899689161135491,200
Storey,500,0.95,prds_block,0.3,0.2,0.20433431284832448,0.11751459995403678,0.7960357521717217,0.12030315645762069,26.02,0.8899689161135491,200
Storey,1000,0.5,independent,0.0,0.01,0.009532062263511325,0.005135913337405936,0.765875490710928,0.02379161393857456,387.3,0.9891109206395104,200
Storey,1000,0.5,independent,0.0,0.05,0.05049345412634012,0.01045588786678154,0.9427294840449544,0.012492849597268832,497.28,0.9891109206395104,200
Storey,1000,0.5,independent,0.0,0.1,0.10108087992940852,0.014307245497888539,0.9810308204681393,0.006498630830983421,546.63,0.9891109206395104,200
Storey,1000,0.5,independent,0.0,0.2,0.20007465663482418,0.02180191915856802,0.9969127139858033,0.002414371163278817,624.515,0.9891109206395104,200
Storey,1000,0.5,prds_ar1,0.5,0.01,0.009572442710837204,0.00552583672614566,0.7616668312536672,0.033401897256182596,384.665,0.9889143290855145,200
Storey,1000,0.5,prds_ar1,0.5,0.05,0.050518148255293285,0.013055183656722083,0.9415183013523892,0.01519659305109438,496.0,0.9889143290855145,200
Storey,1000,0.5,prds_ar1,0.5,0.1,0.09993535031065505,0.019773515577299037,0.9793697271635233,0.008270278230992464,544.395,0.9889143290855145,200
Storey,1000,0.5,prds_ar1,0.5,0.2,0.19926547255394078,0.028882944536571687,0.9964721346516745,0.0033206475473830325,623.07,0.9889143290855145,200
Storey,1000,0.5,prds_block,0.3,0.01,0.010112534235180706,0.007630641332338196,0.7573435459767477,0.05848366339173437,383.74,0.9889001863375582,200
Storey,1000,0.5,prds_block,0.3,0.05,0.05101891357994978,0.019832055330311824,0.940266298721247,0.024696223140713194,496.995,0.9889001863375582,200
Storey,1000,0.5,prds_block,0.3,0.1,0.10100003901573375,0.031063673740067244,0.9785081734475582,0.012027002348745942,546.32,0.9889001863375582,200
Storey,1000,0.5,prds_block,0.3,0.2,0.20203581702662718,0.048876203195371525,0.9960892388519897,0.004329779466498306,628.12,0.9889001863375582,200
Storey,1000,0.7,independent,0.0,0.01,0.01056639422195212,0.0076086522273252875,0.6286384656975518,0.03484166116991327,190.625,0.9755297165768135,200
Storey,1000,0.7,independent,0.0,0.05,0.050569382393142306,0.013847351566331424,0.8659972779148197,0.021934922615953152,273.65,0.9755297165768135,200
Storey,1000,0.7,independent,0.0,0.1,0.10293464229187788,0.017289708590011152,0.9345196096365944,0.015407003457979166,312.51,0.9755297165768135,200
Storey,1000,0.7,independent,0.0,0.2,0.20216860793578753,0.025076794856294913,0.9792152640500654,0.008225371607410136,368.375,0.9755297165768135,200
Storey,1000,0.7,prds_ar1,0.5,0.01,0.009634637097886612,0.007575743699163758,0.6297047021181114,0.04684217208543435,190.155,0.9761877998235242,200
Storey,1000,0.7,prds_ar1,0.5,0.05,0.04884052793198872,0.01525619332987902,0.8639127192379763,0.026938610626224827,271.59,0.9761877998235242,200
Storey,1000,0.7,prds_ar1,0.5,0.1,0.09875383235808205,0.023457164581147393,0.9324413598263043,0.019610447007782947,309.495,0.9761877998235242,200
Storey,1000,0.7,prds_ar1,0.5,0.2,0.19759993957604066,0.03461786036484111,0.9775808026606039,0.010683761809731197,364.825,0.9761877998235242,200
Storey,1000,0.7,prds_block,0.3,0.01,0.009740423573331469,0.007978026325588673,0.6271530379118913,0.07341096330549324,188.87,0.9772004849454377,200
Storey,1000,0.7,prds_block,0.3,0.05,0.04900608085056623,0.023044389777743614,0.8620048339227901,0.042454992306028054,270.53,0.9772004849454377,200
Storey,1000,0.7,prds_block,0.3,0.1,0.09861298457357562,0.03863161615990022,0.9331768917025388,0.02761197742065876,309.35,0.9772004849454377,200
Storey,1000,0.7,prds_block,0.3,0.2,0.19646062162252761,0.062358914254104926,0.9771268327771578,0.014439041896771901,364.835,0.9772004849454377,200
Storey,1000,0.9,independent,0.0,0.01,0.008766477306941944,0.01414779645901909,0.4203050350291859,0.06559724224264014,42.34,0.9322887605177044,200
Storey,1000,0.9,independent,0.0,0.05,0.047324645971492926,0.027793343895797698,0.6844893747370702,0.05679217011585237,71.73,0.9322887605177044,200
Storey,1000,0.9,independent,0.0,0.1,0.09419748451191619,0.03426405203168428,0.78779854107746,0.049792896974848504,86.805,0.9322887605177044,200
Storey,1000,0.9,independent,0.0,0.2,0.19424210528761943,0.044625009467458183,0.8886795031723785,0.03836150081887101,110.24,0.9322887605177044,200
Storey,1000,0.9,prds_ar1,0.5,0.01,0.012911061484847417,0.018127040570209526,0.40936967812967057,0.08065215105674424,41.11,0.9289242921651955,200
Storey,1000,0.9,prds_ar1,0.5,0.05,0.050519432046151586,0.027695707101476386,0.676177396210357,0.06880336507080027,70.47,0.9289242921651955,200
Storey,1000,0.9,prds_ar1,0.5,0.1,0.09982608495377403,0.0418814019486798,0.7920090323134401,0.05249104352302069,87.12,0.9289242921651955,200
Storey,1000,0.9,prds_ar1,0.5,0.2,0.20187597142043986,0.0547568001478707,0.8871982151054232,0.04160723245604243,110.32,0.9289242921651955,200
Storey,1000,0.9,prds_block,0.3,0.01,0.008525013455593904,0.015657684398131155,0.4212664646044311,0.0923038531118205,43.16,0.9321948269195972,200
Storey,1000,0.9,prds_block,0.3,0.05,0.050149494815323034,0.03716291757435087,0.6769813176828496,0.08222101644621478,72.465,0.9321948269195972,200
Storey,1000,0.9,prds_block,0.3,0.1,0.10089737758711098,0.054497415686729986,0.7896670846603132,0.06697854417945223,89.48,0.9321948269195972,200
Storey,1000,0.9,prds_block,0.3,0.2,0.206088680654002,0.08147387976665058,0.8874897029849492,0.04942087661982669,114.835,0.9321948269195972,200
Storey,1000,0.95,independent,0.0,0.01,0.01024955604419576,0.02427956367821099,0.314987854768098,0.09641804627727066,16.15,0.883906124503879,200
Storey,1000,0.95,independent,0.0,0.05,0.04746786440604064,0.04322454530750662,0.5588122154778573,0.10489556249831442,29.775,0.883906124503879,200
Storey,1000,0.95,independent,0.0,0.1,0.09921617354207375,0.05559894526798795,0.6771763488387914,0.08905953486548093,38.215,0.883906124503879,200
Storey,1000,0.95,independent,0.0,0.2,0.2040072298153664,0.06585448283140727,0.7975567081141106,0.0751358609168046,51.065,0.883906124503879,200
Storey,1000,0.95,prds_ar1,0.5,0.01,0.007719906780737647,0.023996422089957073,0.3100695434218574,0.09391059427514792,15.755,0.8879841338652464,200
Storey,1000,0.95,prds_ar1,0.5,0.05,0.04299957830552057,0.043672979705381594,0.56068336209894,0.08859187631820373,29.655,0.8879841338652464,200
Storey,1000,0.95,prds_ar1,0.5,0.1,0.08783851332799465,0.05467403872982364,0.6726112109310713,0.085543366590894,37.4,0.8879841338652464,200
Storey,1000,0.95,prds_ar1,0.5,0.2,0.186056750618198,0.07862904185478622,0.792061731494048,0.07646167117056812,49.555,0.8879841338652464,200
Storey,1000,0.95,prds_block,0.3,0.01,0.010614668853431264,0.024313156675404055,0.30320215297302494,0.10983550505763841,15.575,0.8869517201116938,200
Storey,1000,0.95,prds_block,0.3,0.05,0.052703658637480374,0.05002005497092056,0.5522415528444885,0.11296281237841674,29.61,0.8869517201116938,200
Storey,1000,0.95,prds_block,0.3,0.1,0.10136193247283362,0.06899930028340645,0.6775577028529746,0.10712668036585794,38.41,0.8869517201116938,200
Storey,1000,0.95,prds_block,0.3,0.2,0.20145365920509142,0.099851323379888,0.7953809538314078,0.09214810819197203,51.385,0.8869517201116938,200
Storey,2000,0.5,independent,0.0,0.01,0.01018950038675138,0.0036297563259935738,0.765457845100729,0.01721795697002329,773.585,0.9888219489468856,200
Storey,2000,0.5,independent,0.0,0.05,0.05018691362361525,0.007234343408098881,0.9432145724280783,0.008144047594129487,993.33,0.9888219489468856,200
Storey,2000,0.5,independent,0.0,0.1,0.10131367570171874,0.010085348350539751,0.9806271194753738,0.004789214730589269,1091.52,0.9888219489468856,200
Storey,2000,0.5,independent,0.0,0.2,0.20316550222502522,0.01507983845004378,0.9968830051175819,0.001844371132727962,1251.69,0.9888219489468856,200
Storey,2000,0.5,prds_ar1,0.5,0.01,0.010376499754994386,0.0040797598318631926,0.7620936793095678,0.025140797035409616,771.6,0.9886730861946953,200
Storey,2000,0.5,prds_ar1,0.5,0.05,0.04970687870521951,0.008485633167103643,0.9411546225030181,0.01087419409240857,992.285,0.9886730861946953,200
Storey,2000,0.5,prds_ar1,0.5,0.1,0.09965458904424594,0.012285972400450198,0.9797302024894587,0.005474358791172235,1090.335,0.9886730861946953,200
Storey,2000,0.5,prds_ar1,0.5,0.2,0.19944407295402033,0.020036766672004967,0.9966053612418871,0.0021638144829643846,1247.93,0.9886730861946953,200
Storey,2000,0.5,prds_block,0.3,0.01,0.010013143593736245,0.0058554002816320425,0.7625672166658655,0.045746387716216946,769.935,0.9893489124162962,200
Storey,2000,0.5,prds_block,0.3,0.05,0.049372402698575055,0.01567974532596632,0.9415501033776107,0.019282298657842728,990.245,0.9893489124162962,200
Storey,2000,0.5,prds_block,0.3,0.1,0.09988295252448293,0.025417890381291268,0.9800111763028783,0.009443376424132071,1089.015,0.9893489124162962,200
Storey,2000,0.5,prds_block,0.3,0.2,0.20057441083403507,0.03960608447580236,0.9966074351464594,0.0031381341224207345,1248.91,0.9893489124162962,200
Storey,2000,0.7,independent,0.0,0.01,0.01012944110536761,0.00506597288592908,0.632920072974277,0.028731328348257156,384.495,0.9761297654427824,200
Storey,2000,0.7,independent,0.0,0.05,0.04975694922670201,0.009073914805255401,0.8654877801894176,0.017368790736290406,547.61,0.9761297654427824,200
Storey,2000,0.7,independent,0.0,0.1,0.09848125364046727,0.012522038664316112,0.9356194978432683,0.012637314900400397,624.01,0.9761297654427824,200
Storey,2000,0.7,independent,0.0,0.2,0.19865249601515558,0.019136752011640033,0.9788963602722628,0.006622469753664315,734.66,0.9761297654427824,200
Storey,2000,0.7,prds_ar1,0.5,0.01,0.01030310883582122,0.005407030574939341,0.6332655711145642,0.031613076331073464,386.255,0.9761082818704981,200
Storey,2000,0.7,prds_ar1,0.5,0.05,0.05080011440281108,0.01202718071916844,0.867313806856679,0.020213990799350556,551.64,0.9761082818704981,200
Storey,2000,0.7,prds_ar1,0.5,0.1,0.10144493129804183,0.016770135252663184,0.9362692843185101,0.013333081224828802,629.165,0.9761082818704981,200
Storey,2000,0.7,prds_ar1,0.5,0.2,0.20118467863979916,0.025180793637610752,0.9794464697532939,0.007580300007671929,740.825,0.9761082818704981,200
Storey,2000,0.7,prds_block,0.3,0.01,0.01002658132290649,0.006381983861689745,0.636451735582755,0.054961413894989854,386.065,0.9764021657751911,200
Storey,2000,0.7,prds_block,0.3,0.05,0.05074258929997316,0.017693166271174867,0.864038313425239,0.034481927975576636,546.705,0.9764021657751911,200
Storey,2000,0.7,prds_block,0.3,0.1,0.10164548386799595,0.028040384044368195,0.9343198671104213,0.02208081809365181,624.975,0.9764021657751911,200
Storey,2000,0.7,prds_block,0.3,0.2,0.2006843637200268,0.044937231210686684,0.9784981235637343,0.011102681085978148,737.19,0.9764021657751911,200
Storey,2000,0.9,independent,0.0,0.01,0.009743935044852488,0.010674170654764552,0.41998939565976284,0.04983596254819872,85.19,0.9303317271483671,200
Storey,2000,0.9,independent,0.0,0.05,0.048867799475275836,0.017887590538502977,0.6800165010657483,0.0445814791505071,143.48,0.9303317271483671,200
Storey,2000,0.9,independent,0.0,0.1,0.09973465867118854,0.02428749482268414,0.7924859752363238,0.035576140101727674,176.625,0.9303317271483671,200
Storey,2000,0.9,independent,0.0,0.2,0.198382833430846,0.030757780105736005,0.8874716042241093,0.027054832839428722,222.285,0.9303317271483671,200
Storey,2000,0.9,prds_ar1,0.5,0.01,0.00957802854734825,0.010945567699149774,0.4161374799757299,0.05420119680153991,83.51,0.9285364732232886,200
Storey,2000,0.9,prds_ar1,0.5,0.05,0.05196884977503449,0.021759902691492725,0.6735858682078354,0.048685938581949605,141.205,0.9285364732232886,200
Storey,2000,0.9,prds_ar1,0.5,0.1,0.10086476790946702,0.03063589817806757,0.7868693923715412,0.0441521415572088,173.95,0.9285364732232886,200
Storey,2000,0.9,prds_ar1,0.5,0.2,0.20298906317993307,0.04020109527759964,0.8863300105679219,0.02999244593771714,221.33,0.9285364732232886,200
Storey,2000,0.9,prds_block,0.3,0.01,0.010762472036357367,0.011920200545374944,0.42296579953521446,0.06950325629496905,85.635,0.9304289452488403,200
Storey,2000,0.9,prds_block,0.3,0.05,0.05278294701088103,0.028280367324363,0.6797902442779556,0.062061929720654586,143.955,0.9304289452488403,200
Storey,2000,0.9,prds_block,0.3,0.1,0.10369502820001211,0.043116906306040696,0.7894058413702942,0.054343164391639276,176.995,0.9304289452488403,200
Storey,2000,0.9,prds_block,0.3,0.2,0.2067316665868323,0.064655433753358,0.8882763049790082,0.039154061001762136,226.02,0.9304289452488403,200
Storey,2000,0.95,independent,0.0,0.01,0.008922588123903065,0.017412894142784314,0.3115482424397263,0.06420825987644925,31.19,0.8823861909009255,200
Storey,2000,0.95,independent,0.0,0.05,0.05057926415259603,0.027806518154251864,0.5575692384631413,0.05974879279639721,58.15,0.8823861909009255,200
Storey,2000,0.95,independent,0.0,0.1,0.10255632039214181,0.03482413506774159,0.6789344579021745,0.05663558498184237,74.98,0.8823861909009255,200
Storey,2000,0.95,independent,0.0,0.2,0.2045812140404092,0.044142226003598614,0.7982551963795872,0.04679206065020224,99.55,0.8823861909009255,200
Storey,2000,0.95,prds_ar1,0.5,0.01,0.00827927988179315,0.01622386644108423,0.30895299205430427,0.07185062894526431,31.33,0.8863281284696545,200
Storey,2000,0.95,prds_ar1,0.5,0.05,0.048544437691984035,0.03233523375726016,0.5585436043515105,0.07720329065301901,59.065,0.8863281284696545,200
Storey,2000,0.95,prds_ar1,0.5,0.1,0.09787239164032276,0.042067195399296035,0.6797194996726077,0.06778811054795023,75.89,0.8863281284696545,200
Storey,2000,0.95,prds_ar1,0.5,0.2,0.1950505691965827,0.05343394468993897,0.8009433670001627,0.055174685839387554,100.36,0.8863281284696545,200
Storey,2000,0.95,prds_block,0.3,0.01,0.01023029707189777,0.01790869097048156,0.32068023673007884,0.07790222482913106,32.32,0.8890448971918592,200
Storey,2000,0.95,prds_block,0.3,0.05,0.05144456772488502,0.03552116669026507,0.5669786693414497,0.08085964706438023,59.73,0.8890448971918592,200
Storey,2000,0.95,prds_block,0.3,0.1,0.10189535657387465,0.05325556737435931,0.6887940548879744,0.0717721495319323,76.895,0.8890448971918592,200
Storey,2000,0.95,prds_block,0.3,0.2,0.2050380883673035,0.08390423804259099,0.8050645847590943,0.062461648652719824,102.59,0.8890448971918592,200
Storey,5000,0.5,independent,0.0,0.01,0.009878328270549405,0.002163237901514325,0.7642278151033302,0.011452776651002316,1932.43,0.9888008848819716,200
Storey,5000,0.5,independent,0.0,0.05,0.05017849260496516,0.005050455685081439,0.9427007797236214,0.005693493401270491,2484.845,0.9888008848819716,200
Storey,5000,0.5,independent,0.0,0.1,0.10020546968068211,0.007077001346414549,0.9804582356291036,0.0032050180275645045,2728.09,0.9888008848819716,200
Storey,5000,0.5,independent,0.0,0.2,0.20097636050749984,0.010477106849736163,0.9968298170615715,0.001142729281818286,3123.74,0.9888008848819716,200
Storey,5000,0.5,prds_ar1,0.5,0.01,0.010121544592107772,0.0026542430351371893,0.7634802475492332,0.015296484941837624,1930.295,0.9887420364412938,200
Storey,5000,0.5,prds_ar1,0.5,0.05,0.050107095724673784,0.0055141944803113,0.9424182067409057,0.006296758179041374,2482.92,0.9887420364412938,200
Storey,5000,0.5,prds_ar1,0.5,0.1,0.10077224423216849,0.0082248602357781,0.9803699091737866,0.003631580875347881,2728.49,0.9887420364412938,200
Storey,5000,0.5,prds_ar1,0.5,0.2,0.20088108074709296,0.012400712192122826,0.996834679687972,0.001387732549454041,3122.255,0.9887420364412938,200
Storey,5000,0.5,prds_block,0.3,0.01,0.010518297941938926,0.0036116399441664788,0.7673929881299838,0.03200370000123435,1939.74,0.9887256544931948,200
Storey,5000,0.5,prds_block,0.3,0.05,0.051984088812399784,0.010332358460755073,0.943468688433001,0.013153978058875773,2489.25,0.9887256544931948,200
Storey,5000,0.5,prds_block,0.3,0.1,0.10334213984888432,0.016508824781376295,0.980595489040117,0.00633410170206998,2735.925,0.9887256544931948,200
Storey,5000,0.5,prds_block,0.3,0.2,0.2047373807834848,0.026114546780483482,0.9967570776485835,0.002115192407290698,3137.8,0.9887256544931948,200
Storey,5000,0.7,independent,0.0,0.01,0.009710860385712226,0.0032257165054458783,0.63222720275554,0.016135363884161237,954.005,0.9761648913553652,200
Storey,5000,0.7,independent,0.0,0.05,0.04997772094530166,0.006146684351579611,0.8667555318446983,0.010739724817143475,1363.27,0.9761648913553652,200
Storey,5000,0.7,independent,0.0,0.1,0.09993224527763755,0.008571221280926382,0.9360807649440696,0.007587249921835242,1554.07,0.9761648913553652,200
Storey,5000,0.7,independent,0.0,0.2,0.1998859173234775,0.01197769416632955,0.9790506593847513,0.004313983325862653,1828.665,0.9761648913553652,200
Storey,5000,0.7,prds_ar1,0.5,0.01,0.00981820355930303,0.003373931459503073,0.6328968016908455,0.022604936952980798,956.685,0.9761859282734677,200
Storey,5000,0.7,prds_ar1,0.5,0.05,0.04939406745661051,0.006422605262112476,0.8668143492364622,0.01265682634119307,1364.805,0.9761859282734677,200
Storey,5000,0.7,prds_ar1,0.5,0.1,0.09998809341048952,0.0094940137546082,0.9358436127908167,0.008723509199606086,1556.4,0.9761859282734677,200
Storey,5000,0.7,prds_ar1,0.5,0.2,0.1999858462815922,0.014332695912788393,0.9789690231589612,0.004923996209168421,1831.995,0.9761859282734677,200
Storey,5000,0.7,prds_block,0.3,0.01,0.009956530541515022,0.004949157214115117,0.6338718223926584,0.038622196726072394,963.58,0.9764247602905044,200
Storey,5000,0.7,prds_block,0.3,0.05,0.05071626313735843,0.013273329248657477,0.8666662785169484,0.02398725251857771,1374.235,0.9764247602905044,200
Storey,5000,0.7,prds_block,0.3,0.1,0.10162381423094376,0.021256139530525558,0.9360880463810455,0.015416433879879227,1569.015,0.9764247602905044,200
Storey,5000,0.7,prds_block,0.3,0.2,0.20116752836035254,0.03386742683005342,0.9793174845722257,0.007784927159332849,1848.265,0.9764247602905044,200
Storey,5000,0.9,independent,0.0,0.01,0.010203727716648433,0.006371577321004872,0.419564811351309,0.032432310471173544,211.46,0.9295515426165356,200
Storey,5000,0.9,independent,0.0,0.05,0.049191669001860595,0.011794689602494208,0.6794238596529719,0.02794629811398479,356.46,0.9295515426165356,200
Storey,5000,0.9,independent,0.0,0.1,0.09859414343012508,0.014319779834074614,0.7893704992112544,0.02440787587524574,436.88,0.9295515426165356,200
Storey,5000,0.9,independent,0.0,0.2,0.19949678505243335,0.0193299964568791,0.8861171309854555,0.01835200733078778,552.365,0.9295515426165356,200
Storey,5000,0.9,prds_ar1,0.5,0.01,0.010114099418326633,0.0074917730193928556,0.4176810504171666,0.03317309691839489,210.805,0.9294420797618885,200
Storey,5000,0.9,prds_ar1,0.5,0.05,0.050507091682694905,0.013534066673433733,0.6801622509912204,0.03035445324458759,357.9,0.9294420797618885,200
Storey,5000,0.9,prds_ar1,0.5,0.1,0.10145019009565322,0.019352794557728144,0.791519165976739,0.026184430855372934,440.21,0.9294420797618885,200
Storey,5000,0.9,prds_ar1,0.5,0.2,0.2003709512229123,0.025764052621996866,0.8896128522426561,0.01934859487547611,556.265,0.9294420797618885,200
Storey,5000,0.9,prds_block,0.3,0.01,0.010088161202204462,0.00797905034019843,0.4212748431409865,0.05311628497783113,213.995,0.9318909502612499,200
Storey,5000,0.9,prds_block,0.3,0.05,0.05009825941230467,0.018470845910283362,0.681718449864966,0.047484987283554644,360.89,0.9318909502612499,200
Storey,5000,0.9,prds_block,0.3,0.1,0.09951000331150199,0.02958629828490939,0.7933867110072663,0.03884669401973018,443.39,0.9318909502612499,200
Storey,5000,0.9,prds_block,0.3,0.2,0.19976897926715587,0.04603107211350804,0.8904567369657912,0.02826672902362977,561.26,0.9318909502612499,200
Storey,5000,0.95,independent,0.0,0.01,0.01022558958850875,0.011191866585004878,0.31178947669561946,0.04054362100681769,79.12,0.882234303104972,200
Storey,5000,0.95,independent,0.0,0.05,0.0509030960988049,0.01853905224196136,0.5591647329666815,0.04326774101451556,147.975,0.882234303104972,200
Storey,5000,0.95,independent,0.0,0.1,0.1008491819247209,0.023839651954456205,0.6786340859597694,0.040115888748840485,189.645,0.882234303104972,200
Storey,5000,0.95,independent,0.0,0.2,0.20129045822445676,0.029217106190951424,0.799322254530291,0.03486250705165669,251.595,0.882234303104972,200
Storey,5000,0.95,prds_ar1,0.5,0.01,0.010941092436363223,0.011267499179476762,0.3128201590253732,0.04392154109185139,78.495,0.8823896804913951,200
Storey,5000,0.95,prds_ar1,0.5,0.05,0.050274060230015793,0.02055192053892868,0.5607052259166138,0.045737061235877424,146.545,0.8823896804913951,200
Storey,5000,0.95,prds_ar1,0.5,0.1,0.09991363601197815,0.028672802577209472,0.677474634467643,0.040319164788019585,186.935,0.8823896804913951,200
Storey,5000,0.95,prds_ar1,0.5,0.2,0.20458659951924055,0.03563354489108654,0.8003853504830828,0.032711308433248584,250.125,0.8823896804913951,200
Storey,5000,0.95,prds_block,0.3,0.01,0.010072394694828795,0.01335758411841518,0.3172849345006524,0.059442528162819946,80.68,0.886294868001207,200
Storey,5000,0.95,prds_block,0.3,0.05,0.049563220148402615,0.026861876185124027,0.5572522146799767,0.062298509231108135,147.735,0.886294868001207,200
Storey,5000,0.95,prds_block,0.3,0.1,0.09928439231917824,0.04274827449884263,0.6774725948524305,0.058450147593118305,189.905,0.886294868001207,200
Storey,5000,0.95,prds_block,0.3,0.2,0.19928509339268405,0.06748801388532591,0.7979828640585781,0.04893492160009833,253.175,0.886294868001207,200
e-BH (oracle LR),200,0.5,independent,0.0,0.01,0.0004103967168262654,0.003352979321560225,0.2964247148313575,0.07044631660385235,29.795,0.9892544745210473,200
e-BH (oracle LR),200,0.5,independent,0.0,0.05,0.0028601359490105947,0.006279275474264484,0.5875534568021511,0.06153142370804979,59.125,0.9892544745210473,200
e-BH (oracle LR),200,0.5,independent,0.0,0.1,0.006058829889456178,0.00876622829842185,0.7041450656247809,0.05494478583534527,71.055,0.9892544745210473,200
e-BH (oracle LR),200,0.5,independent,0.0,0.2,0.01214381222377779,0.011521950684144973,0.7928274646367964,0.0441544008041033,80.49,0.9892544745210473,200
e-BH (oracle LR),200,0.5,prds_ar1,0.5,0.01,0.0004083491461100569,0.0033791295781020084,0.2854639943706733,0.09254977959606932,28.74,0.988771029118429,200
e-BH (oracle LR),200,0.5,prds_ar1,0.5,0.05,0.0027557844323568836,0.007234987985427805,0.5820212307449144,0.07672253247097278,58.595,0.988771029118429,200
e-BH (oracle LR),200,0.5,prds_ar1,0.5,0.1,0.005737815358927367,0.009869054589108717,0.6896640353268397,0.0697190224415678,69.64,0.988771029118429,200
e-BH (oracle LR),200,0.5,prds_ar1,0.5,0.2,0.010920518202788039,0.013735819704287035,0.784798170472923,0.05648946209303602,79.645,0.988771029118429,200
e-BH (oracle LR),200,0.5,prds_block,0.3,0.01,0.00013157894736842105,0.0018608073189119668,0.28787979438614913,0.10107951690894687,28.835,0.9894291054405694,200
e-BH (oracle LR),200,0.5,prds_block,0.3,0.05,0.002940696587354408,0.0075962017496465275,0.5829324014650163,0.09407108613684213,58.545,0.9894291054405694,200
e-BH (oracle LR),200,0.5,prds_block,0.3,0.1,0.0061616592166144415,0.009616029952107832,0.6956320688584127,0.07970944434387392,70.045,0.9894291054405694,200
e-BH (oracle LR),200,0.5,prds_block,0.3,0.2,0.011139616335334154,0.012366518323398416,0.7847845846230609,0.06283198053500628,79.42,0.9894291054405694,200
e-BH (oracle LR),200,0.7,independent,0.0,0.01,0.00041666666666666664,0.005892556509887896,0.21369697542544447,0.09320293903966806,13.045,0.9765448210476948,200
e-BH (oracle LR),200,0.7,independent,0.0,0.05,0.0024689713903910233,0.00923692823319662,0.49592273530322034,0.09034357841030688,30.22,0.9765448210476948,200
e-BH (oracle LR),200,0.7,independent,0.0,0.1,0.007724478969357268,0.01499040501555934,0.6169911779420312,0.07709567463367611,37.77,0.9765448210476948,200
e-BH (oracle LR),200,0.7,independent,0.0,0.2,0.01690140880931866,0.019798495273665933,0.7213637924421191,0.06683157611753694,44.545,0.9765448210476948,200
e-BH (oracle LR),200,0.7,prds_ar1,0.5,0.01,0.0011274509803921569,0.00941783374954074,0.2086736702246681,0.10713093240007486,12.71,0.9769831487750962,200
e-BH (oracle LR),200,0.7,prds_ar1,0.5,0.05,0.004807589814943961,0.013250884401343291,0.4920984890403245,0.11419911186626627,29.98,0.9769831487750962,200
e-BH (oracle LR),200,0.7,prds_ar1,0.5,0.1,0.008394057941836803,0.015123551626804564,0.6207237195713394,0.0994803920460037,37.885,0.9769831487750962,200
e-BH (oracle LR),200,0.7,prds_ar1,0.5,0.2,0.01650345656224121,0.021275722940249306,0.726822836631691,0.08639922161125792,44.68,0.9769831487750962,200
e-BH (oracle LR),200,0.7,prds_block,0.3,0.01,0.0,0.0,0.203137718483346,0.10285465042814483,12.225,0.9746541744045558,200
e-BH (oracle LR),200,0.7,prds_block,0.3,0.05,0.0048981781970958115,0.012802255972420075,0.4772438032476567,0.11822789543530483,28.65,0.9746541744045558,200
e-BH (oracle LR),200,0.7,prds_block,0.3,0.1,0.010085439251849073,0.016326254325706106,0.5985322116607308,0.10990119850560637,36.07,0.9746541744045558,200
e-BH (oracle LR),200,0.7,prds_block,0.3,0.2,0.018999585518294056,0.02316373975211984,0.7063179197402608,0.09388324624563163,42.86,0.9746541744045558,200
e-BH (oracle LR),200,0.9,independent,0.0,0.01,0.0,0.0,0.12691586494035273,0.10803975799423872,2.565,0.9283031059145571,200
e-BH (oracle LR),200,0.9,independent,0.0,0.05,0.006408730158730158,0.03260910399921838,0.3234127688687201,0.14627511499519105,6.595,0.9283031059145571,200
e-BH (oracle LR),200,0.9,independent,0.0,0.1,0.013290440768381945,0.038413069220201324,0.43664931633181575,0.15116343341949628,8.98,0.9283031059145571,200
e-BH (oracle LR),200,0.9,independent,0.0,0.2,0.022863290125169248,0.04300868786879055,0.5558012438307983,0.13676381534785162,11.54,0.9283031059145571,200
e-BH (oracle LR),200,0.9,prds_ar1,0.5,0.01,0.0,0.0,0.10620899120861407,0.09739560227750914,2.25,0.9323301549155752,200
e-BH (oracle LR),200,0.9,prds_ar1,0.5,0.05,0.005918831168831169,0.030604326542134356,0.3153305458333253,0.15658021713302817,6.605,0.9323301549155752,200
e-BH (oracle LR),200,0.9,prds_ar1,0.5,0.1,0.010644485043941564,0.034547507193425225,0.43159561656096307,0.1727847442697844,9.115,0.9323301549155752,200
e-BH (oracle LR),200,0.9,prds_ar1,0.5,0.2,0.020015256214635336,0.04293576377361913,0.5565199296311321,0.1657971087976632,11.805,0.9323301549155752,200
e-BH (oracle LR),200,0.9,prds_block,0.3,0.01,0.0019642857142857144,0.02031615437532888,0.09959384655241633,0.10570378746138816,2.085,0.9360902616789931,200
e-BH (oracle LR),200,0.9,prds_block,0.3,0.05,0.007275448815889992,0.03122438386547817,0.2899806378124748,0.1645042410633387,6.055,0.9360902616789931,200
e-BH (oracle LR),200,0.9,prds_block,0.3,0.1,0.012756169484110659,0.035321290510310965,0.4208634964115223,0.1725119793504813,8.84,0.9360902616789931,200
e-BH (oracle LR),200,0.9,prds_block,0.3,0.2,0.023463798542358916,0.044791332408828134,0.5397912344673473,0.17672178142176134,11.465,0.9360902616789931,200
e-BH (oracle LR),200,0.95,independent,0.0,0.01,0.00125,0.017677669529663684,0.07813169877508112,0.10689272279880226,0.81,0.8932370436207694,200
e-BH (oracle LR),200,0.95,independent,0.0,0.05,0.006805555555555556,0.04153828164163225,0.24221093653078946,0.1837383547591998,2.555,0.8932370436207694,200
e-BH (oracle LR),200,0.95,independent,0.0,0.1,0.007902472527472526,0.04208641806776958,0.32881908940732474,0.21043538352721283,3.49,0.8932370436207694,200
e-BH (oracle LR),200,0.95,independent,0.0,0.2,0.01866765873015873,0.058411314779520725,0.45402139527139523,0.22111699684588593,4.89,0.8932370436207694,200
e-BH (oracle LR),200,0.95,prds_ar1,0.5,0.01,0.0,0.0,0.0823379270583218,0.10345706394483828,0.88,0.8853685514315996,200
e-BH (oracle LR),200,0.95,prds_ar1,0.5,0.05,0.007916666666666666,0.07638425700387884,0.21606751760021883,0.17231335157632643,2.32,0.8853685514315996,200
e-BH (oracle LR),200,0.95,prds_ar1,0.5,0.1,0.011136904761904763,0.04860400024987535,0.32052383452460853,0.2048158719459018,3.455,0.8853685514315996,200
e-BH (oracle LR),200,0.95,prds_ar1,0.5,0.2,0.021259060384060384,0.06353483002599404,0.42500366798664013,0.21906008411412978,4.665,0.8853685514315996,200
e-BH (oracle LR),200,0.95,prds_block,0.3,0.01,0.0,0.0,0.08548590042997936,0.10704108446734972,0.885,0.8795123597819168,200
e-BH (oracle LR),200,0.95,prds_block,0.3,0.05,0.006833333333333334,0.07293002390220596,0.22975439354676971,0.1893917161735303,2.365,0.8795123597819168,200
e-BH (oracle LR),200,0.95,prds_block,0.3,0.1,0.009015873015873015,0.048606899476196425,0.31782077852917634,0.2103542283657306,3.33,0.8795123597819168,200
e-BH (oracle LR),200,0.95,prds_block,0.3,0.2,0.023322781385281384,0.07373827604848689,0.41439309589619183,0.2347959446038271,4.465,0.8795123597819168,200
e-BH (oracle LR),500,0.5,independent,0.0,0.01,0.00019375804375804378,0.0015765360944483156,0.2870112197937065,0.04480039542616403,72.075,0.9891063422649394,200
e-BH (oracle LR),500,0.5,independent,0.0,0.05,0.0024109839588510266,0.004020421548863815,0.5824350837855716,0.04251971699809621,146.375,0.9891063422649394,200
e-BH (oracle LR),500,0.5,independent,0.0,0.1,0.005626580831889299,0.005200387958790031,0.6956887873238629,0.03562337360183662,175.37,0.9891063422649394,200
e-BH (oracle LR),500,0.5,independent,0.0,0.2,0.010800748738189783,0.007375924997304467,0.7853955061849294,0.029924371685716593,198.975,0.9891063422649394,200
e-BH (oracle LR),500,0.5,prds_ar1,0.5,0.01,0.00022011182399381157,0.0015576271833956283,0.27772623285801007,0.05854669681347744,69.33,0.9889087808587237,200
e-BH (oracle LR),500,0.5,prds_ar1,0.5,0.05,0.002703197142078023,0.0046683197105465025,0.57272458888129,0.05456181582535989,143.215,0.9889087808587237,200
e-BH (oracle LR),500,0.5,prds_ar1,0.5,0.1,0.0059270066274490175,0.0063211161196158935,0.6860633520622883,0.04699418557192543,172.145,0.9889087808587237,200
e-BH (oracle LR),500,0.5,prds_ar1,0.5,0.2,0.010965722616385436,0.008493552424038615,0.7801853843477204,0.0373626138082532,196.75,0.9889087808587237,200
e-BH (oracle LR),500,0.5,prds_block,0.3,0.01,0.00048620571881273673,0.0027764613093177746,0.29158433836175274,0.07956123698394757,73.07,0.9892421658894207,200
e-BH (oracle LR),500,0.5,prds_block,0.3,0.05,0.0028970104623104835,0.0051460992636006,0.5795511181020693,0.07096973739244032,145.45,0.9892421658894207,200
e-BH (oracle LR),500,0.5,prds_block,0.3,0.1,0.005999572736055313,0.007143202249049586,0.6919795489205842,0.06089065071204026,174.175,0.9892421658894207,200
e-BH (oracle LR),500,0.5,prds_block,0.3,0.2,0.011468574559898869,0.009288689632340542,0.7814505693923374,0.048180634670700925,197.735,0.9892421658894207,200
e-BH (oracle LR),500,0.7,independent,0.0,0.01,0.0007241434276317997,0.005359516846425779,0.20565446105813387,0.05943855040821965,30.94,0.9755473715541056,200
e-BH (oracle LR),500,0.7,independent,0.0,0.05,0.004827636636243394,0.007556559891317817,0.4946944020274123,0.05924384527434408,74.59,0.9755473715541056,200
e-BH (oracle LR),500,0.7,independent,0.0,0.1,0.008460354359753201,0.009691718807559375,0.6195199384830721,0.053830481739869616,93.76,0.9755473715541056,200
e-BH (oracle LR),500,0.7,independent,0.0,0.2,0.018505244335131378,0.012368832057634343,0.722456166894199,0.05076356396485002,110.415,0.9755473715541056,200
e-BH (oracle LR),500,0.7,prds_ar1,0.5,0.01,0.00015151515151515152,0.002142747821777417,0.20895992310718622,0.0649187831655422,31.355,0.9766601407821903,200
e-BH (oracle LR),500,0.7,prds_ar1,0.5,0.05,0.004219959042410634,0.007497585125217846,0.49126895081556654,0.06895266633261064,73.91,0.9766601407821903,200
e-BH (oracle LR),500,0.7,prds_ar1,0.5,0.1,0.008508697568885996,0.009311317843346453,0.6137033062064072,0.05884608114185284,92.64,0.9766601407821903,200
e-BH (oracle LR),500,0.7,prds_ar1,0.5,0.2,0.018797069433198647,0.013163021465872643,0.721274738922427,0.05073033871168273,110.015,0.9766601407821903,200
e-BH (oracle LR),500,0.7,prds_block,0.3,0.01,0.0,0.0,0.19940535460141715,0.0798874791447889,30.365,0.977563901786059,200
e-BH (oracle LR),500,0.7,prds_block,0.3,0.05,0.0036821761458102125,0.0069289432510956685,0.48425180796401307,0.08614932685983656,73.87,0.977563901786059,200
e-BH (oracle LR),500,0.7,prds_block,0.3,0.1,0.007785627438319381,0.009993001715094187,0.610975278476009,0.07853638398993408,93.555,0.977563901786059,200
e-BH (oracle LR),500,0.7,prds_block,0.3,0.2,0.01630121562943404,0.01375123260695317,0.7135540991764932,0.06542771172572734,110.175,0.977563901786059,200
e-BH (oracle LR),500,0.9,independent,0.0,0.01,0.0,0.0,0.09367851827898882,0.06375047587004619,4.75,0.9315855277146023,200
e-BH (oracle LR),500,0.9,independent,0.0,0.05,0.0035303398238365935,0.014281403580800824,0.28899292414382155,0.10084897760186701,14.765,0.9315855277146023,200
e-BH (oracle LR),500,0.9,independent,0.0,0.1,0.008957671685003044,0.02060553271805278,0.42321132946363577,0.10408038532216193,21.715,0.9315855277146023,200
e-BH (oracle LR),500,0.9,independent,0.0,0.2,0.021928518911496643,0.028956863684588486,0.5578148273789705,0.09350883432398831,28.98,0.9315855277146023,200
e-BH (oracle LR),500,0.9,prds_ar1,0.5,0.01,0.0,0.0,0.08389319686889596,0.060352536859325935,4.275,0.9290618882038906,200
e-BH (oracle LR),500,0.9,prds_ar1,0.5,0.05,0.004756339778474318,0.02082247189298556,0.2826933569287786,0.10238115985086894,14.43,0.9290618882038906,200
e-BH (oracle LR),500,0.9,prds_ar1,0.5,0.1,0.00875478606847409,0.022560945083607887,0.41303994634093527,0.1053629667899892,21.17,0.9290618882038906,200
e-BH (oracle LR),500,0.9,prds_ar1,0.5,0.2,0.02115261162310832,0.028277660877785257,0.5420395359703596,0.11210556902492644,28.055,0.9290618882038906,200
e-BH (oracle LR),500,0.9,prds_block,0.3,0.01,0.0005555555555555556,0.007856742013183858,0.09008183603377691,0.0717648306559938,4.515,0.9303040839195209,200
e-BH (oracle LR),500,0.9,prds_block,0.3,0.05,0.002779011067336112,0.01157803233961818,0.29986283664420965,0.1195322696190039,15.14,0.9303040839195209,200
e-BH (oracle LR),500,0.9,prds_block,0.3,0.1,0.011746635415156907,0.026763405574231007,0.4185011594662526,0.1185649291289867,21.28,0.9303040839195209,200
e-BH (oracle LR),500,0.9,prds_block,0.3,0.2,0.02529156270568074,0.036774364921730675,0.5487618187314905,0.11178671922037504,28.235,0.9303040839195209,200
e-BH (oracle LR),500,0.95,independent,0.0,0.01,0.0,0.0,0.06166594414268998,0.06696316740868591,1.585,0.8871306485447435,200
e-BH (oracle LR),500,0.95,independent,0.0,0.05,0.001287878787878788,0.013395888185094155,0.19381099506304816,0.11708145582898695,4.92,0.8871306485447435,200
e-BH (oracle LR),500,0.95,independent,0.0,0.1,0.008316114441114441,0.03002679722655451,0.2964264480974803,0.1369499756058693,7.585,0.8871306485447435,200
e-BH (oracle LR),500,0.95,independent,0.0,0.2,0.020219344003090133,0.04193927205183604,0.42308189742858704,0.14118382380761726,10.95,0.8871306485447435,200
e-BH (oracle LR),500,0.95,prds_ar1,0.5,0.01,0.0,0.0,0.058581221605484964,0.06512201505725129,1.49,0.8822574708042177,200
e-BH (oracle LR),500,0.95,prds_ar1,0.5,0.05,0.0034999999999999996,0.028580310894989764,0.19821739819803055,0.12019048407140315,5.075,0.8822574708042177,200
e-BH (oracle LR),500,0.95,prds_ar1,0.5,0.1,0.00998550061050061,0.037721397670922426,0.29263703785550343,0.13251767321906074,7.565,0.8822574708042177,200
e-BH (oracle LR),500,0.95,prds_ar1,0.5,0.2,0.02130138485320037,0.04946713069424833,0.41133901080955004,0.14950307109323197,10.71,0.8822574708042177,200
e-BH (oracle LR),500,0.95,prds_block,0.3,0.01,0.0,0.0,0.061523117092370294,0.07065443933497875,1.575,0.8899689161135491,200
e-BH (oracle LR),500,0.95,prds_block,0.3,0.05,0.0013712121212121212,0.011170866343519369,0.1995849835920549,0.13577280508796893,5.145,0.8899689161135491,200
e-BH (oracle LR),500,0.95,prds_block,0.3,0.1,0.007887787865729043,0.026978742298697893,0.3047416111216608,0.15301132608637713,7.84,0.8899689161135491,200
e-BH (oracle LR),500,0.95,prds_block,0.3,0.2,0.02636456456359034,0.05619186696829501,0.4183731003397493,0.1677025614390184,10.905,0.8899689161135491,200
e-BH (oracle LR),1000,0.5,independent,0.0,0.01,0.00031007898471520167,0.0014397165433154859,0.2896053823266566,0.03244091745881366,145.12,0.9891109206395104,200
e-BH (oracle LR),1000,0.5,independent,0.0,0.05,0.002590943013732733,0.002932677376242528,0.5882115123876737,0.028684737826564072,295.325,0.9891109206395104,200
e-BH (oracle LR),1000,0.5,independent,0.0,0.1,0.0060324376175385185,0.0043366340883608245,0.6963697810999365,0.024512564333343794,350.835,0.9891109206395104,200
e-BH (oracle LR),1000,0.5,independent,0.0,0.2,0.011176997114933952,0.005326867572963637,0.7884911558384888,0.02075191166343488,399.305,0.9891109206395104,200
e-BH (oracle LR),1000,0.5,prds_ar1,0.5,0.01,0.00031679551495809844,0.0016185801502420839,0.28675234530927807,0.03918146389286134,143.455,0.9889143290855145,200
e-BH (oracle LR),1000,0.5,prds_ar1,0.5,0.05,0.0031347313114125238,0.0034152476242572147,0.58470159550714,0.03493729179664095,293.34,0.9889143290855145,200
e-BH (oracle LR),1000,0.5,prds_ar1,0.5,0.1,0.005990842266342126,0.004628880426911862,0.694600037520854,0.031044709939838627,349.465,0.9889143290855145,200
e-BH (oracle LR),1000,0.5,prds_ar1,0.5,0.2,0.011169352638029914,0.005777804637052562,0.7858202057423336,0.026994450608736405,397.415,0.9889143290855145,200
e-BH (oracle LR),1000,0.5,prds_block,0.3,0.01,0.0003527847506489409,0.0014810539889481852,0.28547294797994593,0.06516157932115313,143.2,0.9889001863375582,200
e-BH (oracle LR),1000,0.5,prds_block,0.3,0.05,0.00326373558241503,0.003857727785523843,0.5793102595637015,0.06133945254287407,291.44,0.9889001863375582,200
e-BH (oracle LR),1000,0.5,prds_block,0.3,0.1,0.006275129405091168,0.0054772683070853905,0.6898393559540935,0.052458071210734786,348.01,0.9889001863375582,200
e-BH (oracle LR),1000,0.5,prds_block,0.3,0.2,0.011595565142407427,0.0076674865349880186,0.7829703971148132,0.0422815918839117,397.115,0.9889001863375582,200
e-BH (oracle LR),1000,0.7,independent,0.0,0.01,0.0004174107321994646,0.0027302749438955685,0.20502985966381224,0.04057339297023267,61.545,0.9755297165768135,200
e-BH (oracle LR),1000,0.7,independent,0.0,0.05,0.004440567405376315,0.005394956566484105,0.4889615808980183,0.03562753312320779,147.29,0.9755297165768135,200
e-BH (oracle LR),1000,0.7,independent,0.0,0.1,0.009528030524385752,0.007126323514438037,0.6111083753991103,0.034443990559221475,185.065,0.9755297165768135,200
e-BH (oracle LR),1000,0.7,independent,0.0,0.2,0.017936161202079366,0.00938453073535661,0.7206146412513046,0.029388135249588526,220.115,0.9755297165768135,200
e-BH (oracle LR),1000,0.7,prds_ar1,0.5,0.01,0.00044431235915404904,0.0025680072132381227,0.1987047981130057,0.05004203515521552,59.47,0.9761877998235242,200
e-BH (oracle LR),1000,0.7,prds_ar1,0.5,0.05,0.0036778423615900975,0.005343610741667485,0.49076777522815135,0.047364501212410856,147.295,0.9761877998235242,200
e-BH (oracle LR),1000,0.7,prds_ar1,0.5,0.1,0.008507637095592708,0.007036117870024414,0.6122930442610311,0.04278193632346758,184.64,0.9761877998235242,200
e-BH (oracle LR),1000,0.7,prds_ar1,0.5,0.2,0.017371332254249725,0.009329854509800848,0.7190163114797553,0.03622170792268218,218.735,0.9761877998235242,200
e-BH (oracle LR),1000,0.7,prds_block,0.3,0.01,0.00044129351730355036,0.0024769572812265495,0.19414286933574487,0.06800433819926179,57.915,0.9772004849454377,200
e-BH (oracle LR),1000,0.7,prds_block,0.3,0.05,0.0038259841175696018,0.0052856394513286905,0.4832037578216084,0.07033572989053831,144.62,0.9772004849454377,200
e-BH (oracle LR),1000,0.7,prds_block,0.3,0.1,0.008423074827394596,0.007027903222321154,0.6113178117539326,0.06281090116151916,183.805,0.9772004849454377,200
e-BH (oracle LR),1000,0.7,prds_block,0.3,0.2,0.016516049756902348,0.01064062597623077,0.7200500879319297,0.05211939111798752,218.275,0.9772004849454377,200
e-BH (oracle LR),1000,0.9,independent,0.0,0.01,0.0,0.0,0.0811718376130553,0.04954573909908154,8.19,0.9322887605177044,200
e-BH (oracle LR),1000,0.9,independent,0.0,0.05,0.0028404374676639053,0.010249787148451992,0.29694549171471957,0.07221792194797808,29.815,0.9322887605177044,200
e-BH (oracle LR),1000,0.9,independent,0.0,0.1,0.008403037405751851,0.014446726574609837,0.4170472187878877,0.07113989324929756,42.015,0.9322887605177044,200
e-BH (oracle LR),1000,0.9,independent,0.0,0.2,0.021610540242048372,0.01843219186266643,0.5494135013727187,0.06611047908950052,56.025,0.9322887605177044,200
e-BH (oracle LR),1000,0.9,prds_ar1,0.5,0.01,0.00043402777777777775,0.00449751814905228,0.08418136744829594,0.05301842451616648,8.38,0.9289242921651955,200
e-BH (oracle LR),1000,0.9,prds_ar1,0.5,0.05,0.004915724762808791,0.013062365692427481,0.2859512110004646,0.0772198387718661,28.485,0.9289242921651955,200
e-BH (oracle LR),1000,0.9,prds_ar1,0.5,0.1,0.012702319913345085,0.018042233394629955,0.406097617976907,0.08370333420423806,40.78,0.9289242921651955,200
e-BH (oracle LR),1000,0.9,prds_ar1,0.5,0.2,0.024240961628268286,0.020695297903453903,0.5399087256310349,0.07614330307104222,54.775,0.9289242921651955,200
e-BH (oracle LR),1000,0.9,prds_block,0.3,0.01,0.0,0.0,0.07624514909823502,0.05463450211224268,7.845,0.9321948269195972,200
e-BH (oracle LR),1000,0.9,prds_block,0.3,0.05,0.002504284451413006,0.008812286805409943,0.2876758982108277,0.09221614256257467,29.39,0.9321948269195972,200
e-BH (oracle LR),1000,0.9,prds_block,0.3,0.1,0.007913263013101331,0.014376422180889387,0.4180197025947228,0.09274189938568445,42.81,0.9321948269195972,200
e-BH (oracle LR),1000,0.9,prds_block,0.3,0.2,0.020735405547520847,0.02259552819416969,0.5435610580255797,0.08619125521790232,56.355,0.9321948269195972,200
e-BH (oracle LR),1000,0.95,independent,0.0,0.01,0.0,0.0,0.048233626456338066,0.047602790283838604,2.455,0.883906124503879,200
e-BH (oracle LR),1000,0.95,independent,0.0,0.05,0.0019369747899159661,0.013249074219544545,0.179611623289017,0.09379717067688781,9.07,0.883906124503879,200
e-BH (oracle LR),1000,0.95,independent,0.0,0.1,0.009010069644551068,0.023008077841001066,0.29117168055768816,0.10460101998672701,14.925,0.883906124503879,200
e-BH (oracle LR),1000,0.95,independent,0.0,0.2,0.02264693525065435,0.03386831302334339,0.4224020983048986,0.10943845573171587,21.935,0.883906124503879,200
e-BH (oracle LR),1000,0.95,prds_ar1,0.5,0.01,0.0,0.0,0.045812017783020895,0.044359516909470716,2.335,0.8879841338652464,200
e-BH (oracle LR),1000,0.95,prds_ar1,0.5,0.05,0.002895359026937974,0.014468105571041912,0.1859916590186291,0.08999485490483139,9.43,0.8879841338652464,200
e-BH (oracle LR),1000,0.95,prds_ar1,0.5,0.1,0.0073981341196107655,0.023608420468454672,0.2848571965899778,0.10070082660139507,14.515,0.8879841338652464,200
e-BH (oracle LR),1000,0.95,prds_ar1,0.5,0.2,0.018982502264498945,0.03120082209864035,0.4128306817486331,0.09877258453652309,21.3,0.8879841338652464,200
e-BH (oracle LR),1000,0.95,prds_block,0.3,0.01,0.001,0.01414213562373095,0.045623102377494756,0.04727264459374582,2.3,0.8869517201116938,200
e-BH (oracle LR),1000,0.95,prds_block,0.3,0.05,0.002632811632811633,0.014405719263426878,0.175622032665338,0.09533565901889651,8.945,0.8869517201116938,200
e-BH (oracle LR),1000,0.95,prds_block,0.3,0.1,0.008062461263080458,0.02042495841757782,0.27589707186543205,0.114267263670216,14.155,0.8869517201116938,200
e-BH (oracle LR),1000,0.95,prds_block,0.3,0.2,0.021387698987195773,0.031753860267924504,0.40886522104427625,0.12345626967545897,21.26,0.8869517201116938,200
e-BH (oracle LR),2000,0.5,independent,0.0,0.01,0.00037968910893813266,0.0011363484588164823,0.28770155633068084,0.023376428720786567,287.95,0.9888219489468856,200
e-BH (oracle LR),2000,0.5,independent,0.0,0.05,0.0030357961382378195,0.0021377217417545037,0.5839662563128958,0.020399374824367485,585.845,0.9888219489468856,200
e-BH (oracle LR),2000,0.5,independent,0.0,0.1,0.006421310202523559,0.002861353579529667,0.6959822553496159,0.01733701112575261,700.62,0.9888219489468856,200
e-BH (oracle LR),2000,0.5,independent,0.0,0.2,0.0119561362245288,0.003999169512053654,0.7881424017280944,0.01514692628861162,797.84,0.9888219489468856,200
e-BH (oracle LR),2000,0.5,prds_ar1,0.5,0.01,0.00045241497513016883,0.0012716785980725718,0.2891288922736282,0.032601516460785844,289.825,0.9886730861946953,200
e-BH (oracle LR),2000,0.5,prds_ar1,0.5,0.05,0.0031773971661582033,0.002429617434281224,0.5818976519675997,0.027684380446943532,584.795,0.9886730861946953,200
e-BH (oracle LR),2000,0.5,prds_ar1,0.5,0.1,0.006610458141610026,0.003210348155636441,0.6942093346667697,0.02346956659182722,700.08,0.9886730861946953,200
e-BH (oracle LR),2000,0.5,prds_ar1,0.5,0.2,0.01205928108840844,0.004121383672594268,0.7849097635011175,0.020350022615267725,795.925,0.9886730861946953,200
e-BH (oracle LR),2000,0.5,prds_block,0.3,0.01,0.0002535485630879006,0.0009126077898651394,0.2791820728475568,0.05350863707567263,279.045,0.9893489124162962,200
e-BH (oracle LR),2000,0.5,prds_block,0.3,0.05,0.0029318404290569512,0.002803582159863029,0.5809288110833607,0.047353219436567354,582.275,0.9893489124162962,200
e-BH (oracle LR),2000,0.5,prds_block,0.3,0.1,0.005962023275778794,0.0038801826630224146,0.6935919639077729,0.041112718729812175,697.33,0.9893489124162962,200
e-BH (oracle LR),2000,0.5,prds_block,0.3,0.2,0.011362788120419562,0.00582561269005214,0.7863916808330624,0.034019051606192785,794.93,0.9893489124162962,200
e-BH (oracle LR),2000,0.7,independent,0.0,0.01,0.0003923645659927187,0.0017304708166080368,0.20027460180948922,0.0305921832590229,120.49,0.9761297654427824,200
e-BH (oracle LR),2000,0.7,independent,0.0,0.05,0.004110025091053903,0.0037098168486494787,0.4911688270197429,0.03177441216028627,296.53,0.9761297654427824,200
e-BH (oracle LR),2000,0.7,independent,0.0,0.1,0.009115518219393343,0.0049810363806015775,0.615056852646765,0.028458037130133198,373.22,0.9761297654427824,200
e-BH (oracle LR),2000,0.7,independent,0.0,0.2,0.01748306991839756,0.005858383386863122,0.7211936065105118,0.023671375667048113,441.345,0.9761297654427824,200
e-BH (oracle LR),2000,0.7,prds_ar1,0.5,0.01,0.0002988902230828291,0.0014802020093936778,0.20604461651712858,0.03352742479188894,124.465,0.9761082818704981,200
e-BH (oracle LR),2000,0.7,prds_ar1,0.5,0.05,0.004135514806781641,0.003766241107808653,0.4941367693343689,0.033204156733067015,299.52,0.9761082818704981,200
e-BH (oracle LR),2000,0.7,prds_ar1,0.5,0.1,0.009342485589536747,0.00510773963802507,0.6150997788123107,0.029663677289981486,374.77,0.9761082818704981,200
e-BH (oracle LR),2000,0.7,prds_ar1,0.5,0.2,0.018507222904948627,0.006809315550287324,0.7235261669445162,0.025576542279437058,444.945,0.9761082818704981,200
e-BH (oracle LR),2000,0.7,prds_block,0.3,0.01,0.000556991284826726,0.0020895319827362066,0.20252840509744818,0.0525428430873829,121.705,0.9764021657751911,200
e-BH (oracle LR),2000,0.7,prds_block,0.3,0.05,0.00417472073575195,0.00384557137717936,0.49492904245277963,0.050637176385329614,298.415,0.9764021657751911,200
e-BH (oracle LR),2000,0.7,prds_block,0.3,0.1,0.008674536992621096,0.005637980758855153,0.6193766373224782,0.04626854588748241,375.11,0.9764021657751911,200
e-BH (oracle LR),2000,0.7,prds_block,0.3,0.2,0.0173846890523997,0.008437109155128074,0.7243086576669726,0.03967745388170738,442.545,0.9764021657751911,200
e-BH (oracle LR),2000,0.9,independent,0.0,0.01,0.0002777777777777778,0.003928371006591929,0.07719117012047995,0.03494394786024218,15.585,0.9303317271483671,200
e-BH (oracle LR),2000,0.9,independent,0.0,0.05,0.0034532714415016663,0.008209019403506865,0.29192247629019014,0.05487527688845735,58.93,0.9303317271483671,200
e-BH (oracle LR),2000,0.9,independent,0.0,0.1,0.00946093586875867,0.010311442667322621,0.4170691994536964,0.05381443325299442,84.615,0.9303317271483671,200
e-BH (oracle LR),2000,0.9,independent,0.0,0.2,0.021830099188629486,0.014054600404663702,0.5456825273584153,0.04979315187823247,112.035,0.9303317271483671,200
e-BH (oracle LR),2000,0.9,prds_ar1,0.5,0.01,0.0,0.0,0.07444950194058743,0.03469673395460212,14.81,0.9285364732232886,200
e-BH (oracle LR),2000,0.9,prds_ar1,0.5,0.05,0.0036091658757794786,0.007785996289837874,0.2850212276073592,0.05591447424651764,56.945,0.9285364732232886,200
e-BH (oracle LR),2000,0.9,prds_ar1,0.5,0.1,0.009270704805422313,0.01095499076511715,0.4124461307313842,0.05771656931988187,82.785,0.9285364732232886,200
e-BH (oracle LR),2000,0.9,prds_ar1,0.5,0.2,0.022709784401670263,0.015357668362929322,0.5463758321137387,0.05400203372958783,111.11,0.9285364732232886,200
e-BH (oracle LR),2000,0.9,prds_block,0.3,0.01,0.0004027777777777777,0.004299686657644968,0.07876827966666886,0.042219990450528704,15.825,0.9304289452488403,200
e-BH (oracle LR),2000,0.9,prds_block,0.3,0.05,0.004027589670148778,0.008642461227161445,0.2919592686529381,0.06795011623068667,58.76,0.9304289452488403,200
e-BH (oracle LR),2000,0.9,prds_block,0.3,0.1,0.00975961123067847,0.011307803734305417,0.41890112769181387,0.06741799471152468,84.725,0.9304289452488403,200
e-BH (oracle LR),2000,0.9,prds_block,0.3,0.2,0.02354724005181657,0.017604405468682093,0.5462441234770865,0.06267160683765484,112.135,0.9304289452488403,200
e-BH (oracle LR),2000,0.95,independent,0.0,0.01,0.0,0.0,0.040925347242233595,0.029475776949278193,4.055,0.8823861909009255,200
e-BH (oracle LR),2000,0.95,independent,0.0,0.05,0.002051894158473106,0.01077662739941591,0.17597002803613346,0.06150761190497409,17.55,0.8823861909009255,200
e-BH (oracle LR),2000,0.95,independent,0.0,0.1,0.007830177688435089,0.01777018794387721,0.2844821503341106,0.07119706209772338,28.515,0.8823861909009255,200
e-BH (oracle LR),2000,0.95,independent,0.0,0.2,0.019546422623405234,0.02164854487285282,0.4153797330295055,0.06825746403064398,42.04,0.8823861909009255,200
e-BH (oracle LR),2000,0.95,prds_ar1,0.5,0.01,0.0,0.0,0.03706536795369977,0.03332935537257289,3.755,0.8863281284696545,200
e-BH (oracle LR),2000,0.95,prds_ar1,0.5,0.05,0.0019070791070574505,0.009206230238860228,0.17590684124591438,0.07772497447253165,17.805,0.8863281284696545,200
e-BH (oracle LR),2000,0.95,prds_ar1,0.5,0.1,0.007451931463075958,0.01624589138343455,0.28224048516110195,0.07899765314724264,28.64,0.8863281284696545,200
e-BH (oracle LR),2000,0.95,prds_ar1,0.5,0.2,0.019531795137523393,0.021123133763969654,0.4161274764571399,0.08337829704981796,42.69,0.8863281284696545,200
e-BH (oracle LR),2000,0.95,prds_block,0.3,0.01,0.0,0.0,0.044482815047780594,0.04004473719886233,4.445,0.8890448971918592,200
e-BH (oracle LR),2000,0.95,prds_block,0.3,0.05,0.002396971308261631,0.011701119747229762,0.18895329725170765,0.07892764526461074,18.97,0.8890448971918592,200
e-BH (oracle LR),2000,0.95,prds_block,0.3,0.1,0.008527246832110038,0.01770083576707029,0.29093219319512154,0.08569805758969883,29.315,0.8890448971918592,200
e-BH (oracle LR),2000,0.95,prds_block,0.3,0.2,0.020226825170800752,0.02280949184029235,0.4193340400226535,0.08472988646683713,42.705,0.8890448971918592,200
e-BH (oracle LR),5000,0.5,independent,0.0,0.01,0.00043916258871634655,0.0007598845335348371,0.28819439250555684,0.014340769795486237,721.82,0.9888008848819716,200
e-BH (oracle LR),5000,0.5,independent,0.0,0.05,0.0031722545311983303,0.0014287628087098936,0.5835087743907483,0.01302682334730576,1465.485,0.9888008848819716,200
e-BH (oracle LR),5000,0.5,independent,0.0,0.1,0.006251194258495018,0.0018324906812216784,0.6950108140331533,0.011982688887901256,1750.93,0.9888008848819716,200
e-BH (oracle LR),5000,0.5,independent,0.0,0.2,0.011712591708369937,0.0024077257288482004,0.7864684352526681,0.00984125688563649,1992.275,0.9888008848819716,200
e-BH (oracle LR),5000,0.5,prds_ar1,0.5,0.01,0.00040934121071369267,0.0007699650252795935,0.2877651725839716,0.01908180840860687,720.455,0.9887420364412938,200
e-BH (oracle LR),5000,0.5,prds_ar1,0.5,0.05,0.0030779361855662536,0.0015930406231566253,0.582165493679729,0.017067931103929755,1461.445,0.9887420364412938,200
e-BH (oracle LR),5000,0.5,prds_ar1,0.5,0.1,0.006314003008694617,0.002095775556465777,0.6944526281036711,0.0138493337855256,1748.94,0.9887420364412938,200
e-BH (oracle LR),5000,0.5,prds_ar1,0.5,0.2,0.011734483572413088,0.002663774137968158,0.785861254798202,0.01184114640832298,1990.01,0.9887420364412938,200
e-BH (oracle LR),5000,0.5,prds_block,0.3,0.01,0.00046300942346333125,0.0008060326157907434,0.2921340801506963,0.03476118674232678,731.085,0.9887256544931948,200
e-BH (oracle LR),5000,0.5,prds_block,0.3,0.05,0.003471384619510727,0.002024462776812901,0.5872817876718838,0.0328823428426272,1473.94,0.9887256544931948,200
e-BH (oracle LR),5000,0.5,prds_block,0.3,0.1,0.00667860576420608,0.002654900216857001,0.6989032635606205,0.028611607883408767,1759.655,0.9887256544931948,200
e-BH (oracle LR),5000,0.5,prds_block,0.3,0.2,0.012029352894936667,0.003711350936230967,0.7893542928053836,0.02304244387408076,1998.11,0.9887256544931948,200
e-BH (oracle LR),5000,0.7,independent,0.0,0.01,0.0004676350678126664,0.0012656415845425791,0.2001197150134972,0.018157066894789544,299.27,0.9761648913553652,200
e-BH (oracle LR),5000,0.7,independent,0.0,0.05,0.003879876398457366,0.0023662204245997924,0.4915799356794777,0.017691616852381683,737.425,0.9761648913553652,200
e-BH (oracle LR),5000,0.7,independent,0.0,0.1,0.00873713036673597,0.0030849616533729193,0.6145176589395162,0.016318194873427245,926.315,0.9761648913553652,200
e-BH (oracle LR),5000,0.7,independent,0.0,0.2,0.017276626631425727,0.003758112042922861,0.7228419650010587,0.01339366868131609,1099.035,0.9761648913553652,200
e-BH (oracle LR),5000,0.7,prds_ar1,0.5,0.01,0.0004101858622749565,0.0011592033951868274,0.20212642965119054,0.021667400921524582,302.745,0.9761859282734677,200
e-BH (oracle LR),5000,0.7,prds_ar1,0.5,0.05,0.004381896856799887,0.0026366121148247265,0.4910294556298429,0.022753979145063656,738.195,0.9761859282734677,200
e-BH (oracle LR),5000,0.7,prds_ar1,0.5,0.1,0.008857501931988055,0.00327210691196315,0.614568631446189,0.02068031834041662,928.02,0.9761859282734677,200
e-BH (oracle LR),5000,0.7,prds_ar1,0.5,0.2,0.017504247330426766,0.0046752655675452144,0.722898031111972,0.01715797831241246,1101.2,0.9761859282734677,200
e-BH (oracle LR),5000,0.7,prds_block,0.3,0.01,0.0004095881863721929,0.0012190519764961956,0.2023194125091924,0.035260191726296276,304.68,0.9764247602905044,200
e-BH (oracle LR),5000,0.7,prds_block,0.3,0.05,0.004301327439942124,0.0028801914989714924,0.49146489728087106,0.036243794791722864,742.805,0.9764247602905044,200
e-BH (oracle LR),5000,0.7,prds_block,0.3,0.1,0.008875550777516032,0.004354171504053337,0.6158473777531633,0.03262612607132015,935.07,0.9764247602905044,200
e-BH (oracle LR),5000,0.7,prds_block,0.3,0.2,0.01711804213050857,0.00624190839706215,0.7226015589926129,0.02788493955912881,1106.335,0.9764247602905044,200
e-BH (oracle LR),5000,0.9,independent,0.0,0.01,0.00015231333027943198,0.0015290305485614229,0.07389016301055866,0.024242736186106086,36.99,0.9295515426165356,200
e-BH (oracle LR),5000,0.9,independent,0.0,0.05,0.003616930076985031,0.0050648011192259085,0.28953191462959493,0.03178439458350272,145.065,0.9295515426165356,200
e-BH (oracle LR),5000,0.9,independent,0.0,0.1,0.00996374939510287,0.0064932938508188215,0.41647489970474877,0.03477332697340562,209.87,0.9295515426165356,200
e-BH (oracle LR),5000,0.9,independent,0.0,0.2,0.021377403956022004,0.008183093566344862,0.5454187509784876,0.031781259072382086,278.015,0.9295515426165356,200
e-BH (oracle LR),5000,0.9,prds_ar1,0.5,0.01,0.00017857142857142857,0.002525381361380527,0.07095805403702343,0.025850941314202017,35.475,0.9294420797618885,200
e-BH (oracle LR),5000,0.9,prds_ar1,0.5,0.05,0.0043870922278403295,0.005626752097401678,0.28497289724559527,0.036721127788575975,143.05,0.9294420797618885,200
e-BH (oracle LR),5000,0.9,prds_ar1,0.5,0.1,0.009904312555274044,0.007510163181354373,0.414952217841874,0.03520382543152408,209.41,0.9294420797618885,200
e-BH (oracle LR),5000,0.9,prds_ar1,0.5,0.2,0.022312120647626756,0.009362791897755393,0.5449675672645463,0.03074240466753719,278.49,0.9294420797618885,200
e-BH (oracle LR),5000,0.9,prds_block,0.3,0.01,0.0002552049669976693,0.002077397211503721,0.07760511583431731,0.031224017772909386,39.08,0.9318909502612499,200
e-BH (oracle LR),5000,0.9,prds_block,0.3,0.05,0.003565562008936432,0.005470163526618834,0.29030737514227306,0.05028555220293186,146.575,0.9318909502612499,200
e-BH (oracle LR),5000,0.9,prds_block,0.3,0.1,0.009909787964087022,0.007833508676787835,0.4184172949371013,0.05080038212947431,212.53,0.9318909502612499,200
e-BH (oracle LR),5000,0.9,prds_block,0.3,0.2,0.021799056171804346,0.010707977622611414,0.5487713944186643,0.047421935731864255,282.05,0.9318909502612499,200
e-BH (oracle LR),5000,0.95,independent,0.0,0.01,0.0,0.0,0.0328471659377786,0.02129916131879784,8.265,0.882234303104972,200
e-BH (oracle LR),5000,0.95,independent,0.0,0.05,0.002377140207787717,0.007526810242061171,0.1767504120210285,0.04098993245902432,44.535,0.882234303104972,200
e-BH (oracle LR),5000,0.95,independent,0.0,0.1,0.008471070112129645,0.01041859572651339,0.28726603493603897,0.04451326963618571,72.84,0.882234303104972,200
e-BH (oracle LR),5000,0.95,independent,0.0,0.2,0.02119395429616894,0.013459723688589978,0.41666396288691687,0.04896091898644719,106.94,0.882234303104972,200
e-BH (oracle LR),5000,0.95,prds_ar1,0.5,0.01,0.00045454545454545455,0.006428243465332251,0.03601909882497606,0.024531672519815705,8.965,0.8823896804913951,200
e-BH (oracle LR),5000,0.95,prds_ar1,0.5,0.05,0.003110128320058003,0.008111901157943718,0.17505944841709162,0.04521001246789238,43.64,0.8823896804913951,200
e-BH (oracle LR),5000,0.95,prds_ar1,0.5,0.1,0.008888829284039432,0.011336664920175148,0.2864507013735436,0.04925196192376206,71.775,0.8823896804913951,200
e-BH (oracle LR),5000,0.95,prds_ar1,0.5,0.2,0.02101003962605124,0.01529943679113555,0.4163121424677354,0.04809411841497427,105.58,0.8823896804913951,200
e-BH (oracle LR),5000,0.95,prds_block,0.3,0.01,0.0,0.0,0.035741012163776203,0.026966152813927245,9.01,0.886294868001207,200
e-BH (oracle LR),5000,0.95,prds_block,0.3,0.05,0.0021022508369640184,0.006396768060790195,0.17596689604819774,0.054176716535103336,44.465,0.886294868001207,200
e-BH (oracle LR),5000,0.95,prds_block,0.3,0.1,0.00726617389302166,0.011496518982194798,0.29039431693269974,0.06322362363864371,73.695,0.886294868001207,200
e-BH (oracle LR),5000,0.95,prds_block,0.3,0.2,0.02084759584208983,0.017950614191269,0.41688021038583306,0.06058245085911479,107.225,0.886294868001207,200
