gamma,baseline_rejections,baseline_astro,baseline_astro_pct,baseline_adv
0.85,21844,6419,29.38564365500824,492
0.88,22147,6421,28.992640086693456,501
0.9,21606,6305,29.18170878459687,480
