method,gold_threshold,majority_frac,rejected_clusters,TP_clusters,FP_clusters,majority_clusters_total,cluster_precision,cluster_recall
leiden,10,0.3,19324,1397,17927,7651,0.07229352101014283,0.18259051104430793
leiden,10,0.5,19324,1375,17949,7473,0.0711550403643138,0.18399571791783756
leiden,10,0.8,19324,1219,18105,6656,0.06308217760298075,0.18314302884615385
leiden,100,0.3,19324,1376,17948,4171,0.07120678948457876,0.32989690721649484
leiden,100,0.5,19324,1343,17981,4050,0.06949906851583523,0.3316049382716049
leiden,100,0.8,19324,756,18568,2599,0.039122334920306354,0.2908811081185071
leiden,1000,0.3,19324,3,19321,30,0.0001552473607948665,0.1
leiden,1000,0.5,19324,1,19323,25,5.1749120264955494e-05,0.04
leiden,1000,0.8,19324,1,19323,15,5.1749120264955494e-05,0.06666666666666667
