method,gold_threshold,majority_frac,rejected_clusters,TP_clusters,FP_clusters,majority_clusters_total,cluster_precision,cluster_recall
leiden,10,0.3,22147,1303,20844,7201,0.05883415360996975,0.18094709068184975
leiden,10,0.5,22147,1287,20860,7002,0.05811170813202691,0.18380462724935734
leiden,10,0.8,22147,1141,21006,6129,0.05151939314579853,0.18616413770598791
leiden,100,0.3,22147,1287,20860,3986,0.05811170813202691,0.3228800802809834
leiden,100,0.5,22147,1265,20882,3883,0.05711834559985551,0.32577903682719545
leiden,100,0.8,22147,709,21438,2477,0.03201336524134194,0.28623334679047235
leiden,1000,0.3,22147,2,22145,21,9.030568474285456e-05,0.09523809523809523
leiden,1000,0.5,22147,1,22146,18,4.515284237142728e-05,0.05555555555555555
leiden,1000,0.8,22147,1,22146,9,4.515284237142728e-05,0.1111111111111111
