method,gold_threshold,majority_frac,rejected_clusters,TP_clusters,FP_clusters,majority_clusters_total,cluster_precision,cluster_recall
leiden,10,0.3,21844,1246,20598,7032,0.05704083501190258,0.1771899886234357
leiden,10,0.5,21844,1231,20613,6791,0.05635414759201612,0.18126932705050802
leiden,10,0.8,21844,1092,20752,5886,0.049990844167734846,0.18552497451580022
leiden,100,0.3,21844,1232,20612,3907,0.05639992675334188,0.3153314563603788
leiden,100,0.5,21844,1206,20638,3808,0.055209668558872,0.3167016806722689
leiden,100,0.8,21844,674,21170,2433,0.03085515473356528,0.2770242498972462
leiden,1000,0.3,21844,2,21842,20,9.155832265152902e-05,0.1
leiden,1000,0.5,21844,1,21843,18,4.577916132576451e-05,0.05555555555555555
leiden,1000,0.8,21844,1,21843,8,4.577916132576451e-05,0.125
