method,gold_threshold,majority_frac,rejected_clusters,TP_clusters,FP_clusters,majority_clusters_total,cluster_precision,cluster_recall
leiden,10,0.3,21606,1326,20280,7380,0.061371841155234655,0.1796747967479675
leiden,10,0.5,21606,1304,20302,7207,0.06035360547995927,0.18093520188705425
leiden,10,0.8,21606,1153,20453,6315,0.0533648060723873,0.18258115597783056
leiden,100,0.3,21606,1301,20305,4058,0.06021475516060354,0.32060128141941846
leiden,100,0.5,21606,1278,20328,3956,0.059150236045542905,0.3230535894843276
leiden,100,0.8,21606,714,20892,2507,0.03304637600666482,0.28480255285201433
leiden,1000,0.3,21606,2,21604,25,9.256687957048968e-05,0.08
leiden,1000,0.5,21606,1,21605,22,4.628343978524484e-05,0.045454545454545456
leiden,1000,0.8,21606,1,21605,10,4.628343978524484e-05,0.1
