method,gold_threshold,majority_frac,rejected_clusters,TP_clusters,FP_clusters,majority_clusters_total,cluster_precision,cluster_recall
leiden,10,0.3,14672,1425,13247,9178,0.09712377317339149,0.1552625844410547
leiden,10,0.5,14672,1389,13283,8993,0.0946701199563795,0.1544534638051818
leiden,10,0.8,14672,1241,13431,8147,0.08458287895310795,0.15232600957407635
leiden,100,0.3,14672,1387,13285,5295,0.09453380588876772,0.2619452313503305
leiden,100,0.5,14672,1360,13312,5209,0.09269356597600872,0.26108658091764253
leiden,100,0.8,14672,813,13859,3804,0.05541166848418757,0.2137223974763407
leiden,1000,0.3,14672,2,14670,29,0.00013631406761177754,0.06896551724137931
leiden,1000,0.5,14672,1,14671,26,6.815703380588877e-05,0.038461538461538464
leiden,1000,0.8,14672,1,14671,18,6.815703380588877e-05,0.05555555555555555
