kappa,rejection_rate,log_e_p10,log_e_p50,log_e_p90
50,0.0,-200.0,-196.55361586109524,-182.034904544341
100,0.0,-199.94092407403042,-185.28763372294276,-159.68279098871827
200,0.0,-142.9356700235072,-100.46148318176287,-49.399969699056875
500,1.0,162.08834737987655,191.12019356008983,199.30685282302935
1000,1.0,200.0,200.0,200.0
2000,1.0,200.0,200.0,200.0
3000,1.0,200.0,200.0,200.0
5000,1.0,200.0,200.0,200.0
8000,1.0,200.0,200.0,200.0
