size_bucket,K,base_rate,AP,rejected,precision_astro,recall_astro
"[8, 16)",12992,0.46721059113300495,0.8590005634372164,5745,0.8694516971279374,0.8228995057660626
"[16, 32)",1930,0.0010362694300518134,0.11666666666666667,10,0.1,0.5
"[32, 64)",826,0.0,,0,0.0,0.0
