scenario,pi0,alpha,rep,k_hat,fdr,tdp
S1_correct,0.5,0.05,0,1457,0.004118050789293068,0.5820296831127156
S1_correct,0.5,0.1,0,1759,0.007959067652075043,0.6999598876855194
S1_correct,0.5,0.15,0,1909,0.009429020429544265,0.7585238668271159
S1_correct,0.5,0.2,0,1992,0.012550200803212851,0.7890092258323306
S1_correct,0.5,0.05,1,1378,0.001451378809869376,0.5462485113140135
S1_correct,0.5,0.1,1,1684,0.004750593824228029,0.66534339023422
S1_correct,0.5,0.15,1,1875,0.0096,0.7371973005160778
S1_correct,0.5,0.2,1,1983,0.012607160867372668,0.777292576419214
S1_correct,0.5,0.05,2,1590,0.0012578616352201257,0.6403225806451613
S1_correct,0.5,0.1,2,1826,0.0032858707557502738,0.7338709677419355
S1_correct,0.5,0.15,2,1934,0.00672182006204757,0.7745967741935483
S1_correct,0.5,0.2,2,2004,0.0074850299401197605,0.802016129032258
S1_correct,0.5,0.05,3,1471,0.004078857919782461,0.5808881839809675
S1_correct,0.5,0.1,3,1781,0.009545199326221224,0.6994448850118953
S1_correct,0.5,0.15,3,1934,0.010858324715615306,0.7585249801744647
S1_correct,0.5,0.2,3,2041,0.014208721215090642,0.7977795400475813
S1_correct,0.5,0.05,4,1452,0.006887052341597796,0.5939044481054365
S1_correct,0.5,0.1,4,1703,0.009395184967704051,0.6948105436573312
S1_correct,0.5,0.15,4,1822,0.010428100987925357,0.7425864909390445
S1_correct,0.5,0.2,4,1926,0.013499480789200415,0.7825370675453048
S1_correct,0.5,0.05,5,1447,0.002073255010366275,0.5712025316455697
S1_correct,0.5,0.1,5,1750,0.004571428571428572,0.6890822784810127
S1_correct,0.5,0.15,5,1920,0.010416666666666666,0.7515822784810127
S1_correct,0.5,0.2,5,2031,0.014771048744460856,0.7915348101265823
S1_correct,0.5,0.05,6,1489,0.0047011417058428475,0.6007296311309283
S1_correct,0.5,0.1,6,1744,0.005733944954128441,0.7028779894608836
S1_correct,0.5,0.15,6,1857,0.010770059235325794,0.7446291041751115
S1_correct,0.5,0.2,6,1958,0.013789581205311542,0.782732063234698
S1_correct,0.5,0.05,7,1475,0.005423728813559322,0.595131845841785
S1_correct,0.5,0.1,7,1771,0.00846979107848673,0.7123732251521299
S1_correct,0.5,0.15,7,1886,0.011134676564156946,0.7565922920892495
S1_correct,0.5,0.2,7,1988,0.014587525150905433,0.7947261663286004
S1_correct,0.5,0.05,8,1486,0.004710632570659489,0.5852789869410367
S1_correct,0.5,0.1,8,1778,0.007874015748031496,0.6980609418282548
S1_correct,0.5,0.15,8,1921,0.008328995314940135,0.7538583300356153
S1_correct,0.5,0.2,8,2022,0.011869436201780416,0.7906608626830234
S1_correct,0.5,0.05,9,1467,0.0034083162917518746,0.5820063694267515
S1_correct,0.5,0.1,9,1753,0.005704506560182544,0.6938694267515924
S1_correct,0.5,0.15,9,1893,0.008980454305335447,0.7468152866242038
S1_correct,0.5,0.2,9,1990,0.012060301507537688,0.7826433121019108
S1_correct,0.5,0.05,10,1353,0.004434589800443459,0.5353736089030207
S1_correct,0.5,0.1,10,1677,0.007751937984496124,0.6613672496025437
S1_correct,0.5,0.15,10,1861,0.008060182697474477,0.733704292527822
S1_correct,0.5,0.2,10,1962,0.010193679918450561,0.7718600953895072
S1_correct,0.5,0.05,11,1506,0.0026560424966799467,0.6056451612903225
S1_correct,0.5,0.1,11,1790,0.005027932960893855,0.7181451612903226
S1_correct,0.5,0.15,11,1933,0.007759958613554061,0.7733870967741936
S1_correct,0.5,0.2,11,2028,0.010355029585798817,0.8092741935483871
S1_correct,0.5,0.05,12,1611,0.00186219739292365,0.6406374501992032
S1_correct,0.5,0.1,12,1867,0.0048205677557579,0.7402390438247012
S1_correct,0.5,0.15,12,1997,0.007511266900350526,0.7896414342629482
S1_correct,0.5,0.2,12,2067,0.009192065795839382,0.8159362549800797
S1_correct,0.5,0.05,13,1331,0.004507888805409466,0.527258257063271
S1_correct,0.5,0.1,13,1665,0.009009009009009009,0.6565857540787903
S1_correct,0.5,0.15,13,1815,0.009917355371900827,0.7150815758058098
S1_correct,0.5,0.2,13,1934,0.012409513960703205,0.7600477516912058
S1_correct,0.5,0.05,14,1522,0.0032851511169513796,0.6068
S1_correct,0.5,0.1,14,1800,0.009444444444444445,0.7132
S1_correct,0.5,0.15,14,1943,0.011837364899639732,0.768
S1_correct,0.5,0.2,14,2051,0.014139444173573866,0.8088
S1_correct,0.5,0.05,15,1536,0.004557291666666667,0.601494885916601
S1_correct,0.5,0.1,15,1823,0.006034009873834339,0.7128245476003147
S1_correct,0.5,0.15,15,1966,0.01017293997965412,0.7655389457120377
S1_correct,0.5,0.2,15,2061,0.011644832605531296,0.8013375295043274
S1_correct,0.5,0.05,16,1537,0.002602472348731295,0.5955710955710956
S1_correct,0.5,0.1,16,1796,0.005011135857461025,0.6942501942501943
S1_correct,0.5,0.15,16,1936,0.0046487603305785125,0.7486402486402487
S1_correct,0.5,0.2,16,2050,0.008292682926829269,0.7898212898212899
S1_correct,0.5,0.05,17,1444,0.002077562326869806,0.5673228346456692
S1_correct,0.5,0.1,17,1726,0.004634994206257242,0.6763779527559055
S1_correct,0.5,0.15,17,1884,0.006900212314225053,0.7366141732283464
S1_correct,0.5,0.2,17,1970,0.009137055837563452,0.768503937007874
S1_correct,0.5,0.05,18,1478,0.005412719891745603,0.6022122081114297
S1_correct,0.5,0.1,18,1724,0.0069605568445475635,0.7013519049569849
S1_correct,0.5,0.15,18,1864,0.0101931330472103,0.7558377714051618
S1_correct,0.5,0.2,18,1963,0.014263881813550688,0.7927079065956575
S1_correct,0.5,0.05,19,1427,0.002803083391730904,0.5740217829770069
S1_correct,0.5,0.1,19,1750,0.005142857142857143,0.7022993142396128
S1_correct,0.5,0.15,19,1891,0.007403490216816499,0.7571601452198468
S1_correct,0.5,0.2,19,1969,0.008633824276282377,0.7874142799515934
S1_correct,0.5,0.05,20,1375,0.005818181818181818,0.5616269515201314
S1_correct,0.5,0.1,20,1663,0.00841852074564041,0.6774856203779787
S1_correct,0.5,0.15,20,1829,0.010934937124111536,0.7432210353327855
S1_correct,0.5,0.2,20,1911,0.0141287284144427,0.7740345110928513
S1_correct,0.5,0.05,21,1522,0.002628120893561104,0.5997629395495852
S1_correct,0.5,0.1,21,1776,0.003941441441441441,0.6989332279731332
S1_correct,0.5,0.15,21,1913,0.006272869837950863,0.7510865270644014
S1_correct,0.5,0.2,21,2001,0.00849575212393803,0.7838798893717898
S1_correct,0.5,0.05,22,1439,0.002779708130646282,0.5790960451977402
S1_correct,0.5,0.1,22,1718,0.007566938300349243,0.6880548829701372
S1_correct,0.5,0.15,22,1869,0.008025682182985553,0.7481840193704601
S1_correct,0.5,0.2,22,1989,0.010558069381598794,0.7941888619854721
S1_correct,0.5,0.05,23,1447,0.002073255010366275,0.5653876272513704
S1_correct,0.5,0.1,23,1739,0.005175388154111558,0.6773688332028192
S1_correct,0.5,0.15,23,1907,0.009963293130571578,0.7392325763508223
S1_correct,0.5,0.2,23,2025,0.012345679012345678,0.7830853563038371
S1_correct,0.5,0.05,24,1383,0.0014461315979754157,0.5616104107360715
S1_correct,0.5,0.1,24,1705,0.007038123167155425,0.6884912566083774
S1_correct,0.5,0.15,24,1844,0.010303687635574838,0.7421716144774299
S1_correct,0.5,0.2,24,1943,0.01544004117344313,0.7779585197234649
S1_correct,0.5,0.05,25,1500,0.0026666666666666666,0.5945945945945946
S1_correct,0.5,0.1,25,1767,0.00792303338992643,0.6967408585055644
S1_correct,0.5,0.15,25,1893,0.010036978341257264,0.7448330683624801
S1_correct,0.5,0.2,25,1988,0.012072434607645875,0.78060413354531
S1_correct,0.5,0.05,26,1529,0.0013080444735120995,0.6049920760697306
S1_correct,0.5,0.1,26,1811,0.004417448923246825,0.7143423137876387
S1_correct,0.5,0.15,26,1953,0.007680491551459293,0.7678288431061807
S1_correct,0.5,0.2,26,2035,0.009828009828009828,0.7983359746434231
S1_correct,0.5,0.05,27,1545,0.003883495145631068,0.6297054009819967
S1_correct,0.5,0.1,27,1791,0.006141820212171971,0.7283142389525368
S1_correct,0.5,0.15,27,1908,0.00890985324947589,0.7737315875613748
S1_correct,0.5,0.2,27,1997,0.011016524787180772,0.80810147299509
S1_correct,0.5,0.05,28,1474,0.004070556309362279,0.5806962025316456
S1_correct,0.5,0.1,28,1766,0.00622876557191393,0.6942246835443038
S1_correct,0.5,0.15,28,1927,0.007784120394395433,0.7563291139240507
S1_correct,0.5,0.2,28,2020,0.010396039603960397,0.790743670886076
S1_correct,0.5,0.05,29,1626,0.003075030750307503,0.63469068128426
S1_correct,0.5,0.1,29,1846,0.007042253521126761,0.7176977290524668
S1_correct,0.5,0.15,29,1952,0.008709016393442622,0.7576350822239624
S1_correct,0.5,0.2,29,2048,0.0126953125,0.7916992952231793
S1_correct,0.5,0.05,30,1432,0.0013966480446927375,0.5672352241174137
S1_correct,0.5,0.1,30,1718,0.007566938300349243,0.6763189210630702
S1_correct,0.5,0.15,30,1869,0.00909577314071696,0.7346291154303848
S1_correct,0.5,0.2,30,1985,0.011083123425692695,0.7786592621975407
S1_correct,0.5,0.05,31,1523,0.0013131976362442547,0.5957696827262045
S1_correct,0.5,0.1,31,1797,0.004451864218141347,0.7007442224833529
S1_correct,0.5,0.15,31,1972,0.010141987829614604,0.7645906776341559
S1_correct,0.5,0.2,31,2061,0.013100436681222707,0.7967097532314924
S1_correct,0.5,0.05,32,1439,0.0034746351633078527,0.5745192307692307
S1_correct,0.5,0.1,32,1767,0.00792303338992643,0.702323717948718
S1_correct,0.5,0.15,32,1882,0.009032943676939426,0.7471955128205128
S1_correct,0.5,0.2,32,1994,0.013039117352056168,0.7884615384615384
S1_correct,0.5,0.05,33,1422,0.002109704641350211,0.575659229208925
S1_correct,0.5,0.1,33,1728,0.004629629629629629,0.6977687626774848
S1_correct,0.5,0.15,33,1865,0.005898123324396783,0.752129817444219
S1_correct,0.5,0.2,33,1963,0.009169638308711156,0.7890466531440162
S1_correct,0.5,0.05,34,1454,0.0034387895460797797,0.5800640512409928
S1_correct,0.5,0.1,34,1763,0.008508224617129892,0.699759807846277
S1_correct,0.5,0.15,34,1910,0.012041884816753926,0.7554043234587671
S1_correct,0.5,0.2,34,2024,0.012351778656126482,0.800240192153723
S1_correct,0.5,0.05,35,1469,0.0034036759700476512,0.5860688550840673
S1_correct,0.5,0.1,35,1747,0.005724098454493417,0.6953562850280224
S1_correct,0.5,0.15,35,1906,0.007869884575026232,0.7570056044835869
S1_correct,0.5,0.2,35,1992,0.01104417670682731,0.7886309047237791
S1_correct,0.5,0.05,36,1534,0.0045632333767926985,0.6230110159118727
S1_correct,0.5,0.1,36,1802,0.009433962264150943,0.7282741738066095
S1_correct,0.5,0.15,36,1924,0.009875259875259876,0.7772337821297429
S1_correct,0.5,0.2,36,2006,0.01296111665004985,0.8078335373317014
S1_correct,0.5,0.05,37,1525,0.002622950819672131,0.6050119331742243
S1_correct,0.5,0.1,37,1780,0.0056179775280898875,0.7040572792362768
S1_correct,0.5,0.15,37,1927,0.007784120394395433,0.7605409705648369
S1_correct,0.5,0.2,37,2022,0.008407517309594461,0.7975338106603023
S1_correct,0.5,0.05,38,1508,0.001989389920424403,0.6010383386581469
S1_correct,0.5,0.1,38,1787,0.005036373810856184,0.7100638977635783
S1_correct,0.5,0.15,38,1920,0.007291666666666667,0.7611821086261981
S1_correct,0.5,0.2,38,2009,0.011448481831757094,0.7931309904153354
S1_correct,0.5,0.05,39,1392,0.0035919540229885057,0.564279902359642
S1_correct,0.5,0.1,39,1688,0.005924170616113744,0.6826688364524003
S1_correct,0.5,0.15,39,1808,0.00995575221238938,0.7282343368592351
S1_correct,0.5,0.2,39,1903,0.011560693641618497,0.7652563059397884
S1_correct,0.5,0.05,40,1499,0.00333555703802535,0.5877261998426436
S1_correct,0.5,0.1,40,1788,0.00727069351230425,0.6982690794649882
S1_correct,0.5,0.15,40,1946,0.008221993833504625,0.7592446892210858
S1_correct,0.5,0.2,40,2024,0.009881422924901186,0.7883556254917388
S1_correct,0.5,0.05,41,1441,0.002775850104094379,0.5741110667199361
S1_correct,0.5,0.1,41,1736,0.00576036866359447,0.6895725129844187
S1_correct,0.5,0.15,41,1873,0.00800854244527496,0.7423092289252896
S1_correct,0.5,0.2,41,1970,0.01116751269035533,0.7782660807031562
S1_correct,0.5,0.05,42,1468,0.004087193460490463,0.5873844917637605
S1_correct,0.5,0.1,42,1739,0.007475560667050029,0.6934511852149458
S1_correct,0.5,0.15,42,1882,0.007438894792773645,0.7505022097227803
S1_correct,0.5,0.2,42,1988,0.011569416498993963,0.7894736842105263
S1_correct,0.5,0.05,43,1512,0.004629629629629629,0.6090651558073654
S1_correct,0.5,0.1,43,1770,0.0062146892655367235,0.7118575475515986
S1_correct,0.5,0.15,43,1914,0.01044932079414838,0.7664912990692028
S1_correct,0.5,0.2,43,2002,0.014985014985014986,0.7980574666127074
S1_correct,0.5,0.05,44,1416,0.00423728813559322,0.5692369802180056
S1_correct,0.5,0.1,44,1724,0.010440835266821345,0.6887363746467501
S1_correct,0.5,0.15,44,1877,0.012786361214704315,0.7480823576907549
S1_correct,0.5,0.2,44,1966,0.01627670396744659,0.7807832054905127
S1_correct,0.5,0.05,45,1424,0.002106741573033708,0.5616600790513834
S1_correct,0.5,0.1,45,1727,0.006369426751592357,0.6782608695652174
S1_correct,0.5,0.15,45,1870,0.009625668449197862,0.7320158102766798
S1_correct,0.5,0.2,45,1982,0.012108980827447022,0.7739130434782608
S1_correct,0.5,0.05,46,1488,0.008064516129032258,0.5882821841371064
S1_correct,0.5,0.1,46,1799,0.010561423012784881,0.7094459944200877
S1_correct,0.5,0.15,46,1919,0.013027618551328817,0.7548824232762057
S1_correct,0.5,0.2,46,2014,0.015392254220456803,0.79035472299721
S1_correct,0.5,0.05,47,1454,0.000687757909215956,0.5777335984095427
S1_correct,0.5,0.1,47,1722,0.0029036004645760743,0.6827037773359841
S1_correct,0.5,0.15,47,1889,0.007940709370037057,0.7451292246520875
S1_correct,0.5,0.2,47,1980,0.011616161616161616,0.778131212723658
S1_correct,0.5,0.05,48,1553,0.003219575016097875,0.6192
S1_correct,0.5,0.1,48,1807,0.004980630879911455,0.7192
S1_correct,0.5,0.15,48,1938,0.006707946336429308,0.77
S1_correct,0.5,0.2,48,2040,0.010294117647058823,0.8076
S1_correct,0.5,0.05,49,1399,0.005003573981415297,0.5585874799357945
S1_correct,0.5,0.1,49,1710,0.008771929824561403,0.6801765650080257
S1_correct,0.5,0.15,49,1846,0.010292524377031419,0.7331460674157303
S1_correct,0.5,0.2,49,1951,0.013839056893900564,0.7720706260032103
S1_correct,0.5,0.05,50,1474,0.005427408412483039,0.5847626645392899
S1_correct,0.5,0.1,50,1749,0.005145797598627788,0.6940566414040686
S1_correct,0.5,0.15,50,1886,0.007953340402969246,0.7463103310729956
S1_correct,0.5,0.2,50,2002,0.013486513486513486,0.7877941763063422
S1_correct,0.5,0.05,51,1415,0.0014134275618374558,0.5569570358691368
S1_correct,0.5,0.1,51,1729,0.003470213996529786,0.6791486007094995
S1_correct,0.5,0.15,51,1886,0.009013785790031814,0.7366968860859283
S1_correct,0.5,0.2,51,1975,0.011139240506329114,0.7698068584942845
S1_correct,0.5,0.05,52,1442,0.0034674063800277394,0.5700119000396668
S1_correct,0.5,0.1,52,1704,0.00528169014084507,0.6723522411741373
S1_correct,0.5,0.15,52,1884,0.01167728237791932,0.7385957953193177
S1_correct,0.5,0.2,52,1995,0.012531328320802004,0.7814359381197937
S1_correct,0.5,0.05,53,1398,0.00357653791130186,0.564653425212809
S1_correct,0.5,0.1,53,1697,0.0058927519151443725,0.6838265099310904
S1_correct,0.5,0.15,53,1848,0.0091991341991342,0.7421970004053506
S1_correct,0.5,0.2,53,1961,0.013768485466598673,0.7839481151195784
S1_correct,0.5,0.05,54,1407,0.006396588486140725,0.5648484848484848
S1_correct,0.5,0.1,54,1713,0.007589025102159953,0.6868686868686869
S1_correct,0.5,0.15,54,1855,0.011320754716981131,0.741010101010101
S1_correct,0.5,0.2,54,1966,0.011190233977619531,0.7854545454545454
S1_correct,0.5,0.05,55,1479,0.002028397565922921,0.6074074074074074
S1_correct,0.5,0.1,55,1743,0.006310958118187034,0.7127572016460906
S1_correct,0.5,0.15,55,1895,0.011609498680738786,0.7707818930041153
S1_correct,0.5,0.2,55,1987,0.013085052843482638,0.8069958847736626
S1_correct,0.5,0.05,56,1413,0.0021231422505307855,0.5678614579138139
S1_correct,0.5,0.1,56,1669,0.004194128220491312,0.6693515908175593
S1_correct,0.5,0.15,56,1831,0.010376843255051884,0.7297623842126459
S1_correct,0.5,0.2,56,1925,0.015584415584415584,0.7631896898912606
S1_correct,0.5,0.05,57,1439,0.005559416261292564,0.5843201306655778
S1_correct,0.5,0.1,57,1695,0.007079646017699115,0.6872192731727236
S1_correct,0.5,0.15,57,1815,0.009366391184573003,0.7341772151898734
S1_correct,0.5,0.2,57,1914,0.011494252873563218,0.7725602286647612
S1_correct,0.5,0.05,58,1450,0.001379310344827586,0.5654041390082
S1_correct,0.5,0.1,58,1736,0.004032258064516129,0.6751269035532995
S1_correct,0.5,0.15,58,1880,0.006382978723404255,0.7294025771183131
S1_correct,0.5,0.2,58,1980,0.009595959595959595,0.7657165169855525
S1_correct,0.5,0.05,59,1337,0.0007479431563201197,0.5384925433293027
S1_correct,0.5,0.1,59,1678,0.004767580452920143,0.6731156791616284
S1_correct,0.5,0.15,59,1823,0.007131102578167855,0.7295445384925433
S1_correct,0.5,0.2,59,1928,0.00933609958506224,0.7698508665860541
S1_correct,0.5,0.05,60,1472,0.005434782608695652,0.5786561264822134
S1_correct,0.5,0.1,60,1778,0.009561304836895388,0.6960474308300395
S1_correct,0.5,0.15,60,1935,0.011369509043927648,0.7561264822134387
S1_correct,0.5,0.2,60,2030,0.013300492610837438,0.791699604743083
S1_correct,0.5,0.05,61,1528,0.004581151832460733,0.6140492531287848
S1_correct,0.5,0.1,61,1764,0.006235827664399093,0.707710940654017
S1_correct,0.5,0.15,61,1887,0.008479067302596715,0.7553492127573678
S1_correct,0.5,0.2,61,1986,0.012084592145015106,0.7920872022607993
S1_correct,0.5,0.05,62,1284,0.003894080996884735,0.5259046052631579
S1_correct,0.5,0.1,62,1604,0.011845386533665835,0.6517269736842105
S1_correct,0.5,0.15,62,1760,0.014204545454545454,0.7134046052631579
S1_correct,0.5,0.2,62,1865,0.017158176943699734,0.7537006578947368
S1_correct,0.5,0.05,63,1470,0.0006802721088435374,0.5843277645186953
S1_correct,0.5,0.1,63,1797,0.00667779632721202,0.7100238663484487
S1_correct,0.5,0.15,63,1914,0.009926854754440962,0.7537788385043755
S1_correct,0.5,0.2,63,1996,0.012024048096192385,0.7844073190135242
S1_correct,0.5,0.05,64,1430,0.0034965034965034965,0.5659253375694996
S1_correct,0.5,0.1,64,1725,0.0034782608695652175,0.6826846703733122
S1_correct,0.5,0.15,64,1844,0.00596529284164859,0.7279586973788721
S1_correct,0.5,0.2,64,1930,0.006735751295336788,0.76131850675139
S1_correct,0.5,0.05,65,1374,0.002183406113537118,0.5605069501226492
S1_correct,0.5,0.1,65,1695,0.007079646017699115,0.6880621422730989
S1_correct,0.5,0.15,65,1850,0.010810810810810811,0.7481602616516762
S1_correct,0.5,0.2,65,1949,0.013853258081067214,0.785772690106296
S1_correct,0.5,0.05,66,1500,0.004,0.5905138339920949
S1_correct,0.5,0.1,66,1753,0.005704506560182544,0.6889328063241107
S1_correct,0.5,0.15,66,1908,0.007861635220125786,0.7482213438735178
S1_correct,0.5,0.2,66,2015,0.01240694789081886,0.7865612648221344
S1_correct,0.5,0.05,67,1447,0.0027643400138217,0.5665488810365136
S1_correct,0.5,0.1,67,1755,0.0062678062678062675,0.684727129956812
S1_correct,0.5,0.15,67,1904,0.008928571428571428,0.7408716136631331
S1_correct,0.5,0.2,67,2000,0.0115,0.7762073027090695
S1_correct,0.5,0.05,68,1550,0.003870967741935484,0.6166134185303515
S1_correct,0.5,0.1,68,1812,0.005518763796909493,0.7196485623003195
S1_correct,0.5,0.15,68,1948,0.01026694045174538,0.7699680511182109
S1_correct,0.5,0.2,68,2024,0.0133399209486166,0.7975239616613419
S1_correct,0.5,0.05,69,1521,0.0039447731755424065,0.5943507257748136
S1_correct,0.5,0.1,69,1786,0.006718924972004479,0.6959591996861514
S1_correct,0.5,0.15,69,1942,0.009783728115345005,0.7544134954884268
S1_correct,0.5,0.2,69,2018,0.010901883052527254,0.783052177324441
S1_correct,0.5,0.05,70,1478,0.004736129905277402,0.5907630522088353
S1_correct,0.5,0.1,70,1761,0.0068143100511073255,0.7024096385542169
S1_correct,0.5,0.15,70,1878,0.007454739084132056,0.7485943775100402
S1_correct,0.5,0.2,70,1963,0.009169638308711156,0.7811244979919679
S1_correct,0.5,0.05,71,1579,0.005699810006333122,0.6185973207249803
S1_correct,0.5,0.1,71,1851,0.009184224743381956,0.7226162332545312
S1_correct,0.5,0.15,71,1971,0.010147133434804667,0.768715524034673
S1_correct,0.5,0.2,71,2060,0.012135922330097087,0.801812450748621
S1_correct,0.5,0.05,72,1427,0.002803083391730904,0.5676106900678102
S1_correct,0.5,0.1,72,1708,0.005269320843091335,0.6777024331870762
S1_correct,0.5,0.15,72,1859,0.009682625067240451,0.7343438372556841
S1_correct,0.5,0.2,72,1962,0.013761467889908258,0.7718388512165936
S1_correct,0.5,0.05,73,1568,0.004464285714285714,0.6104810324599139
S1_correct,0.5,0.1,73,1822,0.007135016465422613,0.7074696910441924
S1_correct,0.5,0.15,73,1962,0.009174311926605505,0.7602659366445053
S1_correct,0.5,0.2,73,2046,0.010752688172043012,0.79155260070395
S1_correct,0.5,0.05,74,1614,0.0024783147459727386,0.6571428571428571
S1_correct,0.5,0.1,74,1866,0.0037513397642015005,0.7587755102040816
S1_correct,0.5,0.15,74,1974,0.005572441742654508,0.8012244897959183
S1_correct,0.5,0.2,74,2052,0.009259259259259259,0.8297959183673469
S1_correct,0.5,0.05,75,1551,0.004513217279174726,0.6144050935137286
S1_correct,0.5,0.1,75,1791,0.00446677833612507,0.7095105451651412
S1_correct,0.5,0.15,75,1924,0.008835758835758836,0.7588539594110625
S1_correct,0.5,0.2,75,2004,0.00998003992015968,0.7894946279347393
S1_correct,0.5,0.05,76,1428,0.0,0.5659928656361475
S1_correct,0.5,0.1,76,1733,0.004039238315060588,0.6841062227506937
S1_correct,0.5,0.15,76,1893,0.007395668251452721,0.7447483154974237
S1_correct,0.5,0.2,76,1990,0.010050251256281407,0.7808164883075703
S1_correct,0.5,0.05,77,1445,0.002768166089965398,0.5741035856573705
S1_correct,0.5,0.1,77,1732,0.005196304849884526,0.6864541832669323
S1_correct,0.5,0.15,77,1877,0.008524240809802876,0.7414342629482071
S1_correct,0.5,0.2,77,1980,0.013131313131313131,0.7784860557768924
S1_correct,0.5,0.05,78,1477,0.004062288422477996,0.5933844292053247
S1_correct,0.5,0.1,78,1741,0.006318207926479035,0.6978620411456232
S1_correct,0.5,0.15,78,1887,0.009538950715421303,0.7539330375151271
S1_correct,0.5,0.2,78,1982,0.013118062563067608,0.7890278338039532
S1_correct,0.5,0.05,79,1401,0.0014275517487508922,0.5613964686998395
S1_correct,0.5,0.1,79,1685,0.006528189910979229,0.6717495987158909
S1_correct,0.5,0.15,79,1861,0.010209564750134336,0.7391653290529695
S1_correct,0.5,0.2,79,1966,0.012207527975584944,0.7792937399678973
S1_correct,0.5,0.05,80,1454,0.0041265474552957355,0.5796637309847879
S1_correct,0.5,0.1,80,1733,0.008078476630121177,0.6881505204163331
S1_correct,0.5,0.15,80,1873,0.011211959423384944,0.7413931144915933
S1_correct,0.5,0.2,80,1980,0.014646464646464647,0.7810248198558847
S1_correct,0.5,0.05,81,1568,0.00510204081632653,0.612725844461901
S1_correct,0.5,0.1,81,1822,0.00823271130625686,0.7097407698350353
S1_correct,0.5,0.15,81,1959,0.009188361408882083,0.7623723487824038
S1_correct,0.5,0.2,81,2070,0.011111111111111112,0.8040062843676355
S1_correct,0.5,0.05,82,1389,0.003599712023038157,0.5658217497955846
S1_correct,0.5,0.1,82,1658,0.0066344993968636915,0.6733442354865086
S1_correct,0.5,0.15,82,1820,0.00934065934065934,0.7371218315617334
S1_correct,0.5,0.2,82,1907,0.01048767697954903,0.7714636140637776
S1_correct,0.5,0.05,83,1357,0.0036845983787767134,0.5331230283911672
S1_correct,0.5,0.1,83,1696,0.0076650943396226415,0.6636435331230284
S1_correct,0.5,0.15,83,1879,0.009579563597658328,0.7338328075709779
S1_correct,0.5,0.2,83,1971,0.011669203450025367,0.7681388012618297
S1_correct,0.5,0.05,84,1346,0.0014858841010401188,0.5312252964426878
S1_correct,0.5,0.1,84,1676,0.0059665871121718375,0.658498023715415
S1_correct,0.5,0.15,84,1851,0.008103727714748784,0.7256916996047431
S1_correct,0.5,0.2,84,1972,0.011663286004056795,0.7703557312252964
S1_correct,0.5,0.05,85,1477,0.004062288422477996,0.6004081632653061
S1_correct,0.5,0.1,85,1718,0.006984866123399301,0.6963265306122449
S1_correct,0.5,0.15,85,1854,0.011326860841423949,0.7481632653061224
S1_correct,0.5,0.2,85,1935,0.013436692506459949,0.7791836734693878
S1_correct,0.5,0.05,86,1562,0.002560819462227913,0.6165413533834586
S1_correct,0.5,0.1,86,1825,0.0032876712328767125,0.7198258804907004
S1_correct,0.5,0.15,86,1941,0.009788768675940238,0.7605856747130986
S1_correct,0.5,0.2,86,2008,0.01045816733067729,0.7863078749505342
S1_correct,0.5,0.05,87,1429,0.0027991602519244225,0.5654761904761905
S1_correct,0.5,0.1,87,1739,0.0040253018976423235,0.6873015873015873
S1_correct,0.5,0.15,87,1887,0.00688924218335983,0.7436507936507937
S1_correct,0.5,0.2,87,2019,0.012382367508667657,0.7912698412698412
S1_correct,0.5,0.05,88,1427,0.004905395935529082,0.5546875
S1_correct,0.5,0.1,88,1711,0.0070134424313267095,0.663671875
S1_correct,0.5,0.15,88,1886,0.009013785790031814,0.730078125
S1_correct,0.5,0.2,88,1978,0.011627906976744186,0.763671875
S1_correct,0.5,0.05,89,1486,0.005383580080753701,0.5930979133226324
S1_correct,0.5,0.1,89,1770,0.00847457627118644,0.7042536115569823
S1_correct,0.5,0.15,89,1907,0.01048767697954903,0.757223113964687
S1_correct,0.5,0.2,89,1987,0.012581781580271767,0.7873194221508828
S1_correct,0.5,0.05,90,1562,0.006402048655569782,0.6153846153846154
S1_correct,0.5,0.1,90,1854,0.008629989212513484,0.7287866772402855
S1_correct,0.5,0.15,90,1992,0.01104417670682731,0.7811260904044409
S1_correct,0.5,0.2,90,2076,0.01300578034682081,0.8124504361617764
S1_correct,0.5,0.05,91,1500,0.0013333333333333333,0.5874509803921568
S1_correct,0.5,0.1,91,1810,0.004419889502762431,0.7066666666666667
S1_correct,0.5,0.15,91,1956,0.0066462167689161555,0.7619607843137255
S1_correct,0.5,0.2,91,2019,0.008420009905894007,0.7850980392156863
S1_correct,0.5,0.05,92,1444,0.0013850415512465374,0.5880913539967374
S1_correct,0.5,0.1,92,1717,0.005824111822947,0.6961663947797716
S1_correct,0.5,0.15,92,1860,0.007526881720430108,0.7528548123980424
S1_correct,0.5,0.2,92,1970,0.012690355329949238,0.7932300163132137
S1_correct,0.5,0.05,93,1419,0.0014094432699083862,0.5722940226171244
S1_correct,0.5,0.1,93,1679,0.005360333531864205,0.6744749596122779
S1_correct,0.5,0.15,93,1868,0.007494646680942184,0.7487883683360258
S1_correct,0.5,0.2,93,1963,0.00967906265919511,0.7851373182552503
S1_correct,0.5,0.05,94,1488,0.0020161290322580645,0.5869565217391305
S1_correct,0.5,0.1,94,1764,0.006802721088435374,0.6924901185770751
S1_correct,0.5,0.15,94,1915,0.009399477806788513,0.749802371541502
S1_correct,0.5,0.2,94,2013,0.011922503725782414,0.7861660079051384
S1_correct,0.5,0.05,95,1368,0.005116959064327485,0.5474658085277554
S1_correct,0.5,0.1,95,1691,0.007096392667060911,0.67538213998391
S1_correct,0.5,0.15,95,1841,0.012493210211841391,0.7312952534191473
S1_correct,0.5,0.2,95,1961,0.015298317185109638,0.7767497988736927
S1_correct,0.5,0.05,96,1395,0.0007168458781362007,0.5614176399516714
S1_correct,0.5,0.1,96,1698,0.006478209658421673,0.6794200563834072
S1_correct,0.5,0.15,96,1835,0.008174386920980926,0.7329842931937173
S1_correct,0.5,0.2,96,1939,0.011346054667354307,0.7720499395892066
S1_correct,0.5,0.05,97,1523,0.003282994090610637,0.6086607858861267
S1_correct,0.5,0.1,97,1797,0.006121313299944352,0.7161186848436247
S1_correct,0.5,0.15,97,1906,0.006820566631689402,0.7590216519647153
S1_correct,0.5,0.2,97,1987,0.012078510317060896,0.7870890136327185
S1_correct,0.5,0.05,98,1446,0.004840940525587829,0.5849593495934959
S1_correct,0.5,0.1,98,1723,0.0075449796865931515,0.6951219512195121
S1_correct,0.5,0.15,98,1878,0.011182108626198083,0.7548780487804878
S1_correct,0.5,0.2,98,1957,0.011241696474195196,0.7865853658536586
S1_correct,0.5,0.05,99,1388,0.002881844380403458,0.5498609455701232
S1_correct,0.5,0.1,99,1709,0.006436512580456407,0.6746126340882003
S1_correct,0.5,0.15,99,1876,0.00906183368869936,0.7385776718315455
S1_correct,0.5,0.2,99,1960,0.012755102040816327,0.768772348033373
S1_correct,0.7,0.05,0,780,0.002564102564102564,0.5162574651625746
S1_correct,0.7,0.1,0,977,0.01023541453428864,0.641672196416722
S1_correct,0.7,0.15,0,1076,0.013940520446096654,0.7040477770404777
S1_correct,0.7,0.2,0,1135,0.014977973568281937,0.7418712674187127
S1_correct,0.7,0.05,1,731,0.0027359781121751026,0.47771952817824376
S1_correct,0.7,0.1,1,923,0.005417118093174431,0.601572739187418
S1_correct,0.7,0.15,1,1030,0.009708737864077669,0.6684141546526867
S1_correct,0.7,0.2,1,1117,0.01432408236347359,0.7214941022280472
S1_correct,0.7,0.05,2,818,0.0024449877750611247,0.5554799183117767
S1_correct,0.7,0.1,2,978,0.00408997955010225,0.6630360789652825
S1_correct,0.7,0.15,2,1061,0.006597549481621112,0.717494894486045
S1_correct,0.7,0.2,2,1119,0.009830205540661306,0.7542545949625595
S1_correct,0.7,0.05,3,713,0.005610098176718092,0.4829700272479564
S1_correct,0.7,0.1,3,908,0.00881057268722467,0.6130790190735694
S1_correct,0.7,0.15,3,1016,0.011811023622047244,0.6839237057220708
S1_correct,0.7,0.2,3,1093,0.0192131747483989,0.7302452316076294
S1_correct,0.7,0.05,4,764,0.006544502617801047,0.5070140280561122
S1_correct,0.7,0.1,4,950,0.01368421052631579,0.6259185036740147
S1_correct,0.7,0.15,4,1046,0.017208413001912046,0.6867067468269873
S1_correct,0.7,0.2,4,1099,0.020928116469517744,0.7187708750835003
S1_correct,0.7,0.05,5,719,0.004172461752433936,0.4766977363515313
S1_correct,0.7,0.1,5,906,0.006622516556291391,0.5992010652463382
S1_correct,0.7,0.15,5,1023,0.010752688172043012,0.6737683089214381
S1_correct,0.7,0.2,5,1105,0.016289592760180997,0.7237017310252996
S1_correct,0.7,0.05,6,772,0.0038860103626943004,0.5168010752688172
S1_correct,0.7,0.1,6,980,0.013265306122448979,0.6498655913978495
S1_correct,0.7,0.15,6,1053,0.017094017094017096,0.6955645161290323
S1_correct,0.7,0.2,6,1102,0.019056261343012703,0.7264784946236559
S1_correct,0.7,0.05,7,766,0.006527415143603133,0.5248275862068965
S1_correct,0.7,0.1,7,932,0.011802575107296138,0.6351724137931034
S1_correct,0.7,0.15,7,1039,0.014436958614051972,0.7062068965517241
S1_correct,0.7,0.2,7,1088,0.019301470588235295,0.7358620689655172
S1_correct,0.7,0.05,8,757,0.005284015852047556,0.4990059642147117
S1_correct,0.7,0.1,8,923,0.009750812567713976,0.6056991385023194
S1_correct,0.7,0.15,8,1032,0.014534883720930232,0.6739562624254473
S1_correct,0.7,0.2,8,1108,0.016245487364620937,0.7223326706428098
S1_correct,0.7,0.05,9,752,0.006648936170212766,0.49015748031496065
S1_correct,0.7,0.1,9,932,0.009656652360515022,0.6056430446194225
S1_correct,0.7,0.15,9,1023,0.01466275659824047,0.6614173228346457
S1_correct,0.7,0.2,9,1092,0.018315018315018316,0.7034120734908137
S1_correct,0.7,0.05,10,728,0.005494505494505495,0.4807436918990704
S1_correct,0.7,0.1,10,933,0.011789924973204717,0.6122177954847278
S1_correct,0.7,0.15,10,1038,0.018304431599229287,0.6766268260292164
S1_correct,0.7,0.2,10,1114,0.02064631956912029,0.7244355909694555
S1_correct,0.7,0.05,11,770,0.003896103896103896,0.5154569892473119
S1_correct,0.7,0.1,11,940,0.00851063829787234,0.6263440860215054
S1_correct,0.7,0.15,11,1049,0.015252621544327931,0.6942204301075269
S1_correct,0.7,0.2,11,1103,0.02085222121486854,0.7258064516129032
S1_correct,0.7,0.05,12,847,0.0035419126328217238,0.5725915875169606
S1_correct,0.7,0.1,12,997,0.010030090270812437,0.669606512890095
S1_correct,0.7,0.15,12,1083,0.012927054478301015,0.7252374491180461
S1_correct,0.7,0.2,12,1146,0.015706806282722512,0.7652645861601085
S1_correct,0.7,0.05,13,666,0.0075075075075075074,0.4320261437908497
S1_correct,0.7,0.1,13,887,0.009019165727170236,0.5745098039215686
S1_correct,0.7,0.15,13,1007,0.014895729890764648,0.6483660130718955
S1_correct,0.7,0.2,13,1071,0.015873015873015872,0.6888888888888889
S1_correct,0.7,0.05,14,799,0.0037546933667083854,0.5233399079552926
S1_correct,0.7,0.1,14,973,0.009249743062692703,0.63379355687048
S1_correct,0.7,0.15,14,1080,0.017592592592592594,0.6975673898750822
S1_correct,0.7,0.2,14,1145,0.022707423580786028,0.7357001972386588
S1_correct,0.7,0.05,15,747,0.004016064257028112,0.49765886287625416
S1_correct,0.7,0.1,15,956,0.010460251046025104,0.6327759197324415
S1_correct,0.7,0.15,15,1056,0.015151515151515152,0.6956521739130435
S1_correct,0.7,0.2,15,1131,0.022104332449160036,0.7397993311036789
S1_correct,0.7,0.05,16,753,0.0026560424966799467,0.49375410913872453
S1_correct,0.7,0.1,16,951,0.007360672975814932,0.6206443129520053
S1_correct,0.7,0.15,16,1047,0.009551098376313277,0.6817882971729126
S1_correct,0.7,0.2,16,1106,0.011754068716094032,0.7186061801446417
S1_correct,0.7,0.05,17,700,0.004285714285714286,0.46841397849462363
S1_correct,0.7,0.1,17,890,0.0056179775280898875,0.594758064516129
S1_correct,0.7,0.15,17,995,0.009045226130653266,0.6626344086021505
S1_correct,0.7,0.2,17,1062,0.01224105461393597,0.7049731182795699
S1_correct,0.7,0.05,18,796,0.007537688442211055,0.5363204344874406
S1_correct,0.7,0.1,18,969,0.013415892672858616,0.6490156143923965
S1_correct,0.7,0.15,18,1044,0.018199233716475097,0.6958587915818059
S1_correct,0.7,0.2,18,1099,0.023657870791628753,0.7284453496266123
S1_correct,0.7,0.05,19,711,0.0028129395218002813,0.4771197846567968
S1_correct,0.7,0.1,19,910,0.007692307692307693,0.607671601615074
S1_correct,0.7,0.15,19,1028,0.01264591439688716,0.6830417227456258
S1_correct,0.7,0.2,19,1099,0.01637852593266606,0.7274562584118439
S1_correct,0.7,0.05,20,730,0.00684931506849315,0.4882154882154882
S1_correct,0.7,0.1,20,919,0.011969532100108813,0.6114478114478115
S1_correct,0.7,0.15,20,1021,0.015670910871694418,0.6767676767676768
S1_correct,0.7,0.2,20,1085,0.018433179723502304,0.7171717171717171
S1_correct,0.7,0.05,21,782,0.00639386189258312,0.5169660678642715
S1_correct,0.7,0.1,21,954,0.008385744234800839,0.6294078509647372
S1_correct,0.7,0.15,21,1022,0.009784735812133072,0.6733200266134398
S1_correct,0.7,0.2,21,1086,0.011970534069981584,0.7139055222887558
S1_correct,0.7,0.05,22,754,0.005305039787798408,0.4911591355599214
S1_correct,0.7,0.1,22,962,0.012474012474012475,0.6221349050425671
S1_correct,0.7,0.15,22,1051,0.01807802093244529,0.6758349705304518
S1_correct,0.7,0.2,22,1124,0.018683274021352312,0.722331368696791
S1_correct,0.7,0.05,23,704,0.002840909090909091,0.4649006622516556
S1_correct,0.7,0.1,23,911,0.008781558726673985,0.5980132450331126
S1_correct,0.7,0.15,23,1009,0.014866204162537165,0.6582781456953642
S1_correct,0.7,0.2,23,1076,0.019516728624535316,0.6986754966887417
S1_correct,0.7,0.05,24,721,0.0,0.48486886348352387
S1_correct,0.7,0.1,24,909,0.006600660066006601,0.6072629455279085
S1_correct,0.7,0.15,24,1027,0.011684518013631937,0.6825823806321453
S1_correct,0.7,0.2,24,1087,0.01655933762649494,0.718897108271688
S1_correct,0.7,0.05,25,756,0.009259259259259259,0.5026845637583892
S1_correct,0.7,0.1,25,935,0.011764705882352941,0.6201342281879194
S1_correct,0.7,0.15,25,1021,0.01762977473065622,0.6731543624161074
S1_correct,0.7,0.2,25,1099,0.023657870791628753,0.7201342281879195
S1_correct,0.7,0.05,26,737,0.005427408412483039,0.49863945578231295
S1_correct,0.7,0.1,26,917,0.006543075245365322,0.6197278911564625
S1_correct,0.7,0.15,26,1043,0.014381591562799617,0.6993197278911565
S1_correct,0.7,0.2,26,1106,0.017179023508137433,0.7394557823129252
S1_correct,0.7,0.05,27,796,0.0037688442211055275,0.5476519337016574
S1_correct,0.7,0.1,27,969,0.010319917440660475,0.662292817679558
S1_correct,0.7,0.15,27,1055,0.013270142180094787,0.7189226519337016
S1_correct,0.7,0.2,27,1104,0.016304347826086956,0.75
S1_correct,0.7,0.05,28,665,0.0015037593984962407,0.4465366509751177
S1_correct,0.7,0.1,28,895,0.008938547486033519,0.5965030262273033
S1_correct,0.7,0.15,28,1002,0.014970059880239521,0.6637525218560861
S1_correct,0.7,0.2,28,1067,0.019681349578256794,0.703429724277068
S1_correct,0.7,0.05,29,798,0.005012531328320802,0.5265251989389921
S1_correct,0.7,0.1,29,978,0.010224948875255624,0.6419098143236074
S1_correct,0.7,0.15,29,1058,0.015122873345935728,0.6909814323607427
S1_correct,0.7,0.2,29,1109,0.019837691614066726,0.7208222811671088
S1_correct,0.7,0.05,30,718,0.001392757660167131,0.48380566801619435
S1_correct,0.7,0.1,30,897,0.004459308807134894,0.6025641025641025
S1_correct,0.7,0.15,30,996,0.012048192771084338,0.6639676113360324
S1_correct,0.7,0.2,30,1071,0.017740429505135387,0.7098515519568152
S1_correct,0.7,0.05,31,807,0.0024783147459727386,0.5391828533154722
S1_correct,0.7,0.1,31,974,0.008213552361396304,0.6470194239785666
S1_correct,0.7,0.15,31,1058,0.010396975425330813,0.7012726054922974
S1_correct,0.7,0.2,31,1137,0.016710642040457344,0.7488278633623576
S1_correct,0.7,0.05,32,800,0.00375,0.5188802083333334
S1_correct,0.7,0.1,32,984,0.01016260162601626,0.6341145833333334
S1_correct,0.7,0.15,32,1083,0.017543859649122806,0.6927083333333334
S1_correct,0.7,0.2,32,1145,0.02096069868995633,0.7298177083333334
S1_correct,0.7,0.05,33,744,0.004032258064516129,0.50033760972316
S1_correct,0.7,0.1,33,899,0.0055617352614015575,0.6036461850101283
S1_correct,0.7,0.15,33,1012,0.008893280632411068,0.6772451046590142
S1_correct,0.7,0.2,33,1090,0.012844036697247707,0.7265361242403782
S1_correct,0.7,0.05,34,791,0.0025284450063211127,0.5274064171122995
S1_correct,0.7,0.1,34,977,0.009211873080859774,0.6470588235294118
S1_correct,0.7,0.15,34,1073,0.014911463187325256,0.7065508021390374
S1_correct,0.7,0.2,34,1146,0.02006980802792321,0.7506684491978609
S1_correct,0.7,0.05,35,799,0.006257822277847309,0.520655737704918
S1_correct,0.7,0.1,35,963,0.009345794392523364,0.6255737704918033
S1_correct,0.7,0.15,35,1078,0.012059369202226345,0.6983606557377049
S1_correct,0.7,0.2,35,1128,0.013297872340425532,0.7298360655737705
S1_correct,0.7,0.05,36,801,0.00749063670411985,0.5357142857142857
S1_correct,0.7,0.1,36,983,0.009155645981688708,0.6563342318059299
S1_correct,0.7,0.15,36,1078,0.013914656771799629,0.7163072776280324
S1_correct,0.7,0.2,36,1132,0.018551236749116608,0.7486522911051213
S1_correct,0.7,0.05,37,756,0.0026455026455026454,0.5077441077441077
S1_correct,0.7,0.1,37,939,0.010649627263045794,0.6255892255892256
S1_correct,0.7,0.15,37,1020,0.014705882352941176,0.6767676767676768
S1_correct,0.7,0.2,37,1094,0.018281535648994516,0.7232323232323232
S1_correct,0.7,0.05,38,841,0.0035671819262782403,0.538560411311054
S1_correct,0.7,0.1,38,1005,0.006965174129353234,0.6413881748071979
S1_correct,0.7,0.15,38,1119,0.012511170688114389,0.7101542416452442
S1_correct,0.7,0.2,38,1194,0.01507537688442211,0.7557840616966581
S1_correct,0.7,0.05,39,706,0.0,0.47446236559139787
S1_correct,0.7,0.1,39,889,0.00562429696287964,0.5940860215053764
S1_correct,0.7,0.15,39,993,0.011077542799597181,0.6599462365591398
S1_correct,0.7,0.2,39,1045,0.015311004784688996,0.6915322580645161
S1_correct,0.7,0.05,40,757,0.003963011889035667,0.4983476536682089
S1_correct,0.7,0.1,40,958,0.009394572025052192,0.627230667547918
S1_correct,0.7,0.15,40,1064,0.014097744360902255,0.6933245208195637
S1_correct,0.7,0.2,40,1137,0.016710642040457344,0.7389292795769994
S1_correct,0.7,0.05,41,724,0.004143646408839779,0.4855218855218855
S1_correct,0.7,0.1,41,891,0.006734006734006734,0.5959595959595959
S1_correct,0.7,0.15,41,989,0.010111223458038422,0.6592592592592592
S1_correct,0.7,0.2,41,1059,0.013220018885741265,0.7037037037037037
S1_correct,0.7,0.05,42,713,0.005610098176718092,0.4707835325365206
S1_correct,0.7,0.1,42,931,0.010741138560687433,0.6115537848605578
S1_correct,0.7,0.15,42,1044,0.017241379310344827,0.6812749003984063
S1_correct,0.7,0.2,42,1095,0.017351598173515982,0.7144754316069057
S1_correct,0.7,0.05,43,778,0.002570694087403599,0.5236167341430499
S1_correct,0.7,0.1,43,954,0.013626834381551363,0.634952766531714
S1_correct,0.7,0.15,43,1033,0.016456921587608905,0.6855600539811066
S1_correct,0.7,0.2,43,1114,0.02154398563734291,0.7354925775978407
S1_correct,0.7,0.05,44,776,0.003865979381443299,0.5119205298013245
S1_correct,0.7,0.1,44,924,0.011904761904761904,0.604635761589404
S1_correct,0.7,0.15,44,1032,0.02131782945736434,0.6688741721854304
S1_correct,0.7,0.2,44,1113,0.025157232704402517,0.7185430463576159
S1_correct,0.7,0.05,45,734,0.0027247956403269754,0.4765625
S1_correct,0.7,0.1,45,948,0.005274261603375527,0.6139322916666666
S1_correct,0.7,0.15,45,1035,0.011594202898550725,0.666015625
S1_correct,0.7,0.2,45,1107,0.014453477868112014,0.7102864583333334
S1_correct,0.7,0.05,46,740,0.012162162162162163,0.5020604395604396
S1_correct,0.7,0.1,46,918,0.017429193899782137,0.6195054945054945
S1_correct,0.7,0.15,46,1042,0.023032629558541268,0.6991758241758241
S1_correct,0.7,0.2,46,1100,0.025454545454545455,0.7362637362637363
S1_correct,0.7,0.05,47,755,0.0013245033112582781,0.49572649572649574
S1_correct,0.7,0.1,47,918,0.0054466230936819175,0.6002629848783695
S1_correct,0.7,0.15,47,1005,0.007960199004975124,0.6554898093359632
S1_correct,0.7,0.2,47,1083,0.014773776546629732,0.7015121630506246
S1_correct,0.7,0.05,48,805,0.0012422360248447205,0.5374331550802139
S1_correct,0.7,0.1,48,984,0.009146341463414634,0.6517379679144385
S1_correct,0.7,0.15,48,1071,0.011204481792717087,0.7078877005347594
S1_correct,0.7,0.2,48,1133,0.01323918799646955,0.7473262032085561
S1_correct,0.7,0.05,49,649,0.0061633281972265025,0.4405737704918033
S1_correct,0.7,0.1,49,863,0.010428736964078795,0.5833333333333334
S1_correct,0.7,0.15,49,972,0.01954732510288066,0.6509562841530054
S1_correct,0.7,0.2,49,1043,0.024928092042186004,0.694672131147541
S1_correct,0.7,0.05,50,735,0.006802721088435374,0.48894842598794375
S1_correct,0.7,0.1,50,942,0.01167728237791932,0.62357669122572
S1_correct,0.7,0.15,50,1024,0.013671875,0.6764902880107166
S1_correct,0.7,0.2,50,1086,0.016574585635359115,0.7153382451440053
S1_correct,0.7,0.05,51,740,0.004054054054054054,0.4779507133592737
S1_correct,0.7,0.1,51,909,0.0088008800880088,0.5843060959792478
S1_correct,0.7,0.15,51,1029,0.009718172983479106,0.6608300907911803
S1_correct,0.7,0.2,51,1105,0.01809954751131222,0.7036316472114138
S1_correct,0.7,0.05,52,732,0.004098360655737705,0.48762541806020065
S1_correct,0.7,0.1,52,908,0.00881057268722467,0.6020066889632107
S1_correct,0.7,0.15,52,986,0.009127789046653144,0.6535117056856188
S1_correct,0.7,0.2,52,1053,0.016144349477682812,0.6929765886287625
S1_correct,0.7,0.05,53,749,0.0053404539385847796,0.4950166112956811
S1_correct,0.7,0.1,53,919,0.007616974972796518,0.6059800664451828
S1_correct,0.7,0.15,53,1035,0.011594202898550725,0.6797342192691029
S1_correct,0.7,0.2,53,1116,0.017025089605734768,0.7289036544850498
S1_correct,0.7,0.05,54,724,0.009668508287292817,0.4854434664861205
S1_correct,0.7,0.1,54,901,0.014428412874583796,0.6012186865267434
S1_correct,0.7,0.15,54,992,0.015120967741935484,0.6614759647935003
S1_correct,0.7,0.2,54,1056,0.017045454545454544,0.7027758970886933
S1_correct,0.7,0.05,55,760,0.002631578947368421,0.5198902606310014
S1_correct,0.7,0.1,55,935,0.0106951871657754,0.6344307270233196
S1_correct,0.7,0.15,55,1022,0.016634050880626222,0.6893004115226338
S1_correct,0.7,0.2,55,1077,0.018570102135561744,0.7249657064471879
S1_correct,0.7,0.05,56,716,0.004189944134078212,0.47062706270627064
S1_correct,0.7,0.1,56,897,0.006688963210702341,0.5881188118811881
S1_correct,0.7,0.15,56,997,0.009027081243731194,0.6521452145214521
S1_correct,0.7,0.2,56,1058,0.015122873345935728,0.6877887788778878
S1_correct,0.7,0.05,57,750,0.009333333333333334,0.5082079343365253
S1_correct,0.7,0.1,57,918,0.015250544662309368,0.6183310533515732
S1_correct,0.7,0.15,57,1024,0.0205078125,0.686046511627907
S1_correct,0.7,0.2,57,1083,0.024007386888273315,0.7229822161422709
S1_correct,0.7,0.05,58,720,0.001388888888888889,0.47805851063829785
S1_correct,0.7,0.1,58,888,0.00563063063063063,0.5871010638297872
S1_correct,0.7,0.15,58,976,0.00819672131147541,0.6436170212765957
S1_correct,0.7,0.2,58,1047,0.015281757402101241,0.6855053191489362
S1_correct,0.7,0.05,59,716,0.0013966480446927375,0.4763491005996003
S1_correct,0.7,0.1,59,932,0.004291845493562232,0.6182544970019986
S1_correct,0.7,0.15,59,1031,0.01066925315227934,0.6795469686875416
S1_correct,0.7,0.2,59,1083,0.014773776546629732,0.7108594270486343
S1_correct,0.7,0.05,60,713,0.011220196353436185,0.45838751625487645
S1_correct,0.7,0.1,60,939,0.014909478168264111,0.6014304291287387
S1_correct,0.7,0.15,60,1061,0.022620169651272386,0.6742522756827048
S1_correct,0.7,0.2,60,1141,0.026292725679228746,0.7223667100130039
S1_correct,0.7,0.05,61,801,0.004993757802746567,0.5331103678929766
S1_correct,0.7,0.1,61,963,0.013499480789200415,0.6354515050167224
S1_correct,0.7,0.15,61,1055,0.017061611374407582,0.6936454849498328
S1_correct,0.7,0.2,61,1120,0.019642857142857142,0.7344481605351171
S1_correct,0.7,0.05,62,667,0.005997001499250375,0.45010183299389
S1_correct,0.7,0.1,62,869,0.009205983889528193,0.5845213849287169
S1_correct,0.7,0.15,62,971,0.02059732234809475,0.6456211812627292
S1_correct,0.7,0.2,62,1044,0.023946360153256706,0.691785471826205
S1_correct,0.7,0.05,63,717,0.001394700139470014,0.4847664184157075
S1_correct,0.7,0.1,63,886,0.0056433408577878106,0.5964793500338524
S1_correct,0.7,0.15,63,1025,0.014634146341463415,0.6838185511171293
S1_correct,0.7,0.2,63,1101,0.02089009990917348,0.7298578199052133
S1_correct,0.7,0.05,64,729,0.0054869684499314125,0.4814077025232404
S1_correct,0.7,0.1,64,906,0.008830022075055188,0.5962815405046481
S1_correct,0.7,0.15,64,1006,0.009940357852882704,0.6613545816733067
S1_correct,0.7,0.2,64,1070,0.014018691588785047,0.700531208499336
S1_correct,0.7,0.05,65,679,0.004418262150220913,0.461118690313779
S1_correct,0.7,0.1,65,868,0.004608294930875576,0.5893587994542974
S1_correct,0.7,0.15,65,990,0.011111111111111112,0.6678035470668485
S1_correct,0.7,0.2,65,1070,0.017757009345794394,0.7169167803547067
S1_correct,0.7,0.05,66,788,0.005076142131979695,0.5110821382007823
S1_correct,0.7,0.1,66,944,0.00847457627118644,0.6101694915254238
S1_correct,0.7,0.15,66,1055,0.011374407582938388,0.6799217731421121
S1_correct,0.7,0.2,66,1119,0.014298480786416443,0.7190352020860495
S1_correct,0.7,0.05,67,724,0.0055248618784530384,0.46936114732724904
S1_correct,0.7,0.1,67,950,0.014736842105263158,0.6101694915254238
S1_correct,0.7,0.15,67,1058,0.017958412098298678,0.6773142112125163
S1_correct,0.7,0.2,67,1122,0.022281639928698752,0.7151238591916558
S1_correct,0.7,0.05,68,837,0.0047789725209080045,0.5594358629952989
S1_correct,0.7,0.1,68,987,0.013171225937183385,0.654130288784419
S1_correct,0.7,0.15,68,1071,0.015873015873015872,0.7078576225654802
S1_correct,0.7,0.2,68,1142,0.02276707530647986,0.7494963062458025
S1_correct,0.7,0.05,69,769,0.007802340702210663,0.5090060040026685
S1_correct,0.7,0.1,69,928,0.008620689655172414,0.6137424949966644
S1_correct,0.7,0.15,69,1005,0.012935323383084577,0.6617745163442295
S1_correct,0.7,0.2,69,1092,0.015567765567765568,0.7171447631754503
S1_correct,0.7,0.05,70,692,0.004335260115606936,0.4664861205145565
S1_correct,0.7,0.1,70,900,0.014444444444444444,0.6005416384563304
S1_correct,0.7,0.15,70,1022,0.021526418786692758,0.6770480704129993
S1_correct,0.7,0.2,70,1089,0.023875114784205693,0.7197020988490183
S1_correct,0.7,0.05,71,817,0.004895960832313341,0.5245161290322581
S1_correct,0.7,0.1,71,986,0.012170385395537525,0.6283870967741936
S1_correct,0.7,0.15,71,1100,0.01818181818181818,0.6967741935483871
S1_correct,0.7,0.2,71,1156,0.02162629757785467,0.7296774193548388
S1_correct,0.7,0.05,72,711,0.004219409282700422,0.4645669291338583
S1_correct,0.7,0.1,72,943,0.012725344644750796,0.6108923884514436
S1_correct,0.7,0.15,72,1040,0.014423076923076924,0.6725721784776902
S1_correct,0.7,0.2,72,1111,0.0153015301530153,0.7178477690288714
S1_correct,0.7,0.05,73,815,0.0036809815950920245,0.5252263906856404
S1_correct,0.7,0.1,73,990,0.010101010101010102,0.6338939197930142
S1_correct,0.7,0.15,73,1081,0.012950971322849213,0.6901681759379042
S1_correct,0.7,0.2,73,1151,0.01737619461337967,0.7315653298835705
S1_correct,0.7,0.05,74,845,0.002366863905325444,0.5723014256619144
S1_correct,0.7,0.1,74,1007,0.006951340615690168,0.6788866259334692
S1_correct,0.7,0.15,74,1092,0.009157509157509158,0.7345553292600135
S1_correct,0.7,0.2,74,1148,0.01132404181184669,0.7705363204344874
S1_correct,0.7,0.05,75,767,0.00651890482398957,0.5124411566913248
S1_correct,0.7,0.1,75,957,0.01044932079414838,0.636852723604573
S1_correct,0.7,0.15,75,1033,0.012584704743465635,0.6859448554135844
S1_correct,0.7,0.2,75,1091,0.015582034830430797,0.7222595830531271
S1_correct,0.7,0.05,76,702,0.0014245014245014246,0.4590700720366732
S1_correct,0.7,0.1,76,916,0.0032751091703056767,0.5979043876882777
S1_correct,0.7,0.15,76,1034,0.008704061895551257,0.6712508185985593
S1_correct,0.7,0.2,76,1105,0.013574660633484163,0.7138179436804192
S1_correct,0.7,0.05,77,738,0.0040650406504065045,0.4861111111111111
S1_correct,0.7,0.1,77,919,0.008705114254624592,0.6025132275132276
S1_correct,0.7,0.15,77,1024,0.0126953125,0.6686507936507936
S1_correct,0.7,0.2,77,1091,0.017415215398716773,0.708994708994709
S1_correct,0.7,0.05,78,767,0.003911342894393742,0.49546044098573283
S1_correct,0.7,0.1,78,976,0.00819672131147541,0.6277561608300908
S1_correct,0.7,0.15,78,1066,0.012195121951219513,0.6828793774319066
S1_correct,0.7,0.2,78,1152,0.020833333333333332,0.7315175097276264
S1_correct,0.7,0.05,79,728,0.0027472527472527475,0.4792079207920792
S1_correct,0.7,0.1,79,913,0.007667031763417305,0.598019801980198
S1_correct,0.7,0.15,79,1023,0.01270772238514174,0.6666666666666666
S1_correct,0.7,0.2,79,1093,0.01738334858188472,0.7089108910891089
S1_correct,0.7,0.05,80,720,0.004166666666666667,0.47927807486631013
S1_correct,0.7,0.1,80,918,0.00980392156862745,0.607620320855615
S1_correct,0.7,0.15,80,1012,0.010869565217391304,0.6691176470588235
S1_correct,0.7,0.2,80,1088,0.02022058823529412,0.7125668449197861
S1_correct,0.7,0.05,81,856,0.005841121495327103,0.5617161716171617
S1_correct,0.7,0.1,81,1016,0.012795275590551181,0.662046204620462
S1_correct,0.7,0.15,81,1102,0.017241379310344827,0.7148514851485148
S1_correct,0.7,0.2,81,1170,0.018803418803418803,0.7577557755775578
S1_correct,0.7,0.05,82,653,0.0030627871362940277,0.45239749826268244
S1_correct,0.7,0.1,82,857,0.007001166861143524,0.5913829047949966
S1_correct,0.7,0.15,82,955,0.015706806282722512,0.6532314107018763
S1_correct,0.7,0.2,82,1021,0.02056807051909892,0.6949270326615705
S1_correct,0.7,0.05,83,681,0.005873715124816446,0.44834437086092715
S1_correct,0.7,0.1,83,900,0.0077777777777777776,0.5913907284768212
S1_correct,0.7,0.15,83,1013,0.013820335636722606,0.66158940397351
S1_correct,0.7,0.2,83,1105,0.019004524886877826,0.7178807947019867
S1_correct,0.7,0.05,84,663,0.0015082956259426848,0.4326797385620915
S1_correct,0.7,0.1,84,866,0.005773672055427252,0.5627450980392157
S1_correct,0.7,0.15,84,999,0.014014014014014014,0.6437908496732027
S1_correct,0.7,0.2,84,1062,0.01694915254237288,0.6823529411764706
S1_correct,0.7,0.05,85,733,0.0068212824010914054,0.48372093023255813
S1_correct,0.7,0.1,85,947,0.009503695881731784,0.6232558139534884
S1_correct,0.7,0.15,85,1043,0.014381591562799617,0.6830564784053156
S1_correct,0.7,0.2,85,1095,0.017351598173515982,0.7149501661129568
S1_correct,0.7,0.05,86,828,0.0036231884057971015,0.5312298776561494
S1_correct,0.7,0.1,86,1020,0.006862745098039216,0.6522858982614295
S1_correct,0.7,0.15,86,1113,0.008086253369272238,0.7108821635544108
S1_correct,0.7,0.2,86,1179,0.016963528413910092,0.7462974887314875
S1_correct,0.7,0.05,87,769,0.0039011703511053317,0.4913406029506094
S1_correct,0.7,0.1,87,957,0.009404388714733543,0.6080821039127646
S1_correct,0.7,0.15,87,1062,0.01224105461393597,0.672867222578576
S1_correct,0.7,0.2,87,1131,0.015915119363395226,0.7139191789608723
S1_correct,0.7,0.05,88,691,0.002894356005788712,0.4532894736842105
S1_correct,0.7,0.1,88,914,0.010940919037199124,0.5947368421052631
S1_correct,0.7,0.15,88,1025,0.013658536585365854,0.6651315789473684
S1_correct,0.7,0.2,88,1094,0.013711151736745886,0.7098684210526316
S1_correct,0.7,0.05,89,779,0.0038510911424903724,0.5078534031413613
S1_correct,0.7,0.1,89,961,0.01040582726326743,0.6223821989528796
S1_correct,0.7,0.15,89,1068,0.016853932584269662,0.68717277486911
S1_correct,0.7,0.2,89,1131,0.01856763925729443,0.7264397905759162
S1_correct,0.7,0.05,90,837,0.009557945041816009,0.5421844342707652
S1_correct,0.7,0.1,90,1022,0.014677103718199608,0.658600392413342
S1_correct,0.7,0.15,90,1124,0.018683274021352312,0.7213865271419229
S1_correct,0.7,0.2,90,1188,0.02356902356902357,0.7586657946370177
S1_correct,0.7,0.05,91,715,0.002797202797202797,0.46938775510204084
S1_correct,0.7,0.1,91,934,0.007494646680942184,0.6102699144173799
S1_correct,0.7,0.15,91,1059,0.012275731822474031,0.6886109282422647
S1_correct,0.7,0.2,91,1117,0.012533572068039392,0.7261356155365372
S1_correct,0.7,0.05,92,723,0.0013831258644536654,0.49115646258503404
S1_correct,0.7,0.1,92,902,0.0066518847006651885,0.6095238095238096
S1_correct,0.7,0.15,92,1026,0.01364522417153996,0.6884353741496598
S1_correct,0.7,0.2,92,1094,0.01736745886654479,0.7312925170068028
S1_correct,0.7,0.05,93,712,0.004213483146067416,0.4793779580797836
S1_correct,0.7,0.1,93,895,0.0111731843575419,0.5983772819472617
S1_correct,0.7,0.15,93,974,0.014373716632443531,0.6490872210953347
S1_correct,0.7,0.2,93,1058,0.017958412098298678,0.7025016903313049
S1_correct,0.7,0.05,94,798,0.0037593984962406013,0.5452674897119342
S1_correct,0.7,0.1,94,934,0.006423982869379015,0.6364883401920439
S1_correct,0.7,0.15,94,1031,0.013579049466537343,0.6975308641975309
S1_correct,0.7,0.2,94,1090,0.01651376146788991,0.7352537722908093
S1_correct,0.7,0.05,95,697,0.00860832137733142,0.4739368998628258
S1_correct,0.7,0.1,95,875,0.013714285714285714,0.5919067215363512
S1_correct,0.7,0.15,95,989,0.015166835187057633,0.6680384087791496
S1_correct,0.7,0.2,95,1066,0.02345215759849906,0.7139917695473251
S1_correct,0.7,0.05,96,739,0.0013531799729364006,0.49036544850498337
S1_correct,0.7,0.1,96,919,0.003264417845484222,0.6086378737541528
S1_correct,0.7,0.15,96,1012,0.008893280632411068,0.6664451827242525
S1_correct,0.7,0.2,96,1084,0.011992619926199263,0.7116279069767442
S1_correct,0.7,0.05,97,768,0.0,0.5271105010295127
S1_correct,0.7,0.1,97,931,0.011815252416756176,0.6314344543582704
S1_correct,0.7,0.15,97,1019,0.015701668302257114,0.6884008236101579
S1_correct,0.7,0.2,97,1089,0.018365472910927456,0.7336993822923816
S1_correct,0.7,0.05,98,726,0.006887052341597796,0.4878213802435724
S1_correct,0.7,0.1,98,925,0.00972972972972973,0.6197564276048715
S1_correct,0.7,0.15,98,1001,0.012987012987012988,0.6684709066305818
S1_correct,0.7,0.2,98,1079,0.021316033364226137,0.7144790257104194
S1_correct,0.7,0.05,99,719,0.0013908205841446453,0.4786666666666667
S1_correct,0.7,0.1,99,884,0.00904977375565611,0.584
S1_correct,0.7,0.15,99,997,0.012036108324974924,0.6566666666666666
S1_correct,0.7,0.2,99,1083,0.014773776546629732,0.7113333333333334
S1_correct,0.9,0.05,0,125,0.008,0.2546201232032854
S1_correct,0.9,0.1,0,205,0.004878048780487805,0.4188911704312115
S1_correct,0.9,0.15,0,244,0.012295081967213115,0.4948665297741273
S1_correct,0.9,0.2,0,277,0.032490974729241874,0.5503080082135524
S1_correct,0.9,0.05,1,130,0.0,0.25793650793650796
S1_correct,0.9,0.1,1,204,0.004901960784313725,0.4027777777777778
S1_correct,0.9,0.15,1,246,0.012195121951219513,0.48214285714285715
S1_correct,0.9,0.2,1,269,0.011152416356877323,0.5277777777777778
S1_correct,0.9,0.05,2,182,0.0,0.35826771653543305
S1_correct,0.9,0.1,2,239,0.0041841004184100415,0.468503937007874
S1_correct,0.9,0.15,2,278,0.01079136690647482,0.5413385826771654
S1_correct,0.9,0.2,2,303,0.009900990099009901,0.5905511811023622
S1_correct,0.9,0.05,3,163,0.012269938650306749,0.3333333333333333
S1_correct,0.9,0.1,3,221,0.02262443438914027,0.4472049689440994
S1_correct,0.9,0.15,3,252,0.027777777777777776,0.5072463768115942
S1_correct,0.9,0.2,3,280,0.02857142857142857,0.5631469979296067
S1_correct,0.9,0.05,4,146,0.0136986301369863,0.301255230125523
S1_correct,0.9,0.1,4,214,0.02336448598130841,0.4372384937238494
S1_correct,0.9,0.15,4,257,0.027237354085603113,0.5230125523012552
S1_correct,0.9,0.2,4,280,0.03214285714285714,0.5669456066945606
S1_correct,0.9,0.05,5,119,0.0,0.23658051689860835
S1_correct,0.9,0.1,5,168,0.011904761904761904,0.33001988071570576
S1_correct,0.9,0.15,5,209,0.009569377990430622,0.4115308151093439
S1_correct,0.9,0.2,5,244,0.01639344262295082,0.47713717693836977
S1_correct,0.9,0.05,6,143,0.0,0.29183673469387755
S1_correct,0.9,0.1,6,213,0.004694835680751174,0.4326530612244898
S1_correct,0.9,0.15,6,243,0.012345679012345678,0.4897959183673469
S1_correct,0.9,0.2,6,276,0.03260869565217391,0.5448979591836735
S1_correct,0.9,0.05,7,124,0.008064516129032258,0.25840336134453784
S1_correct,0.9,0.1,7,194,0.015463917525773196,0.4012605042016807
S1_correct,0.9,0.15,7,226,0.017699115044247787,0.46638655462184875
S1_correct,0.9,0.2,7,263,0.034220532319391636,0.5336134453781513
S1_correct,0.9,0.05,8,148,0.0,0.287378640776699
S1_correct,0.9,0.1,8,218,0.009174311926605505,0.41941747572815535
S1_correct,0.9,0.15,8,266,0.015037593984962405,0.5087378640776699
S1_correct,0.9,0.2,8,291,0.024054982817869417,0.5514563106796116
S1_correct,0.9,0.05,9,137,0.0,0.2836438923395445
S1_correct,0.9,0.1,9,188,0.015957446808510637,0.3830227743271222
S1_correct,0.9,0.15,9,241,0.02074688796680498,0.4886128364389234
S1_correct,0.9,0.2,9,264,0.026515151515151516,0.5320910973084886
S1_correct,0.9,0.05,10,127,0.007874015748031496,0.24705882352941178
S1_correct,0.9,0.1,10,207,0.014492753623188406,0.4
S1_correct,0.9,0.15,10,260,0.026923076923076925,0.49607843137254903
S1_correct,0.9,0.2,10,296,0.033783783783783786,0.5607843137254902
S1_correct,0.9,0.05,11,192,0.0,0.375
S1_correct,0.9,0.1,11,256,0.0,0.5
S1_correct,0.9,0.15,11,296,0.02364864864864865,0.564453125
S1_correct,0.9,0.2,11,315,0.025396825396825397,0.599609375
S1_correct,0.9,0.05,12,163,0.006134969325153374,0.34394904458598724
S1_correct,0.9,0.1,12,237,0.008438818565400843,0.4989384288747346
S1_correct,0.9,0.15,12,271,0.014760147601476014,0.5668789808917197
S1_correct,0.9,0.2,12,296,0.016891891891891893,0.6178343949044586
S1_correct,0.9,0.05,13,123,0.0,0.2421259842519685
S1_correct,0.9,0.1,13,201,0.01990049751243781,0.38779527559055116
S1_correct,0.9,0.15,13,248,0.020161290322580645,0.47834645669291337
S1_correct,0.9,0.2,13,271,0.01845018450184502,0.5236220472440944
S1_correct,0.9,0.05,14,161,0.0,0.30206378986866794
S1_correct,0.9,0.1,14,232,0.0,0.4352720450281426
S1_correct,0.9,0.15,14,266,0.007518796992481203,0.49530956848030017
S1_correct,0.9,0.2,14,291,0.020618556701030927,0.5347091932457786
S1_correct,0.9,0.05,15,161,0.0,0.3319587628865979
S1_correct,0.9,0.1,15,204,0.004901960784313725,0.41855670103092785
S1_correct,0.9,0.15,15,261,0.011494252873563218,0.5319587628865979
S1_correct,0.9,0.2,15,295,0.02711864406779661,0.5917525773195876
S1_correct,0.9,0.05,16,192,0.005208333333333333,0.3723196881091618
S1_correct,0.9,0.1,16,255,0.00784313725490196,0.49317738791423
S1_correct,0.9,0.15,16,291,0.010309278350515464,0.5614035087719298
S1_correct,0.9,0.2,16,318,0.0220125786163522,0.6062378167641326
S1_correct,0.9,0.05,17,102,0.0196078431372549,0.20920502092050208
S1_correct,0.9,0.1,17,175,0.017142857142857144,0.3598326359832636
S1_correct,0.9,0.15,17,205,0.02926829268292683,0.41631799163179917
S1_correct,0.9,0.2,17,231,0.025974025974025976,0.4707112970711297
S1_correct,0.9,0.05,18,172,0.0,0.37310195227765725
S1_correct,0.9,0.1,18,227,0.013215859030837005,0.48590021691973967
S1_correct,0.9,0.15,18,261,0.019157088122605363,0.5553145336225597
S1_correct,0.9,0.2,18,291,0.027491408934707903,0.613882863340564
S1_correct,0.9,0.05,19,150,0.0,0.30364372469635625
S1_correct,0.9,0.1,19,208,0.009615384615384616,0.41700404858299595
S1_correct,0.9,0.15,19,253,0.015810276679841896,0.5040485829959515
S1_correct,0.9,0.2,19,272,0.014705882352941176,0.5425101214574899
S1_correct,0.9,0.05,20,156,0.0,0.3170731707317073
S1_correct,0.9,0.1,20,218,0.013761467889908258,0.4369918699186992
S1_correct,0.9,0.15,20,244,0.028688524590163935,0.4817073170731707
S1_correct,0.9,0.2,20,274,0.032846715328467155,0.5386178861788617
S1_correct,0.9,0.05,21,175,0.0,0.3431372549019608
S1_correct,0.9,0.1,21,237,0.0,0.4647058823529412
S1_correct,0.9,0.15,21,274,0.021897810218978103,0.5254901960784314
S1_correct,0.9,0.2,21,308,0.022727272727272728,0.5901960784313726
S1_correct,0.9,0.05,22,151,0.0,0.28014842300556586
S1_correct,0.9,0.1,22,223,0.0,0.4137291280148423
S1_correct,0.9,0.15,22,257,0.01556420233463035,0.46938775510204084
S1_correct,0.9,0.2,22,296,0.030405405405405407,0.5324675324675324
S1_correct,0.9,0.05,23,113,0.0,0.22465208747514911
S1_correct,0.9,0.1,23,177,0.011299435028248588,0.34791252485089463
S1_correct,0.9,0.15,23,222,0.013513513513513514,0.43538767395626243
S1_correct,0.9,0.2,23,251,0.01593625498007968,0.49105367793240556
S1_correct,0.9,0.05,24,163,0.0,0.3240556660039761
S1_correct,0.9,0.1,24,225,0.0,0.44731610337972166
S1_correct,0.9,0.15,24,253,0.007905138339920948,0.4990059642147117
S1_correct,0.9,0.2,24,288,0.013888888888888888,0.5646123260437376
S1_correct,0.9,0.05,25,153,0.013071895424836602,0.3075356415478615
S1_correct,0.9,0.1,25,219,0.0319634703196347,0.4317718940936864
S1_correct,0.9,0.15,25,265,0.03018867924528302,0.5234215885947047
S1_correct,0.9,0.2,25,284,0.028169014084507043,0.5621181262729125
S1_correct,0.9,0.05,26,159,0.006289308176100629,0.3224489795918367
S1_correct,0.9,0.1,26,221,0.00904977375565611,0.44693877551020406
S1_correct,0.9,0.15,26,264,0.01893939393939394,0.5285714285714286
S1_correct,0.9,0.2,26,287,0.020905923344947737,0.573469387755102
S1_correct,0.9,0.05,27,139,0.007194244604316547,0.30666666666666664
S1_correct,0.9,0.1,27,202,0.019801980198019802,0.44
S1_correct,0.9,0.15,27,247,0.024291497975708502,0.5355555555555556
S1_correct,0.9,0.2,27,276,0.028985507246376812,0.5955555555555555
S1_correct,0.9,0.05,28,141,0.0,0.27115384615384613
S1_correct,0.9,0.1,28,198,0.005050505050505051,0.37884615384615383
S1_correct,0.9,0.15,28,238,0.012605042016806723,0.4519230769230769
S1_correct,0.9,0.2,28,279,0.025089605734767026,0.5230769230769231
S1_correct,0.9,0.05,29,171,0.005847953216374269,0.3281853281853282
S1_correct,0.9,0.1,29,237,0.016877637130801686,0.4498069498069498
S1_correct,0.9,0.15,29,289,0.02768166089965398,0.5424710424710425
S1_correct,0.9,0.2,29,312,0.028846153846153848,0.584942084942085
S1_correct,0.9,0.05,30,139,0.0,0.271484375
S1_correct,0.9,0.1,30,200,0.0,0.390625
S1_correct,0.9,0.15,30,246,0.012195121951219513,0.474609375
S1_correct,0.9,0.2,30,275,0.014545454545454545,0.529296875
S1_correct,0.9,0.05,31,161,0.006211180124223602,0.3155818540433925
S1_correct,0.9,0.1,31,239,0.0041841004184100415,0.46942800788954636
S1_correct,0.9,0.15,31,279,0.007168458781362007,0.5463510848126233
S1_correct,0.9,0.2,31,299,0.016722408026755852,0.5798816568047337
S1_correct,0.9,0.05,32,142,0.007042253521126761,0.2803180914512923
S1_correct,0.9,0.1,32,216,0.009259259259259259,0.4254473161033797
S1_correct,0.9,0.15,32,287,0.010452961672473868,0.5646123260437376
S1_correct,0.9,0.2,32,304,0.02631578947368421,0.588469184890656
S1_correct,0.9,0.05,33,173,0.011560693641618497,0.3149171270718232
S1_correct,0.9,0.1,33,231,0.012987012987012988,0.4198895027624309
S1_correct,0.9,0.15,33,276,0.021739130434782608,0.4972375690607735
S1_correct,0.9,0.2,33,294,0.02040816326530612,0.5303867403314917
S1_correct,0.9,0.05,34,166,0.012048192771084338,0.3273453093812375
S1_correct,0.9,0.1,34,244,0.01639344262295082,0.47904191616766467
S1_correct,0.9,0.15,34,272,0.01838235294117647,0.5329341317365269
S1_correct,0.9,0.2,34,289,0.020761245674740483,0.564870259481038
S1_correct,0.9,0.05,35,160,0.0,0.32064128256513025
S1_correct,0.9,0.1,35,225,0.013333333333333334,0.44488977955911824
S1_correct,0.9,0.15,35,259,0.023166023166023165,0.5070140280561122
S1_correct,0.9,0.2,35,293,0.027303754266211604,0.5711422845691383
S1_correct,0.9,0.05,36,201,0.0,0.39644970414201186
S1_correct,0.9,0.1,36,268,0.022388059701492536,0.5167652859960552
S1_correct,0.9,0.15,36,301,0.019933554817275746,0.5818540433925049
S1_correct,0.9,0.2,36,331,0.02416918429003021,0.6370808678500987
S1_correct,0.9,0.05,37,147,0.0,0.2963709677419355
S1_correct,0.9,0.1,37,218,0.0,0.43951612903225806
S1_correct,0.9,0.15,37,265,0.011320754716981131,0.5282258064516129
S1_correct,0.9,0.2,37,297,0.016835016835016835,0.5887096774193549
S1_correct,0.9,0.05,38,207,0.004830917874396135,0.3916349809885932
S1_correct,0.9,0.1,38,286,0.01048951048951049,0.5380228136882129
S1_correct,0.9,0.15,38,302,0.009933774834437087,0.5684410646387833
S1_correct,0.9,0.2,38,328,0.018292682926829267,0.6121673003802282
S1_correct,0.9,0.05,39,130,0.0,0.2748414376321353
S1_correct,0.9,0.1,39,189,0.0,0.39957716701902746
S1_correct,0.9,0.15,39,243,0.00823045267489712,0.5095137420718816
S1_correct,0.9,0.2,39,279,0.017921146953405017,0.5792811839323467
S1_correct,0.9,0.05,40,158,0.012658227848101266,0.31451612903225806
S1_correct,0.9,0.1,40,208,0.019230769230769232,0.4112903225806452
S1_correct,0.9,0.15,40,241,0.016597510373443983,0.4778225806451613
S1_correct,0.9,0.2,40,266,0.018796992481203006,0.5262096774193549
S1_correct,0.9,0.05,41,140,0.0,0.28629856850715746
S1_correct,0.9,0.1,41,203,0.014778325123152709,0.40899795501022496
S1_correct,0.9,0.15,41,243,0.012345679012345678,0.49079754601226994
S1_correct,0.9,0.2,41,267,0.0149812734082397,0.5378323108384458
S1_correct,0.9,0.05,42,149,0.0,0.2832699619771863
S1_correct,0.9,0.1,42,211,0.018957345971563982,0.3935361216730038
S1_correct,0.9,0.15,42,253,0.023715415019762844,0.4695817490494297
S1_correct,0.9,0.2,42,303,0.033003300330033,0.5570342205323194
S1_correct,0.9,0.05,43,157,0.012738853503184714,0.30632411067193677
S1_correct,0.9,0.1,43,231,0.012987012987012988,0.4505928853754941
S1_correct,0.9,0.15,43,264,0.022727272727272728,0.5098814229249012
S1_correct,0.9,0.2,43,295,0.03389830508474576,0.5632411067193676
S1_correct,0.9,0.05,44,138,0.007246376811594203,0.2762096774193548
S1_correct,0.9,0.1,44,207,0.014492753623188406,0.4112903225806452
S1_correct,0.9,0.15,44,256,0.015625,0.5080645161290323
S1_correct,0.9,0.2,44,276,0.021739130434782608,0.5443548387096774
S1_correct,0.9,0.05,45,135,0.0,0.2647058823529412
S1_correct,0.9,0.1,45,201,0.0,0.3941176470588235
S1_correct,0.9,0.15,45,260,0.011538461538461539,0.503921568627451
S1_correct,0.9,0.2,45,292,0.02054794520547945,0.5607843137254902
S1_correct,0.9,0.05,46,107,0.0,0.2399103139013453
S1_correct,0.9,0.1,46,180,0.022222222222222223,0.39461883408071746
S1_correct,0.9,0.15,46,226,0.048672566371681415,0.4820627802690583
S1_correct,0.9,0.2,46,248,0.05241935483870968,0.5269058295964125
S1_correct,0.9,0.05,47,132,0.0,0.2509505703422053
S1_correct,0.9,0.1,47,221,0.004524886877828055,0.41825095057034223
S1_correct,0.9,0.15,47,258,0.011627906976744186,0.4847908745247148
S1_correct,0.9,0.2,47,288,0.020833333333333332,0.5361216730038023
S1_correct,0.9,0.05,48,154,0.0,0.30861723446893785
S1_correct,0.9,0.1,48,204,0.0,0.4088176352705411
S1_correct,0.9,0.15,48,262,0.007633587786259542,0.5210420841683366
S1_correct,0.9,0.2,48,298,0.010067114093959731,0.591182364729459
S1_correct,0.9,0.05,49,110,0.0,0.21653543307086615
S1_correct,0.9,0.1,49,204,0.014705882352941176,0.3956692913385827
S1_correct,0.9,0.15,49,266,0.018796992481203006,0.5137795275590551
S1_correct,0.9,0.2,49,297,0.026936026936026935,0.5688976377952756
S1_correct,0.9,0.05,50,134,0.022388059701492536,0.26147704590818366
S1_correct,0.9,0.1,50,194,0.030927835051546393,0.37524950099800397
S1_correct,0.9,0.15,50,245,0.04081632653061224,0.469061876247505
S1_correct,0.9,0.2,50,285,0.03859649122807018,0.5469061876247505
S1_correct,0.9,0.05,51,129,0.0,0.258
S1_correct,0.9,0.1,51,183,0.01092896174863388,0.362
S1_correct,0.9,0.15,51,229,0.017467248908296942,0.45
S1_correct,0.9,0.2,51,243,0.01646090534979424,0.478
S1_correct,0.9,0.05,52,137,0.0,0.2691552062868369
S1_correct,0.9,0.1,52,193,0.0051813471502590676,0.37721021611001965
S1_correct,0.9,0.15,52,246,0.012195121951219513,0.4774066797642436
S1_correct,0.9,0.2,52,286,0.02097902097902098,0.550098231827112
S1_correct,0.9,0.05,53,192,0.0,0.3562152133580705
S1_correct,0.9,0.1,53,248,0.012096774193548387,0.45454545454545453
S1_correct,0.9,0.15,53,275,0.014545454545454545,0.5027829313543599
S1_correct,0.9,0.2,53,304,0.023026315789473683,0.5510204081632653
S1_correct,0.9,0.05,54,103,0.009708737864077669,0.2125
S1_correct,0.9,0.1,54,180,0.016666666666666666,0.36875
S1_correct,0.9,0.15,54,226,0.035398230088495575,0.45416666666666666
S1_correct,0.9,0.2,54,243,0.04526748971193416,0.48333333333333334
S1_correct,0.9,0.05,55,127,0.0,0.25553319919517103
S1_correct,0.9,0.1,55,197,0.0,0.3963782696177062
S1_correct,0.9,0.15,55,242,0.008264462809917356,0.482897384305835
S1_correct,0.9,0.2,55,278,0.025179856115107913,0.545271629778672
S1_correct,0.9,0.05,56,169,0.011834319526627219,0.3394308943089431
S1_correct,0.9,0.1,56,223,0.008968609865470852,0.4491869918699187
S1_correct,0.9,0.15,56,263,0.015209125475285171,0.5264227642276422
S1_correct,0.9,0.2,56,283,0.02120141342756184,0.5630081300813008
S1_correct,0.9,0.05,57,128,0.0,0.2606924643584521
S1_correct,0.9,0.1,57,201,0.004975124378109453,0.4073319755600815
S1_correct,0.9,0.15,57,259,0.03088803088803089,0.5112016293279023
S1_correct,0.9,0.2,57,279,0.03942652329749104,0.5458248472505092
S1_correct,0.9,0.05,58,146,0.00684931506849315,0.29471544715447157
S1_correct,0.9,0.1,58,199,0.005025125628140704,0.4024390243902439
S1_correct,0.9,0.15,58,224,0.004464285714285714,0.4532520325203252
S1_correct,0.9,0.2,58,247,0.008097165991902834,0.49796747967479676
S1_correct,0.9,0.05,59,138,0.007246376811594203,0.28016359918200406
S1_correct,0.9,0.1,59,208,0.004807692307692308,0.4233128834355828
S1_correct,0.9,0.15,59,239,0.012552301255230125,0.48261758691206547
S1_correct,0.9,0.2,59,272,0.014705882352941176,0.5480572597137015
S1_correct,0.9,0.05,60,107,0.0,0.22431865828092243
S1_correct,0.9,0.1,60,170,0.01764705882352941,0.350104821802935
S1_correct,0.9,0.15,60,211,0.03317535545023697,0.4276729559748428
S1_correct,0.9,0.2,60,255,0.050980392156862744,0.5073375262054507
S1_correct,0.9,0.05,61,205,0.004878048780487805,0.384180790960452
S1_correct,0.9,0.1,61,254,0.015748031496062992,0.4708097928436911
S1_correct,0.9,0.15,61,301,0.019933554817275746,0.5555555555555556
S1_correct,0.9,0.2,61,332,0.02710843373493976,0.608286252354049
S1_correct,0.9,0.05,62,110,0.0,0.22964509394572025
S1_correct,0.9,0.1,62,161,0.006211180124223602,0.33402922755741127
S1_correct,0.9,0.15,62,204,0.029411764705882353,0.4133611691022965
S1_correct,0.9,0.2,62,224,0.03125,0.453027139874739
S1_correct,0.9,0.05,63,141,0.0,0.2865853658536585
S1_correct,0.9,0.1,63,211,0.004739336492890996,0.4268292682926829
S1_correct,0.9,0.15,63,256,0.01171875,0.5142276422764228
S1_correct,0.9,0.2,63,283,0.02120141342756184,0.5630081300813008
S1_correct,0.9,0.05,64,133,0.007518796992481203,0.2619047619047619
S1_correct,0.9,0.1,64,207,0.014492753623188406,0.40476190476190477
S1_correct,0.9,0.15,64,254,0.01968503937007874,0.49404761904761907
S1_correct,0.9,0.2,64,283,0.024734982332155476,0.5476190476190477
S1_correct,0.9,0.05,65,132,0.007575757575757576,0.25992063492063494
S1_correct,0.9,0.1,65,195,0.010256410256410256,0.38293650793650796
S1_correct,0.9,0.15,65,234,0.017094017094017096,0.45634920634920634
S1_correct,0.9,0.2,65,262,0.019083969465648856,0.5099206349206349
S1_correct,0.9,0.05,66,155,0.0064516129032258064,0.29844961240310075
S1_correct,0.9,0.1,66,240,0.016666666666666666,0.4573643410852713
S1_correct,0.9,0.15,66,264,0.015151515151515152,0.5038759689922481
S1_correct,0.9,0.2,66,290,0.020689655172413793,0.5503875968992248
S1_correct,0.9,0.05,67,146,0.0136986301369863,0.27533460803059273
S1_correct,0.9,0.1,67,214,0.018691588785046728,0.40152963671128106
S1_correct,0.9,0.15,67,258,0.023255813953488372,0.4818355640535373
S1_correct,0.9,0.2,67,285,0.03508771929824561,0.5258126195028681
S1_correct,0.9,0.05,68,184,0.005434782608695652,0.37423312883435583
S1_correct,0.9,0.1,68,231,0.012987012987012988,0.4662576687116564
S1_correct,0.9,0.15,68,261,0.011494252873563218,0.5276073619631901
S1_correct,0.9,0.2,68,298,0.026845637583892617,0.5930470347648262
S1_correct,0.9,0.05,69,165,0.012121212121212121,0.31589147286821706
S1_correct,0.9,0.1,69,238,0.025210084033613446,0.4496124031007752
S1_correct,0.9,0.15,69,282,0.02127659574468085,0.5348837209302325
S1_correct,0.9,0.2,69,308,0.025974025974025976,0.5813953488372093
S1_correct,0.9,0.05,70,124,0.0,0.256198347107438
S1_correct,0.9,0.1,70,172,0.0,0.35537190082644626
S1_correct,0.9,0.15,70,211,0.018957345971563982,0.42768595041322316
S1_correct,0.9,0.2,70,247,0.04048582995951417,0.4896694214876033
S1_correct,0.9,0.05,71,162,0.0,0.3201581027667984
S1_correct,0.9,0.1,71,229,0.013100436681222707,0.44664031620553357
S1_correct,0.9,0.15,71,263,0.022813688212927757,0.5079051383399209
S1_correct,0.9,0.2,71,275,0.02181818181818182,0.5316205533596838
S1_correct,0.9,0.05,72,109,0.0,0.21541501976284586
S1_correct,0.9,0.1,72,214,0.009345794392523364,0.4189723320158103
S1_correct,0.9,0.15,72,260,0.011538461538461539,0.5079051383399209
S1_correct,0.9,0.2,72,293,0.030716723549488054,0.5612648221343873
S1_correct,0.9,0.05,73,132,0.0,0.25680933852140075
S1_correct,0.9,0.1,73,210,0.01904761904761905,0.40077821011673154
S1_correct,0.9,0.15,73,252,0.01984126984126984,0.4805447470817121
S1_correct,0.9,0.2,73,275,0.025454545454545455,0.5214007782101168
S1_correct,0.9,0.05,74,163,0.0,0.32086614173228345
S1_correct,0.9,0.1,74,236,0.00847457627118644,0.46062992125984253
S1_correct,0.9,0.15,74,282,0.010638297872340425,0.5492125984251969
S1_correct,0.9,0.2,74,321,0.024922118380062305,0.6161417322834646
S1_correct,0.9,0.05,75,162,0.012345679012345678,0.32989690721649484
S1_correct,0.9,0.1,75,226,0.022123893805309734,0.4556701030927835
S1_correct,0.9,0.15,75,259,0.02702702702702703,0.5195876288659794
S1_correct,0.9,0.2,75,289,0.031141868512110725,0.5773195876288659
S1_correct,0.9,0.05,76,151,0.0,0.29434697855750486
S1_correct,0.9,0.1,76,229,0.008733624454148471,0.442495126705653
S1_correct,0.9,0.15,76,270,0.011111111111111112,0.52046783625731
S1_correct,0.9,0.2,76,292,0.0136986301369863,0.5614035087719298
S1_correct,0.9,0.05,77,118,0.0,0.23790322580645162
S1_correct,0.9,0.1,77,183,0.00546448087431694,0.36693548387096775
S1_correct,0.9,0.15,77,232,0.01293103448275862,0.46169354838709675
S1_correct,0.9,0.2,77,264,0.01893939393939394,0.5221774193548387
S1_correct,0.9,0.05,78,169,0.005917159763313609,0.32432432432432434
S1_correct,0.9,0.1,78,232,0.01293103448275862,0.4420849420849421
S1_correct,0.9,0.15,78,268,0.014925373134328358,0.5096525096525096
S1_correct,0.9,0.2,78,304,0.029605263157894735,0.5694980694980695
S1_correct,0.9,0.05,79,126,0.007936507936507936,0.25252525252525254
S1_correct,0.9,0.1,79,196,0.00510204081632653,0.3939393939393939
S1_correct,0.9,0.15,79,231,0.004329004329004329,0.46464646464646464
S1_correct,0.9,0.2,79,259,0.011583011583011582,0.5171717171717172
S1_correct,0.9,0.05,80,107,0.0,0.22338204592901878
S1_correct,0.9,0.1,80,162,0.006172839506172839,0.33611691022964507
S1_correct,0.9,0.15,80,207,0.024154589371980676,0.42171189979123175
S1_correct,0.9,0.2,80,238,0.025210084033613446,0.48434237995824636
S1_correct,0.9,0.05,81,202,0.01485148514851485,0.3948412698412698
S1_correct,0.9,0.1,81,260,0.011538461538461539,0.5099206349206349
S1_correct,0.9,0.15,81,295,0.01694915254237288,0.5753968253968254
S1_correct,0.9,0.2,81,317,0.028391167192429023,0.6111111111111112
S1_correct,0.9,0.05,82,129,0.007751937984496124,0.2689075630252101
S1_correct,0.9,0.1,82,192,0.010416666666666666,0.39915966386554624
S1_correct,0.9,0.15,82,220,0.013636363636363636,0.45588235294117646
S1_correct,0.9,0.2,82,249,0.024096385542168676,0.5105042016806722
S1_correct,0.9,0.05,83,124,0.016129032258064516,0.25684210526315787
S1_correct,0.9,0.1,83,196,0.02040816326530612,0.40421052631578946
S1_correct,0.9,0.15,83,223,0.02242152466367713,0.4589473684210526
S1_correct,0.9,0.2,83,252,0.027777777777777776,0.5157894736842106
S1_correct,0.9,0.05,84,137,0.0,0.26346153846153847
S1_correct,0.9,0.1,84,212,0.0047169811320754715,0.40576923076923077
S1_correct,0.9,0.15,84,249,0.008032128514056224,0.475
S1_correct,0.9,0.2,84,283,0.014134275618374558,0.5365384615384615
S1_correct,0.9,0.05,85,187,0.0,0.35619047619047617
S1_correct,0.9,0.1,85,248,0.020161290322580645,0.46285714285714286
S1_correct,0.9,0.15,85,280,0.025,0.52
S1_correct,0.9,0.2,85,315,0.031746031746031744,0.580952380952381
S1_correct,0.9,0.05,86,175,0.011428571428571429,0.3264150943396226
S1_correct,0.9,0.1,86,250,0.02,0.46226415094339623
S1_correct,0.9,0.15,86,292,0.023972602739726026,0.5377358490566038
S1_correct,0.9,0.2,86,326,0.03374233128834356,0.5943396226415094
S1_correct,0.9,0.05,87,139,0.007194244604316547,0.27165354330708663
S1_correct,0.9,0.1,87,211,0.009478672985781991,0.41141732283464566
S1_correct,0.9,0.15,87,251,0.01593625498007968,0.4862204724409449
S1_correct,0.9,0.2,87,288,0.024305555555555556,0.5531496062992126
S1_correct,0.9,0.05,88,132,0.007575757575757576,0.2481060606060606
S1_correct,0.9,0.1,88,205,0.004878048780487805,0.38636363636363635
S1_correct,0.9,0.15,88,248,0.012096774193548387,0.4640151515151515
S1_correct,0.9,0.2,88,287,0.020905923344947737,0.5321969696969697
S1_correct,0.9,0.05,89,136,0.0,0.2490842490842491
S1_correct,0.9,0.1,89,229,0.008733624454148471,0.4157509157509158
S1_correct,0.9,0.15,89,275,0.01090909090909091,0.4981684981684982
S1_correct,0.9,0.2,89,313,0.022364217252396165,0.5604395604395604
S1_correct,0.9,0.05,90,198,0.020202020202020204,0.37524177949709864
S1_correct,0.9,0.1,90,254,0.027559055118110236,0.47775628626692457
S1_correct,0.9,0.15,90,308,0.04220779220779221,0.5705996131528046
S1_correct,0.9,0.2,90,332,0.045180722891566265,0.6131528046421664
S1_correct,0.9,0.05,91,131,0.007633587786259542,0.2620967741935484
S1_correct,0.9,0.1,91,195,0.005128205128205128,0.3911290322580645
S1_correct,0.9,0.15,91,232,0.008620689655172414,0.4637096774193548
S1_correct,0.9,0.2,91,264,0.015151515151515152,0.5241935483870968
S1_correct,0.9,0.05,92,146,0.0,0.2997946611909651
S1_correct,0.9,0.1,92,206,0.0,0.42299794661190965
S1_correct,0.9,0.15,92,242,0.004132231404958678,0.4948665297741273
S1_correct,0.9,0.2,92,276,0.010869565217391304,0.5605749486652978
S1_correct,0.9,0.05,93,99,0.010101010101010102,0.21585903083700442
S1_correct,0.9,0.1,93,177,0.005649717514124294,0.3876651982378855
S1_correct,0.9,0.15,93,211,0.009478672985781991,0.460352422907489
S1_correct,0.9,0.2,93,236,0.029661016949152543,0.5044052863436124
S1_correct,0.9,0.05,94,168,0.0,0.3421588594704684
S1_correct,0.9,0.1,94,215,0.004651162790697674,0.43584521384928715
S1_correct,0.9,0.15,94,256,0.01171875,0.515274949083503
S1_correct,0.9,0.2,94,284,0.014084507042253521,0.570264765784114
S1_correct,0.9,0.05,95,158,0.012658227848101266,0.32842105263157895
S1_correct,0.9,0.1,95,211,0.03317535545023697,0.42947368421052634
S1_correct,0.9,0.15,95,236,0.038135593220338986,0.47789473684210526
S1_correct,0.9,0.2,95,251,0.043824701195219126,0.5052631578947369
S1_correct,0.9,0.05,96,129,0.0,0.26380368098159507
S1_correct,0.9,0.1,96,192,0.005208333333333333,0.39059304703476483
S1_correct,0.9,0.15,96,232,0.01293103448275862,0.46830265848670755
S1_correct,0.9,0.2,96,257,0.011673151750972763,0.5194274028629857
S1_correct,0.9,0.05,97,170,0.0,0.35343035343035345
S1_correct,0.9,0.1,97,229,0.004366812227074236,0.47401247401247404
S1_correct,0.9,0.15,97,251,0.00398406374501992,0.5197505197505198
S1_correct,0.9,0.2,97,284,0.02464788732394366,0.5758835758835759
S1_correct,0.9,0.05,98,111,0.0,0.24503311258278146
S1_correct,0.9,0.1,98,154,0.006493506493506494,0.33774834437086093
S1_correct,0.9,0.15,98,205,0.01951219512195122,0.44370860927152317
S1_correct,0.9,0.2,98,248,0.03225806451612903,0.5298013245033113
S1_correct,0.9,0.05,99,98,0.0,0.1917808219178082
S1_correct,0.9,0.1,99,195,0.005128205128205128,0.3796477495107632
S1_correct,0.9,0.15,99,237,0.008438818565400843,0.4598825831702544
S1_correct,0.9,0.2,99,265,0.018867924528301886,0.5088062622309197
S2_3comp_null,0.5,0.05,0,1838,0.003264417845484222,0.734857601283594
S2_3comp_null,0.5,0.1,0,1994,0.006018054162487462,0.7950260730044123
S2_3comp_null,0.5,0.15,0,2086,0.010546500479386385,0.8279181708784596
S2_3comp_null,0.5,0.2,0,2144,0.012126865671641791,0.8495788206979543
S2_3comp_null,0.5,0.05,1,1739,0.0034502587694077054,0.6879714172290592
S2_3comp_null,0.5,0.1,1,1962,0.008664627930682976,0.7721317983326716
S2_3comp_null,0.5,0.15,1,2054,0.011197663096397274,0.8062723302897975
S2_3comp_null,0.5,0.2,1,2113,0.012778040700425935,0.8281063914251687
S2_3comp_null,0.5,0.05,2,1814,0.0016538037486218302,0.730241935483871
S2_3comp_null,0.5,0.1,2,1963,0.003565970453387672,0.7887096774193548
S2_3comp_null,0.5,0.15,2,2065,0.004842615012106538,0.8286290322580645
S2_3comp_null,0.5,0.2,2,2121,0.005657708628005658,0.8504032258064517
S2_3comp_null,0.5,0.05,3,1768,0.004524886877828055,0.6978588421887391
S2_3comp_null,0.5,0.1,3,1968,0.007113821138211382,0.774781919111816
S2_3comp_null,0.5,0.15,3,2072,0.008687258687258687,0.8144329896907216
S2_3comp_null,0.5,0.2,3,2144,0.012126865671641791,0.8398096748612213
S2_3comp_null,0.5,0.05,4,1731,0.005777007510109763,0.7088138385502472
S2_3comp_null,0.5,0.1,4,1916,0.007828810020876827,0.7829489291598023
S2_3comp_null,0.5,0.15,4,2009,0.010950721752115481,0.8183690280065898
S2_3comp_null,0.5,0.2,4,2093,0.011466794075489728,0.8521416803953872
S2_3comp_null,0.5,0.05,5,1804,0.004434589800443459,0.7104430379746836
S2_3comp_null,0.5,0.1,5,1999,0.0080040020010005,0.7844145569620253
S2_3comp_null,0.5,0.15,5,2094,0.01002865329512894,0.8200158227848101
S2_3comp_null,0.5,0.2,5,2181,0.013296652911508482,0.8512658227848101
S2_3comp_null,0.5,0.05,6,1736,0.004032258064516129,0.7008512363194163
S2_3comp_null,0.5,0.1,6,1915,0.007832898172323759,0.7701661937576003
S2_3comp_null,0.5,0.15,6,2022,0.008902077151335312,0.8123226591001216
S2_3comp_null,0.5,0.2,6,2090,0.012440191387559809,0.83664369679773
S2_3comp_null,0.5,0.05,7,1719,0.005235602094240838,0.6937119675456389
S2_3comp_null,0.5,0.1,7,1900,0.008421052631578947,0.7643002028397566
S2_3comp_null,0.5,0.15,7,1996,0.011523046092184368,0.8004056795131845
S2_3comp_null,0.5,0.2,7,2066,0.012584704743465635,0.8275862068965517
S2_3comp_null,0.5,0.05,8,1761,0.005110732538330494,0.6933122279382667
S2_3comp_null,0.5,0.1,8,1979,0.007074279939363315,0.777601899485556
S2_3comp_null,0.5,0.15,8,2066,0.009196515004840271,0.8100514444004748
S2_3comp_null,0.5,0.2,8,2120,0.00990566037735849,0.8306292045904234
S2_3comp_null,0.5,0.05,9,1721,0.006391632771644393,0.6807324840764332
S2_3comp_null,0.5,0.1,9,1927,0.008822003113648157,0.7603503184713376
S2_3comp_null,0.5,0.15,9,2042,0.011263467189030362,0.8037420382165605
S2_3comp_null,0.5,0.2,9,2119,0.010854176498348278,0.8343949044585988
S2_3comp_null,0.5,0.05,10,1747,0.0022896393817973667,0.6927662957074722
S2_3comp_null,0.5,0.1,10,1977,0.005058168942842691,0.7817965023847376
S2_3comp_null,0.5,0.15,10,2086,0.008149568552253116,0.8223370429252782
S2_3comp_null,0.5,0.2,10,2170,0.01152073732718894,0.8525437201907791
S2_3comp_null,0.5,0.05,11,1788,0.0039149888143176735,0.7181451612903226
S2_3comp_null,0.5,0.1,11,1983,0.008068582955118508,0.7931451612903225
S2_3comp_null,0.5,0.15,11,2084,0.009596928982725527,0.832258064516129
S2_3comp_null,0.5,0.2,11,2140,0.011682242990654205,0.8528225806451613
S2_3comp_null,0.5,0.05,12,1857,0.002154011847065159,0.7382470119521912
S2_3comp_null,0.5,0.1,12,2022,0.002967359050445104,0.803187250996016
S2_3comp_null,0.5,0.15,12,2111,0.0071056371387967785,0.8350597609561753
S2_3comp_null,0.5,0.2,12,2162,0.0074005550416281225,0.8549800796812749
S2_3comp_null,0.5,0.05,13,1701,0.0029394473838918285,0.6748905690409869
S2_3comp_null,0.5,0.1,13,1919,0.004168837936425221,0.7604456824512534
S2_3comp_null,0.5,0.15,13,2042,0.00832517140058766,0.8058097890966972
S2_3comp_null,0.5,0.2,13,2116,0.011814744801512287,0.8320732192598488
S2_3comp_null,0.5,0.05,14,1798,0.006674082313681869,0.7144
S2_3comp_null,0.5,0.1,14,1993,0.010035122930255895,0.7892
S2_3comp_null,0.5,0.15,14,2086,0.012464046021093002,0.824
S2_3comp_null,0.5,0.2,14,2142,0.014005602240896359,0.8448
S2_3comp_null,0.5,0.05,15,1777,0.0033764772087788407,0.6966955153422502
S2_3comp_null,0.5,0.1,15,1985,0.0055415617128463475,0.7765538945712038
S2_3comp_null,0.5,0.15,15,2116,0.007561436672967864,0.8261211644374509
S2_3comp_null,0.5,0.2,15,2169,0.00875979714153988,0.8457907159716759
S2_3comp_null,0.5,0.05,16,1829,0.002733734281027884,0.7086247086247086
S2_3comp_null,0.5,0.1,16,2033,0.004426955238563699,0.7863247863247863
S2_3comp_null,0.5,0.15,16,2135,0.007962529274004685,0.8228438228438228
S2_3comp_null,0.5,0.2,16,2188,0.010054844606946984,0.8414918414918415
S2_3comp_null,0.5,0.05,17,1770,0.002824858757062147,0.6948818897637795
S2_3comp_null,0.5,0.1,17,1952,0.003586065573770492,0.765748031496063
S2_3comp_null,0.5,0.15,17,2055,0.006326034063260341,0.8039370078740158
S2_3comp_null,0.5,0.2,17,2130,0.009389671361502348,0.8307086614173228
S2_3comp_null,0.5,0.05,18,1761,0.005110732538330494,0.7177386317083163
S2_3comp_null,0.5,0.1,18,1936,0.006714876033057851,0.7877918885702581
S2_3comp_null,0.5,0.15,18,2031,0.008370260955194485,0.8250716919295371
S2_3comp_null,0.5,0.2,18,2073,0.009165460684997588,0.8414584186808685
S2_3comp_null,0.5,0.05,19,1775,0.0028169014084507044,0.7139975796692215
S2_3comp_null,0.5,0.1,19,1950,0.004615384615384616,0.7829770068576039
S2_3comp_null,0.5,0.15,19,2041,0.004409603135717786,0.8196853569987899
S2_3comp_null,0.5,0.2,19,2086,0.004314477468839885,0.8378378378378378
S2_3comp_null,0.5,0.05,20,1713,0.005253940455341506,0.7000821692686935
S2_3comp_null,0.5,0.1,20,1885,0.008488063660477453,0.7678718159408381
S2_3comp_null,0.5,0.15,20,1986,0.011077542799597181,0.8069022185702547
S2_3comp_null,0.5,0.2,20,2060,0.01407766990291262,0.8344289235825801
S2_3comp_null,0.5,0.05,21,1865,0.0021447721179624667,0.7352824970367444
S2_3comp_null,0.5,0.1,21,2034,0.005408062930186824,0.7992888186487555
S2_3comp_null,0.5,0.15,21,2126,0.00799623706491063,0.8332674832082181
S2_3comp_null,0.5,0.2,21,2185,0.009610983981693364,0.8549980244962465
S2_3comp_null,0.5,0.05,22,1702,0.005875440658049354,0.6828087167070218
S2_3comp_null,0.5,0.1,22,1901,0.007364544976328248,0.761501210653753
S2_3comp_null,0.5,0.15,22,2034,0.009341199606686333,0.8131557707828895
S2_3comp_null,0.5,0.2,22,2104,0.011406844106463879,0.8393866020984665
S2_3comp_null,0.5,0.05,23,1745,0.0017191977077363897,0.6820673453406422
S2_3comp_null,0.5,0.1,23,1965,0.004071246819338422,0.7662490211433046
S2_3comp_null,0.5,0.15,23,2083,0.006240998559769563,0.8104933437744715
S2_3comp_null,0.5,0.2,23,2142,0.007469654528478058,0.8324197337509789
S2_3comp_null,0.5,0.05,24,1708,0.002927400468384075,0.6925579503863359
S2_3comp_null,0.5,0.1,24,1888,0.007944915254237288,0.7616917446116307
S2_3comp_null,0.5,0.15,24,1989,0.010055304172951232,0.8007320048800325
S2_3comp_null,0.5,0.2,24,2063,0.014541929229277752,0.826758845058967
S2_3comp_null,0.5,0.05,25,1740,0.004022988505747126,0.68879173290938
S2_3comp_null,0.5,0.1,25,1931,0.004660797514241326,0.7639109697933227
S2_3comp_null,0.5,0.15,25,2040,0.006862745098039216,0.8052464228934817
S2_3comp_null,0.5,0.2,25,2114,0.009933774834437087,0.8318759936406995
S2_3comp_null,0.5,0.05,26,1818,0.0022002200220022,0.7187004754358162
S2_3comp_null,0.5,0.1,26,1985,0.0055415617128463475,0.7820919175911252
S2_3comp_null,0.5,0.15,26,2088,0.006704980842911878,0.8217115689381933
S2_3comp_null,0.5,0.2,26,2151,0.010227801022780102,0.8435023771790808
S2_3comp_null,0.5,0.05,27,1766,0.0028312570781426952,0.7205400981996727
S2_3comp_null,0.5,0.1,27,1953,0.0056323604710701485,0.7945990180032734
S2_3comp_null,0.5,0.15,27,2040,0.00784313725490196,0.8281505728314239
S2_3comp_null,0.5,0.2,27,2105,0.010451306413301662,0.852291325695581
S2_3comp_null,0.5,0.05,28,1786,0.003919372900335946,0.7037183544303798
S2_3comp_null,0.5,0.1,28,1987,0.006542526421741319,0.7808544303797469
S2_3comp_null,0.5,0.15,28,2084,0.008637236084452975,0.817246835443038
S2_3comp_null,0.5,0.2,28,2155,0.010208816705336427,0.84375
S2_3comp_null,0.5,0.05,29,1850,0.004324324324324324,0.721221613155834
S2_3comp_null,0.5,0.1,29,2007,0.005979073243647235,0.7811276429130776
S2_3comp_null,0.5,0.15,29,2123,0.007536504945831371,0.8249804228660924
S2_3comp_null,0.5,0.2,29,2173,0.008743672342383801,0.8433829287392326
S2_3comp_null,0.5,0.05,30,1697,0.0029463759575721863,0.6711622372074574
S2_3comp_null,0.5,0.1,30,1912,0.005753138075313808,0.7540658468861563
S2_3comp_null,0.5,0.15,30,2028,0.010848126232741617,0.7957159857199524
S2_3comp_null,0.5,0.2,30,2108,0.013282732447817837,0.8250694168980564
S2_3comp_null,0.5,0.05,31,1835,0.004904632152588556,0.7152369761065414
S2_3comp_null,0.5,0.1,31,2021,0.007422068283028204,0.7857422640031335
S2_3comp_null,0.5,0.15,31,2111,0.010421601136901942,0.81825303564434
S2_3comp_null,0.5,0.2,31,2171,0.013357899585444496,0.8390129259694477
S2_3comp_null,0.5,0.05,32,1782,0.005050505050505051,0.7103365384615384
S2_3comp_null,0.5,0.1,32,1960,0.006122448979591836,0.780448717948718
S2_3comp_null,0.5,0.15,32,2074,0.00819672131147541,0.8241185897435898
S2_3comp_null,0.5,0.2,32,2139,0.010752688172043012,0.8477564102564102
S2_3comp_null,0.5,0.05,33,1714,0.003500583430571762,0.6929006085192698
S2_3comp_null,0.5,0.1,33,1916,0.005741127348643006,0.7728194726166329
S2_3comp_null,0.5,0.15,33,2016,0.006944444444444444,0.8121703853955375
S2_3comp_null,0.5,0.2,33,2090,0.00909090909090909,0.8401622718052738
S2_3comp_null,0.5,0.05,34,1784,0.005044843049327354,0.710568454763811
S2_3comp_null,0.5,0.1,34,1959,0.006125574272588055,0.7794235388310649
S2_3comp_null,0.5,0.15,34,2056,0.00924124513618677,0.8154523618895116
S2_3comp_null,0.5,0.2,34,2120,0.010377358490566037,0.8398718975180144
S2_3comp_null,0.5,0.05,35,1771,0.002258610954263128,0.7073658927141714
S2_3comp_null,0.5,0.1,35,1973,0.006588950836289914,0.7846277021617294
S2_3comp_null,0.5,0.15,35,2069,0.010633156114064766,0.8194555644515612
S2_3comp_null,0.5,0.2,35,2126,0.013640639698965193,0.8394715772618094
S2_3comp_null,0.5,0.05,36,1834,0.004362050163576881,0.7450020399836801
S2_3comp_null,0.5,0.1,36,2001,0.006496751624187906,0.8110975112199102
S2_3comp_null,0.5,0.15,36,2080,0.009134615384615385,0.8408812729498164
S2_3comp_null,0.5,0.2,36,2122,0.010367577756833177,0.8567931456548348
S2_3comp_null,0.5,0.05,37,1751,0.0028555111364934323,0.6945107398568019
S2_3comp_null,0.5,0.1,37,1973,0.005575266092245312,0.7804295942720764
S2_3comp_null,0.5,0.15,37,2070,0.005797101449275362,0.8186157517899761
S2_3comp_null,0.5,0.2,37,2139,0.007947639083683964,0.8440731901352426
S2_3comp_null,0.5,0.05,38,1812,0.0027593818984547464,0.7216453674121406
S2_3comp_null,0.5,0.1,38,1971,0.005580923389142567,0.7827476038338658
S2_3comp_null,0.5,0.15,38,2066,0.007744433688286544,0.8186900958466453
S2_3comp_null,0.5,0.2,38,2131,0.009385265133740028,0.8430511182108626
S2_3comp_null,0.5,0.05,39,1701,0.003527336860670194,0.6895850284784377
S2_3comp_null,0.5,0.1,39,1867,0.007498660953401178,0.7538649308380797
S2_3comp_null,0.5,0.15,39,1970,0.009644670050761422,0.7937347436940602
S2_3comp_null,0.5,0.2,39,2033,0.01131333005410723,0.8177379983726607
S2_3comp_null,0.5,0.05,40,1765,0.004532577903682719,0.6911880409126672
S2_3comp_null,0.5,0.1,40,1963,0.006113092205807438,0.7675059008654602
S2_3comp_null,0.5,0.15,40,2049,0.009272816007808687,0.7985837922895358
S2_3comp_null,0.5,0.2,40,2134,0.010309278350515464,0.8308418568056648
S2_3comp_null,0.5,0.05,41,1783,0.002243409983174425,0.710747103475829
S2_3comp_null,0.5,0.1,41,1952,0.0030737704918032786,0.7774670395525369
S2_3comp_null,0.5,0.15,41,2052,0.005847953216374269,0.8150219736316421
S2_3comp_null,0.5,0.2,41,2114,0.00804162724692526,0.8377946464242908
S2_3comp_null,0.5,0.05,42,1750,0.005714285714285714,0.6990759341100844
S2_3comp_null,0.5,0.1,42,1950,0.006153846153846154,0.7786259541984732
S2_3comp_null,0.5,0.15,42,2062,0.008244422890397672,0.8216151064684613
S2_3comp_null,0.5,0.2,42,2121,0.009900990099009901,0.8437123342707915
S2_3comp_null,0.5,0.05,43,1825,0.0032876712328767125,0.736139214892756
S2_3comp_null,0.5,0.1,43,1988,0.006036217303822937,0.7996762444354513
S2_3comp_null,0.5,0.15,43,2080,0.010576923076923078,0.8328611898016998
S2_3comp_null,0.5,0.2,43,2130,0.01267605633802817,0.8510724403075678
S2_3comp_null,0.5,0.05,44,1733,0.004616272360069244,0.6964069438837304
S2_3comp_null,0.5,0.1,44,1917,0.008346374543557642,0.7674606378683891
S2_3comp_null,0.5,0.15,44,2014,0.010427010923535254,0.8046023415421881
S2_3comp_null,0.5,0.2,44,2079,0.011544011544011544,0.8296326201049656
S2_3comp_null,0.5,0.05,45,1734,0.0028835063437139563,0.6833992094861661
S2_3comp_null,0.5,0.1,45,1931,0.004660797514241326,0.7596837944664032
S2_3comp_null,0.5,0.15,45,2026,0.006416584402764067,0.7956521739130434
S2_3comp_null,0.5,0.2,45,2112,0.010416666666666666,0.8260869565217391
S2_3comp_null,0.5,0.05,46,1775,0.0067605633802816905,0.7026703866082105
S2_3comp_null,0.5,0.1,46,1936,0.00981404958677686,0.7640494220805102
S2_3comp_null,0.5,0.15,46,2046,0.011241446725317693,0.8062973296133918
S2_3comp_null,0.5,0.2,46,2119,0.012269938650306749,0.8341968911917098
S2_3comp_null,0.5,0.05,47,1719,0.002326934264107039,0.6819085487077535
S2_3comp_null,0.5,0.1,47,1941,0.005667181865018032,0.7673956262425448
S2_3comp_null,0.5,0.15,47,2052,0.008284600389863547,0.8091451292246521
S2_3comp_null,0.5,0.2,47,2110,0.010900473933649289,0.8298210735586481
S2_3comp_null,0.5,0.05,48,1835,0.0021798365122615805,0.7324
S2_3comp_null,0.5,0.1,48,2007,0.005480817140009965,0.7984
S2_3comp_null,0.5,0.15,48,2092,0.0076481835564053535,0.8304
S2_3comp_null,0.5,0.2,48,2158,0.010658016682113068,0.854
S2_3comp_null,0.5,0.05,49,1704,0.005868544600938967,0.6797752808988764
S2_3comp_null,0.5,0.1,49,1916,0.007828810020876827,0.7628410914927769
S2_3comp_null,0.5,0.15,49,2006,0.009970089730807577,0.7969502407704655
S2_3comp_null,0.5,0.2,49,2069,0.012566457225712905,0.8198234349919743
S2_3comp_null,0.5,0.05,50,1750,0.0034285714285714284,0.6956521739130435
S2_3comp_null,0.5,0.1,50,1924,0.005717255717255718,0.7630634224172318
S2_3comp_null,0.5,0.15,50,2050,0.006829268292682927,0.812126047068209
S2_3comp_null,0.5,0.2,50,2123,0.009891662741403674,0.8384523334662943
S2_3comp_null,0.5,0.05,51,1794,0.0033444816053511705,0.7047694126921561
S2_3comp_null,0.5,0.1,51,1978,0.008088978766430738,0.773354355538037
S2_3comp_null,0.5,0.15,51,2088,0.010057471264367816,0.8147418210484825
S2_3comp_null,0.5,0.2,51,2160,0.0125,0.8407567993693339
S2_3comp_null,0.5,0.05,52,1763,0.0045377197958026095,0.696152320507735
S2_3comp_null,0.5,0.1,52,1984,0.00655241935483871,0.781832606108687
S2_3comp_null,0.5,0.15,52,2091,0.009086561453849833,0.8218960729869099
S2_3comp_null,0.5,0.2,52,2150,0.009302325581395349,0.8449028163427211
S2_3comp_null,0.5,0.05,53,1680,0.0035714285714285713,0.6785569517632752
S2_3comp_null,0.5,0.1,53,1901,0.008416622830089426,0.7640859343331983
S2_3comp_null,0.5,0.15,53,2031,0.013786312161496799,0.8119173084718281
S2_3comp_null,0.5,0.2,53,2095,0.015751789976133652,0.8358329955411431
S2_3comp_null,0.5,0.05,54,1680,0.004166666666666667,0.675959595959596
S2_3comp_null,0.5,0.1,54,1890,0.005291005291005291,0.7595959595959596
S2_3comp_null,0.5,0.15,54,2008,0.00597609561752988,0.8064646464646464
S2_3comp_null,0.5,0.2,54,2071,0.008691453404152583,0.8294949494949495
S2_3comp_null,0.5,0.05,55,1670,0.0029940119760479044,0.6851851851851852
S2_3comp_null,0.5,0.1,55,1877,0.007991475759190196,0.7662551440329218
S2_3comp_null,0.5,0.15,55,1987,0.011071967790639155,0.808641975308642
S2_3comp_null,0.5,0.2,55,2051,0.011701608971233545,0.834156378600823
S2_3comp_null,0.5,0.05,56,1659,0.0030138637733574444,0.6661296818364881
S2_3comp_null,0.5,0.1,56,1867,0.007498660953401178,0.7462746677406363
S2_3comp_null,0.5,0.15,56,1980,0.010606060606060607,0.7889649617398309
S2_3comp_null,0.5,0.2,56,2064,0.012596899224806201,0.8207813129279098
S2_3comp_null,0.5,0.05,57,1717,0.0034944670937682005,0.6986525112290731
S2_3comp_null,0.5,0.1,57,1894,0.005279831045406547,0.7692935892200898
S2_3comp_null,0.5,0.15,57,1990,0.007537688442211055,0.8064516129032258
S2_3comp_null,0.5,0.2,57,2047,0.011235955056179775,0.8264597795018375
S2_3comp_null,0.5,0.05,58,1747,0.0028620492272467086,0.6802030456852792
S2_3comp_null,0.5,0.1,58,1956,0.004601226993865031,0.7602499023818821
S2_3comp_null,0.5,0.15,58,2054,0.007302823758519961,0.7961733697774307
S2_3comp_null,0.5,0.2,58,2126,0.010818438381937912,0.8211636079656385
S2_3comp_null,0.5,0.05,59,1722,0.0011614401858304297,0.6932688432083837
S2_3comp_null,0.5,0.1,59,1902,0.0031545741324921135,0.7642079806529625
S2_3comp_null,0.5,0.15,59,2002,0.004495504495504496,0.8033051189036678
S2_3comp_null,0.5,0.2,59,2061,0.006307617661329452,0.8254735993550988
S2_3comp_null,0.5,0.05,60,1794,0.004459308807134894,0.7059288537549407
S2_3comp_null,0.5,0.1,60,1994,0.007021063189568706,0.782608695652174
S2_3comp_null,0.5,0.15,60,2094,0.008595988538681949,0.8205533596837945
S2_3comp_null,0.5,0.2,60,2155,0.010672853828306265,0.8426877470355731
S2_3comp_null,0.5,0.05,61,1762,0.00510783200908059,0.707710940654017
S2_3comp_null,0.5,0.1,61,1931,0.006214396685655101,0.774727492935002
S2_3comp_null,0.5,0.15,61,2032,0.007874015748031496,0.8138877674606378
S2_3comp_null,0.5,0.2,61,2100,0.010476190476190476,0.8389180460234155
S2_3comp_null,0.5,0.05,62,1644,0.005474452554744526,0.6722861842105263
S2_3comp_null,0.5,0.1,62,1843,0.009224091155724362,0.7508223684210527
S2_3comp_null,0.5,0.15,62,1975,0.013164556962025316,0.8013980263157895
S2_3comp_null,0.5,0.2,62,2053,0.01412566975158305,0.8322368421052632
S2_3comp_null,0.5,0.05,63,1772,0.0039503386004514675,0.7020684168655529
S2_3comp_null,0.5,0.1,63,1959,0.006636038795303726,0.7740652346857597
S2_3comp_null,0.5,0.15,63,2067,0.008708272859216255,0.815035799522673
S2_3comp_null,0.5,0.2,63,2134,0.008434864104967198,0.841686555290374
S2_3comp_null,0.5,0.05,64,1789,0.0022358859698155395,0.7088959491660047
S2_3comp_null,0.5,0.1,64,1948,0.004106776180698152,0.7704527402700556
S2_3comp_null,0.5,0.15,64,2056,0.005836575875486381,0.8117553613979349
S2_3comp_null,0.5,0.2,64,2124,0.007062146892655367,0.8375694996028594
S2_3comp_null,0.5,0.05,65,1717,0.0034944670937682005,0.6995094031071136
S2_3comp_null,0.5,0.1,65,1899,0.005792522380200105,0.7718724448078496
S2_3comp_null,0.5,0.15,65,2001,0.0079960019990005,0.8115290269828291
S2_3comp_null,0.5,0.2,65,2072,0.00916988416988417,0.839329517579722
S2_3comp_null,0.5,0.05,66,1762,0.0028376844494892167,0.6944664031620553
S2_3comp_null,0.5,0.1,66,1976,0.0075910931174089065,0.775098814229249
S2_3comp_null,0.5,0.15,66,2069,0.008216529724504592,0.8110671936758893
S2_3comp_null,0.5,0.2,66,2128,0.009868421052631578,0.8328063241106719
S2_3comp_null,0.5,0.05,67,1784,0.004484304932735426,0.6972909305064782
S2_3comp_null,0.5,0.1,67,1985,0.007556675062972292,0.77345897133883
S2_3comp_null,0.5,0.15,67,2092,0.009560229445506692,0.8135060855908912
S2_3comp_null,0.5,0.2,67,2155,0.01345707656612529,0.8347074990184531
S2_3comp_null,0.5,0.05,68,1804,0.003880266075388027,0.7176517571884984
S2_3comp_null,0.5,0.1,68,1971,0.0076103500761035,0.7811501597444089
S2_3comp_null,0.5,0.15,68,2057,0.009236752552260573,0.8138977635782748
S2_3comp_null,0.5,0.2,68,2123,0.010362694300518135,0.8390575079872205
S2_3comp_null,0.5,0.05,69,1781,0.002807411566535654,0.6967438211063162
S2_3comp_null,0.5,0.1,69,1983,0.004034291477559254,0.7748136524127108
S2_3comp_null,0.5,0.15,69,2087,0.006708193579300431,0.8132601020007846
S2_3comp_null,0.5,0.2,69,2143,0.009332711152589827,0.8328756375049039
S2_3comp_null,0.5,0.05,70,1785,0.00392156862745098,0.7140562248995984
S2_3comp_null,0.5,0.1,70,1946,0.0051387461459403904,0.7775100401606426
S2_3comp_null,0.5,0.15,70,2062,0.007759456838021339,0.8216867469879519
S2_3comp_null,0.5,0.2,70,2109,0.009009009009009009,0.8393574297188755
S2_3comp_null,0.5,0.05,71,1853,0.004856988667026443,0.7265563435776202
S2_3comp_null,0.5,0.1,71,2018,0.006937561942517344,0.789598108747045
S2_3comp_null,0.5,0.15,71,2118,0.0084985835694051,0.8274231678486997
S2_3comp_null,0.5,0.2,71,2171,0.011515430677107323,0.8455476753349094
S2_3comp_null,0.5,0.05,72,1741,0.0034462952326249283,0.69206222576785
S2_3comp_null,0.5,0.1,72,1939,0.006704486848891181,0.7682489030714
S2_3comp_null,0.5,0.15,72,2024,0.009387351778656126,0.7997606701236538
S2_3comp_null,0.5,0.2,72,2104,0.010931558935361217,0.8300757877941763
S2_3comp_null,0.5,0.05,73,1800,0.0022222222222222222,0.7023856081345327
S2_3comp_null,0.5,0.1,73,2002,0.004995004995004995,0.779037935080172
S2_3comp_null,0.5,0.15,73,2102,0.007611798287345386,0.8157997653500195
S2_3comp_null,0.5,0.2,73,2163,0.009246417013407305,0.8380915134923739
S2_3comp_null,0.5,0.05,74,1855,0.00215633423180593,0.7555102040816326
S2_3comp_null,0.5,0.1,74,2001,0.004497751124437781,0.8130612244897959
S2_3comp_null,0.5,0.15,74,2079,0.007215007215007215,0.8424489795918367
S2_3comp_null,0.5,0.2,74,2127,0.010343206393982134,0.8591836734693877
S2_3comp_null,0.5,0.05,75,1772,0.003386004514672686,0.7027457222443295
S2_3comp_null,0.5,0.1,75,1947,0.005649717514124294,0.7703939514524473
S2_3comp_null,0.5,0.15,75,2048,0.0068359375,0.8093911659371269
S2_3comp_null,0.5,0.2,75,2106,0.008072174738841406,0.8312773577397533
S2_3comp_null,0.5,0.05,76,1726,0.0017381228273464658,0.6829171621086009
S2_3comp_null,0.5,0.1,76,1927,0.005189413596263622,0.7598097502972652
S2_3comp_null,0.5,0.15,76,2033,0.007870142646335464,0.79944510503369
S2_3comp_null,0.5,0.2,76,2085,0.00815347721822542,0.8196591359492668
S2_3comp_null,0.5,0.05,77,1795,0.003342618384401114,0.7127490039840637
S2_3comp_null,0.5,0.1,77,1957,0.0061318344404701075,0.7749003984063745
S2_3comp_null,0.5,0.15,77,2069,0.007249879168680522,0.8183266932270916
S2_3comp_null,0.5,0.2,77,2133,0.009376465072667605,0.8418326693227092
S2_3comp_null,0.5,0.05,78,1752,0.003424657534246575,0.7043162565550625
S2_3comp_null,0.5,0.1,78,1946,0.0051387461459403904,0.780960064542154
S2_3comp_null,0.5,0.15,78,2043,0.006363191385217817,0.8188785800726099
S2_3comp_null,0.5,0.2,78,2107,0.007119126720455624,0.8438886647841872
S2_3comp_null,0.5,0.05,79,1699,0.002354326074161271,0.6801765650080257
S2_3comp_null,0.5,0.1,79,1912,0.006276150627615063,0.7624398073836276
S2_3comp_null,0.5,0.15,79,2031,0.009847365829640572,0.8069823434991974
S2_3comp_null,0.5,0.2,79,2099,0.01095759885659838,0.8330658105939005
S2_3comp_null,0.5,0.05,80,1787,0.006715165081141578,0.710568454763811
S2_3comp_null,0.5,0.1,80,1975,0.007088607594936709,0.7850280224179343
S2_3comp_null,0.5,0.15,80,2076,0.008670520231213872,0.8238590872698158
S2_3comp_null,0.5,0.2,80,2139,0.01168770453482936,0.8462770216172938
S2_3comp_null,0.5,0.05,81,1887,0.003179650238473768,0.7388059701492538
S2_3comp_null,0.5,0.1,81,2065,0.006295399515738499,0.8059701492537313
S2_3comp_null,0.5,0.15,81,2155,0.00788863109048724,0.8397486252945797
S2_3comp_null,0.5,0.2,81,2203,0.009078529278256923,0.8574234092694423
S2_3comp_null,0.5,0.05,82,1639,0.0036607687614399025,0.6676206050695013
S2_3comp_null,0.5,0.1,82,1846,0.005958829902491874,0.750204415372036
S2_3comp_null,0.5,0.15,82,1958,0.009193054136874362,0.7931316434995912
S2_3comp_null,0.5,0.2,82,2042,0.011753183153770812,0.8250204415372036
S2_3comp_null,0.5,0.05,83,1745,0.004584527220630372,0.6849369085173501
S2_3comp_null,0.5,0.1,83,1957,0.0061318344404701075,0.7669558359621451
S2_3comp_null,0.5,0.15,83,2053,0.007793472966390648,0.8032334384858044
S2_3comp_null,0.5,0.2,83,2123,0.008478568064060292,0.8300473186119873
S2_3comp_null,0.5,0.05,84,1633,0.003674219228413962,0.6430830039525691
S2_3comp_null,0.5,0.1,84,1872,0.004273504273504274,0.7367588932806324
S2_3comp_null,0.5,0.15,84,1989,0.00904977375565611,0.7790513833992095
S2_3comp_null,0.5,0.2,84,2060,0.010194174757281554,0.8059288537549407
S2_3comp_null,0.5,0.05,85,1694,0.0023612750885478157,0.689795918367347
S2_3comp_null,0.5,0.1,85,1879,0.005854177754124534,0.7624489795918368
S2_3comp_null,0.5,0.15,85,1977,0.0065756196256954984,0.8016326530612244
S2_3comp_null,0.5,0.2,85,2028,0.009861932938856016,0.8195918367346938
S2_3comp_null,0.5,0.05,86,1870,0.0021390374331550803,0.738425009893154
S2_3comp_null,0.5,0.1,86,2001,0.00399800099950025,0.7886822318955283
S2_3comp_null,0.5,0.15,86,2100,0.007142857142857143,0.8250890383854372
S2_3comp_null,0.5,0.2,86,2166,0.009695290858725761,0.848832607835378
S2_3comp_null,0.5,0.05,87,1782,0.001122334455667789,0.7063492063492064
S2_3comp_null,0.5,0.1,87,1967,0.005083884087442806,0.7765873015873016
S2_3comp_null,0.5,0.15,87,2082,0.007204610951008645,0.8202380952380952
S2_3comp_null,0.5,0.2,87,2150,0.008837209302325582,0.8456349206349206
S2_3comp_null,0.5,0.05,88,1716,0.005244755244755245,0.666796875
S2_3comp_null,0.5,0.1,88,1927,0.006746237675142709,0.74765625
S2_3comp_null,0.5,0.15,88,2060,0.010194174757281554,0.796484375
S2_3comp_null,0.5,0.2,88,2121,0.010372465818010372,0.819921875
S2_3comp_null,0.5,0.05,89,1787,0.00391717963066592,0.7142857142857143
S2_3comp_null,0.5,0.1,89,1970,0.007106598984771574,0.7849117174959872
S2_3comp_null,0.5,0.15,89,2061,0.008248423095584668,0.8202247191011236
S2_3comp_null,0.5,0.2,89,2137,0.011230697239120261,0.8479133226324238
S2_3comp_null,0.5,0.05,90,1873,0.0037373198077949813,0.7398889770023791
S2_3comp_null,0.5,0.1,90,2044,0.007338551859099804,0.8045202220459953
S2_3comp_null,0.5,0.15,90,2132,0.008442776735459663,0.838223632038065
S2_3comp_null,0.5,0.2,90,2204,0.012250453720508167,0.8632038065027756
S2_3comp_null,0.5,0.05,91,1833,0.002727768685215494,0.7168627450980393
S2_3comp_null,0.5,0.1,91,2013,0.004967709885742673,0.7854901960784314
S2_3comp_null,0.5,0.15,91,2108,0.008538899430740038,0.8196078431372549
S2_3comp_null,0.5,0.2,91,2174,0.010119595216191352,0.8439215686274509
S2_3comp_null,0.5,0.05,92,1698,0.0035335689045936395,0.6900489396411092
S2_3comp_null,0.5,0.1,92,1894,0.00791974656810982,0.7663132137030995
S2_3comp_null,0.5,0.15,92,1989,0.01256913021618904,0.800978792822186
S2_3comp_null,0.5,0.2,92,2051,0.012676743052169674,0.8258564437194127
S2_3comp_null,0.5,0.05,93,1742,0.004018369690011481,0.7007269789983845
S2_3comp_null,0.5,0.1,93,1952,0.0056352459016393444,0.7839256865912763
S2_3comp_null,0.5,0.15,93,2043,0.007342143906020558,0.8190630048465266
S2_3comp_null,0.5,0.2,93,2120,0.009433962264150943,0.8481421647819063
S2_3comp_null,0.5,0.05,94,1801,0.003886729594669628,0.7090909090909091
S2_3comp_null,0.5,0.1,94,1974,0.005572441742654508,0.7758893280632411
S2_3comp_null,0.5,0.15,94,2070,0.00676328502415459,0.8126482213438735
S2_3comp_null,0.5,0.2,94,2146,0.010717614165890028,0.8391304347826087
S2_3comp_null,0.5,0.05,95,1712,0.004672897196261682,0.6854384553499597
S2_3comp_null,0.5,0.1,95,1929,0.008812856402280975,0.7691069991954947
S2_3comp_null,0.5,0.15,95,2032,0.00984251968503937,0.8093322606596943
S2_3comp_null,0.5,0.2,95,2088,0.011015325670498084,0.83065164923572
S2_3comp_null,0.5,0.05,96,1704,0.004107981220657277,0.6834474426097463
S2_3comp_null,0.5,0.1,96,1900,0.004736842105263158,0.761578735400725
S2_3comp_null,0.5,0.15,96,2026,0.006416584402764067,0.8107128473620621
S2_3comp_null,0.5,0.2,96,2095,0.007159904534606206,0.837696335078534
S2_3comp_null,0.5,0.05,97,1777,0.0022509848058525606,0.710906174819567
S2_3comp_null,0.5,0.1,97,1933,0.006207966890843249,0.7702485966319166
S2_3comp_null,0.5,0.15,97,2053,0.009254749147588894,0.8155573376102646
S2_3comp_null,0.5,0.2,97,2104,0.010456273764258554,0.834803528468324
S2_3comp_null,0.5,0.05,98,1699,0.004120070629782225,0.6878048780487804
S2_3comp_null,0.5,0.1,98,1890,0.006349206349206349,0.7634146341463415
S2_3comp_null,0.5,0.15,98,1985,0.00906801007556675,0.7995934959349593
S2_3comp_null,0.5,0.2,98,2040,0.00980392156862745,0.8211382113821138
S2_3comp_null,0.5,0.05,99,1764,0.003401360544217687,0.698450536352801
S2_3comp_null,0.5,0.1,99,1966,0.00508646998982706,0.7771156138259833
S2_3comp_null,0.5,0.15,99,2042,0.006366307541625857,0.8061183949145808
S2_3comp_null,0.5,0.2,99,2128,0.007988721804511278,0.8386968613428685
S2_3comp_null,0.7,0.05,0,966,0.008281573498964804,0.6357000663570007
S2_3comp_null,0.7,0.1,0,1099,0.01091901728844404,0.721300597213006
S2_3comp_null,0.7,0.15,0,1168,0.014554794520547944,0.7637690776376908
S2_3comp_null,0.7,0.2,0,1221,0.0171990171990172,0.79628400796284
S2_3comp_null,0.7,0.05,1,966,0.006211180124223602,0.6290956749672346
S2_3comp_null,0.7,0.1,1,1105,0.01085972850678733,0.716251638269987
S2_3comp_null,0.7,0.15,1,1175,0.016170212765957447,0.7575360419397117
S2_3comp_null,0.7,0.2,1,1225,0.02122448979591837,0.7857142857142857
S2_3comp_null,0.7,0.05,2,938,0.0031982942430703624,0.6364874063989108
S2_3comp_null,0.7,0.1,2,1069,0.004677268475210477,0.7243022464261403
S2_3comp_null,0.7,0.15,2,1124,0.006227758007117438,0.7603812117086454
S2_3comp_null,0.7,0.2,2,1181,0.01100762066045724,0.7950987066031314
S2_3comp_null,0.7,0.05,3,930,0.007526881720430108,0.6287465940054496
S2_3comp_null,0.7,0.1,3,1086,0.014732965009208104,0.728882833787466
S2_3comp_null,0.7,0.15,3,1150,0.018260869565217393,0.7690735694822888
S2_3comp_null,0.7,0.2,3,1203,0.0199501246882793,0.803133514986376
S2_3comp_null,0.7,0.05,4,1016,0.004921259842519685,0.6753507014028056
S2_3comp_null,0.7,0.1,4,1133,0.01059135039717564,0.7488309953239813
S2_3comp_null,0.7,0.15,4,1204,0.013289036544850499,0.7935871743486974
S2_3comp_null,0.7,0.2,4,1239,0.016142050040355124,0.8142952571810287
S2_3comp_null,0.7,0.05,5,964,0.002074688796680498,0.640479360852197
S2_3comp_null,0.7,0.1,5,1098,0.01092896174863388,0.7230359520639148
S2_3comp_null,0.7,0.15,5,1172,0.014505119453924915,0.7689747003994674
S2_3comp_null,0.7,0.2,5,1218,0.019704433497536946,0.7949400798934754
S2_3comp_null,0.7,0.05,6,980,0.007142857142857143,0.6538978494623656
S2_3comp_null,0.7,0.1,6,1094,0.011882998171846435,0.7264784946236559
S2_3comp_null,0.7,0.15,6,1154,0.014731369150779897,0.7641129032258065
S2_3comp_null,0.7,0.2,6,1206,0.020729684908789386,0.7936827956989247
S2_3comp_null,0.7,0.05,7,910,0.00989010989010989,0.6213793103448276
S2_3comp_null,0.7,0.1,7,1051,0.014272121788772598,0.7144827586206897
S2_3comp_null,0.7,0.15,7,1122,0.01693404634581105,0.7606896551724138
S2_3comp_null,0.7,0.2,7,1174,0.019591141396933562,0.7937931034482759
S2_3comp_null,0.7,0.05,8,947,0.009503695881731784,0.6216037110669318
S2_3comp_null,0.7,0.1,8,1109,0.015329125338142471,0.7236580516898609
S2_3comp_null,0.7,0.15,8,1172,0.015358361774744027,0.7647448641484427
S2_3comp_null,0.7,0.2,8,1219,0.020508613617719443,0.7912524850894632
S2_3comp_null,0.7,0.05,9,984,0.006097560975609756,0.6417322834645669
S2_3comp_null,0.7,0.1,9,1114,0.012567324955116697,0.7217847769028871
S2_3comp_null,0.7,0.15,9,1195,0.014225941422594143,0.7729658792650919
S2_3comp_null,0.7,0.2,9,1242,0.01610305958132045,0.8018372703412073
S2_3comp_null,0.7,0.05,10,990,0.006060606060606061,0.6533864541832669
S2_3comp_null,0.7,0.1,10,1122,0.0071301247771836,0.7397078353253652
S2_3comp_null,0.7,0.15,10,1190,0.009243697478991597,0.7828685258964143
S2_3comp_null,0.7,0.2,10,1237,0.01131770412287793,0.8120849933598937
S2_3comp_null,0.7,0.05,11,1000,0.006,0.668010752688172
S2_3comp_null,0.7,0.1,11,1113,0.011680143755615454,0.739247311827957
S2_3comp_null,0.7,0.15,11,1180,0.015254237288135594,0.7809139784946236
S2_3comp_null,0.7,0.2,11,1224,0.01715686274509804,0.8084677419354839
S2_3comp_null,0.7,0.05,12,995,0.007035175879396985,0.6702849389416553
S2_3comp_null,0.7,0.1,12,1117,0.008057296329453895,0.751696065128901
S2_3comp_null,0.7,0.15,12,1174,0.008517887563884156,0.7896879240162822
S2_3comp_null,0.7,0.2,12,1214,0.012355848434925865,0.8134328358208955
S2_3comp_null,0.7,0.05,13,941,0.008501594048884165,0.6098039215686275
S2_3comp_null,0.7,0.1,13,1088,0.011029411764705883,0.7032679738562092
S2_3comp_null,0.7,0.15,13,1159,0.012942191544434857,0.7477124183006536
S2_3comp_null,0.7,0.2,13,1218,0.018883415435139574,0.7810457516339869
S2_3comp_null,0.7,0.05,14,997,0.004012036108324975,0.6528599605522682
S2_3comp_null,0.7,0.1,14,1116,0.00985663082437276,0.7264957264957265
S2_3comp_null,0.7,0.15,14,1195,0.013389121338912133,0.7751479289940828
S2_3comp_null,0.7,0.2,14,1244,0.018488745980707395,0.8027613412228797
S2_3comp_null,0.7,0.05,15,992,0.004032258064516129,0.6608695652173913
S2_3comp_null,0.7,0.1,15,1123,0.006233303650934996,0.7464882943143812
S2_3comp_null,0.7,0.15,15,1198,0.009181969949916527,0.7939799331103679
S2_3comp_null,0.7,0.2,15,1249,0.01120896717373899,0.8260869565217391
S2_3comp_null,0.7,0.05,16,990,0.005050505050505051,0.6476002629848784
S2_3comp_null,0.7,0.1,16,1121,0.009812667261373774,0.7297830374753451
S2_3comp_null,0.7,0.15,16,1206,0.014096185737976783,0.7817225509533202
S2_3comp_null,0.7,0.2,16,1255,0.014342629482071713,0.8132807363576594
S2_3comp_null,0.7,0.05,17,922,0.0032537960954446853,0.6176075268817204
S2_3comp_null,0.7,0.1,17,1060,0.009433962264150943,0.7056451612903226
S2_3comp_null,0.7,0.15,17,1125,0.012444444444444444,0.7466397849462365
S2_3comp_null,0.7,0.2,17,1162,0.01549053356282272,0.7688172043010753
S2_3comp_null,0.7,0.05,18,993,0.005035246727089627,0.6707399864222675
S2_3comp_null,0.7,0.1,18,1098,0.009107468123861567,0.7386286490156144
S2_3comp_null,0.7,0.15,18,1165,0.015450643776824034,0.778682959945689
S2_3comp_null,0.7,0.2,18,1213,0.015663643858202802,0.8105906313645621
S2_3comp_null,0.7,0.05,19,935,0.0053475935828877,0.6258411843876177
S2_3comp_null,0.7,0.1,19,1088,0.006433823529411764,0.7274562584118439
S2_3comp_null,0.7,0.15,19,1153,0.009540329575021683,0.7685060565275909
S2_3comp_null,0.7,0.2,19,1187,0.010951979780960405,0.7900403768506057
S2_3comp_null,0.7,0.05,20,989,0.005055611729019211,0.6626262626262627
S2_3comp_null,0.7,0.1,20,1100,0.00909090909090909,0.734006734006734
S2_3comp_null,0.7,0.15,20,1152,0.014756944444444444,0.7643097643097643
S2_3comp_null,0.7,0.2,20,1192,0.015939597315436243,0.7898989898989899
S2_3comp_null,0.7,0.05,21,1002,0.0029940119760479044,0.6646706586826348
S2_3comp_null,0.7,0.1,21,1106,0.003616636528028933,0.7332002661343978
S2_3comp_null,0.7,0.15,21,1171,0.008539709649871904,0.7724550898203593
S2_3comp_null,0.7,0.2,21,1215,0.010699588477366255,0.7997338656021291
S2_3comp_null,0.7,0.05,22,988,0.00708502024291498,0.6424361493123772
S2_3comp_null,0.7,0.1,22,1104,0.01177536231884058,0.7144728225278324
S2_3comp_null,0.7,0.15,22,1170,0.011965811965811967,0.7570399476096922
S2_3comp_null,0.7,0.2,22,1238,0.015347334410339256,0.7982973149967256
S2_3comp_null,0.7,0.05,23,946,0.005285412262156448,0.6231788079470199
S2_3comp_null,0.7,0.1,23,1081,0.012025901942645698,0.7072847682119205
S2_3comp_null,0.7,0.15,23,1167,0.013710368466152529,0.7622516556291391
S2_3comp_null,0.7,0.2,23,1213,0.016488046166529265,0.7900662251655629
S2_3comp_null,0.7,0.05,24,943,0.003181336161187699,0.6321452589105582
S2_3comp_null,0.7,0.1,24,1088,0.013786764705882353,0.7215870880968392
S2_3comp_null,0.7,0.15,24,1154,0.016464471403812825,0.7632817753866846
S2_3comp_null,0.7,0.2,24,1199,0.020016680567139282,0.7901815736381977
S2_3comp_null,0.7,0.05,25,957,0.0073145245559038665,0.6375838926174496
S2_3comp_null,0.7,0.1,25,1087,0.011959521619135235,0.7208053691275168
S2_3comp_null,0.7,0.15,25,1148,0.0156794425087108,0.7583892617449665
S2_3comp_null,0.7,0.2,25,1198,0.015025041736227046,0.7919463087248322
S2_3comp_null,0.7,0.05,26,944,0.0031779661016949155,0.6401360544217687
S2_3comp_null,0.7,0.1,26,1079,0.006487488415199258,0.7292517006802721
S2_3comp_null,0.7,0.15,26,1140,0.010526315789473684,0.7673469387755102
S2_3comp_null,0.7,0.2,26,1187,0.013479359730412805,0.7965986394557824
S2_3comp_null,0.7,0.05,27,950,0.00631578947368421,0.6519337016574586
S2_3comp_null,0.7,0.1,27,1083,0.0110803324099723,0.7396408839779005
S2_3comp_null,0.7,0.15,27,1137,0.011433597185576077,0.7762430939226519
S2_3comp_null,0.7,0.2,27,1179,0.016963528413910092,0.800414364640884
S2_3comp_null,0.7,0.05,28,952,0.007352941176470588,0.6355077336919973
S2_3comp_null,0.7,0.1,28,1065,0.011267605633802818,0.7081371889710827
S2_3comp_null,0.7,0.15,28,1144,0.01486013986013986,0.7579018157363819
S2_3comp_null,0.7,0.2,28,1201,0.019150707743547043,0.7921990585070612
S2_3comp_null,0.7,0.05,29,994,0.0030181086519114686,0.6571618037135278
S2_3comp_null,0.7,0.1,29,1111,0.011701170117011701,0.7281167108753316
S2_3comp_null,0.7,0.15,29,1180,0.013559322033898305,0.7718832891246684
S2_3comp_null,0.7,0.2,29,1237,0.016976556184316895,0.8063660477453581
S2_3comp_null,0.7,0.05,30,930,0.0032258064516129032,0.6255060728744939
S2_3comp_null,0.7,0.1,30,1072,0.007462686567164179,0.717948717948718
S2_3comp_null,0.7,0.15,30,1152,0.011284722222222222,0.7685560053981106
S2_3comp_null,0.7,0.2,30,1184,0.013513513513513514,0.7881241565452092
S2_3comp_null,0.7,0.05,31,1002,0.00499001996007984,0.667782987273945
S2_3comp_null,0.7,0.1,31,1124,0.012455516014234875,0.7434695244474213
S2_3comp_null,0.7,0.15,31,1179,0.017811704834605598,0.7756195579370395
S2_3comp_null,0.7,0.2,31,1215,0.02139917695473251,0.796383121232418
S2_3comp_null,0.7,0.05,32,993,0.007049345417925478,0.6419270833333334
S2_3comp_null,0.7,0.1,32,1099,0.011828935395814377,0.70703125
S2_3comp_null,0.7,0.15,32,1187,0.015164279696714406,0.7610677083333334
S2_3comp_null,0.7,0.2,32,1242,0.017713365539452495,0.7942708333333334
S2_3comp_null,0.7,0.05,33,911,0.005488474204171241,0.611748818365969
S2_3comp_null,0.7,0.1,33,1065,0.007511737089201878,0.7137069547602971
S2_3comp_null,0.7,0.15,33,1142,0.010507880910683012,0.7629979743416611
S2_3comp_null,0.7,0.2,33,1185,0.01350210970464135,0.7893315327481432
S2_3comp_null,0.7,0.05,34,979,0.006128702757916241,0.6504010695187166
S2_3comp_null,0.7,0.1,34,1097,0.015496809480401094,0.7219251336898396
S2_3comp_null,0.7,0.15,34,1157,0.016421780466724288,0.7606951871657754
S2_3comp_null,0.7,0.2,34,1211,0.017341040462427744,0.7954545454545454
S2_3comp_null,0.7,0.05,35,1008,0.006944444444444444,0.6563934426229509
S2_3comp_null,0.7,0.1,35,1120,0.008928571428571428,0.7278688524590164
S2_3comp_null,0.7,0.15,35,1202,0.014143094841930116,0.7770491803278688
S2_3comp_null,0.7,0.2,35,1247,0.016840417000801924,0.8039344262295082
S2_3comp_null,0.7,0.05,36,1016,0.007874015748031496,0.6792452830188679
S2_3comp_null,0.7,0.1,36,1124,0.012455516014234875,0.7479784366576819
S2_3comp_null,0.7,0.15,36,1191,0.015113350125944584,0.7904312668463612
S2_3comp_null,0.7,0.2,36,1224,0.016339869281045753,0.8113207547169812
S2_3comp_null,0.7,0.05,37,925,0.004324324324324324,0.6202020202020202
S2_3comp_null,0.7,0.1,37,1059,0.010387157695939566,0.7057239057239058
S2_3comp_null,0.7,0.15,37,1126,0.012433392539964476,0.7488215488215488
S2_3comp_null,0.7,0.2,37,1177,0.015293118096856415,0.7804713804713804
S2_3comp_null,0.7,0.05,38,1042,0.0028790786948176585,0.6677377892030848
S2_3comp_null,0.7,0.1,38,1159,0.007765314926660914,0.7390745501285347
S2_3comp_null,0.7,0.15,38,1229,0.012205044751830757,0.7802056555269923
S2_3comp_null,0.7,0.2,38,1275,0.01647058823529412,0.8059125964010283
S2_3comp_null,0.7,0.05,39,987,0.004052684903748734,0.6606182795698925
S2_3comp_null,0.7,0.1,39,1095,0.0073059360730593605,0.730510752688172
S2_3comp_null,0.7,0.15,39,1159,0.013805004314063849,0.7681451612903226
S2_3comp_null,0.7,0.2,39,1199,0.016680567139282735,0.7923387096774194
S2_3comp_null,0.7,0.05,40,909,0.0088008800880088,0.5955056179775281
S2_3comp_null,0.7,0.1,40,1043,0.013422818791946308,0.6801057501652347
S2_3comp_null,0.7,0.15,40,1126,0.014209591474245116,0.7336417713152676
S2_3comp_null,0.7,0.2,40,1181,0.015241320914479255,0.7686715135492399
S2_3comp_null,0.7,0.05,41,975,0.008205128205128205,0.6511784511784512
S2_3comp_null,0.7,0.1,41,1095,0.011872146118721462,0.7286195286195286
S2_3comp_null,0.7,0.15,41,1154,0.012998266897746967,0.767003367003367
S2_3comp_null,0.7,0.2,41,1199,0.01751459549624687,0.7932659932659932
S2_3comp_null,0.7,0.05,42,976,0.009221311475409836,0.6420982735723771
S2_3comp_null,0.7,0.1,42,1111,0.009900990099009901,0.7304116865869854
S2_3comp_null,0.7,0.15,42,1183,0.01098901098901099,0.7768924302788844
S2_3comp_null,0.7,0.2,42,1224,0.014705882352941176,0.8007968127490039
S2_3comp_null,0.7,0.05,43,982,0.009164969450101833,0.6565452091767882
S2_3comp_null,0.7,0.1,43,1084,0.013837638376383764,0.7213225371120108
S2_3comp_null,0.7,0.15,43,1162,0.0189328743545611,0.7692307692307693
S2_3comp_null,0.7,0.2,43,1212,0.02392739273927393,0.7982456140350878
S2_3comp_null,0.7,0.05,44,962,0.011434511434511435,0.6298013245033113
S2_3comp_null,0.7,0.1,44,1071,0.014939309056956116,0.6986754966887417
S2_3comp_null,0.7,0.15,44,1158,0.017271157167530225,0.7536423841059603
S2_3comp_null,0.7,0.2,44,1212,0.020627062706270627,0.786092715231788
S2_3comp_null,0.7,0.05,45,974,0.003080082135523614,0.6321614583333334
S2_3comp_null,0.7,0.1,45,1113,0.008984725965858042,0.7180989583333334
S2_3comp_null,0.7,0.15,45,1188,0.011784511784511785,0.7643229166666666
S2_3comp_null,0.7,0.2,45,1228,0.016286644951140065,0.7864583333333334
S2_3comp_null,0.7,0.05,46,934,0.01284796573875803,0.6332417582417582
S2_3comp_null,0.7,0.1,46,1061,0.015080113100848256,0.7177197802197802
S2_3comp_null,0.7,0.15,46,1125,0.018666666666666668,0.7582417582417582
S2_3comp_null,0.7,0.2,46,1171,0.02134927412467976,0.7870879120879121
S2_3comp_null,0.7,0.05,47,948,0.005274261603375527,0.6199868507560815
S2_3comp_null,0.7,0.1,47,1076,0.00929368029739777,0.7008547008547008
S2_3comp_null,0.7,0.15,47,1163,0.012897678417884782,0.7547666009204471
S2_3comp_null,0.7,0.2,47,1217,0.018077239112571898,0.7856673241288626
S2_3comp_null,0.7,0.05,48,1017,0.004916420845624385,0.6764705882352942
S2_3comp_null,0.7,0.1,48,1129,0.0070859167404783,0.7493315508021391
S2_3comp_null,0.7,0.15,48,1175,0.010212765957446808,0.7774064171122995
S2_3comp_null,0.7,0.2,48,1220,0.013934426229508197,0.804144385026738
S2_3comp_null,0.7,0.05,49,927,0.006472491909385114,0.6290983606557377
S2_3comp_null,0.7,0.1,49,1067,0.013120899718837863,0.7192622950819673
S2_3comp_null,0.7,0.15,49,1138,0.01845342706502636,0.7629781420765027
S2_3comp_null,0.7,0.2,49,1179,0.020356234096692113,0.7889344262295082
S2_3comp_null,0.7,0.05,50,940,0.00851063829787234,0.624246483590087
S2_3comp_null,0.7,0.1,50,1064,0.009398496240601503,0.7059611520428667
S2_3comp_null,0.7,0.15,50,1128,0.015070921985815602,0.7441393168117884
S2_3comp_null,0.7,0.2,50,1190,0.020168067226890758,0.7809778968519759
S2_3comp_null,0.7,0.05,51,1010,0.0039603960396039604,0.6523994811932555
S2_3comp_null,0.7,0.1,51,1148,0.010452961672473868,0.7367055771725033
S2_3comp_null,0.7,0.15,51,1214,0.014827018121911038,0.7756160830090791
S2_3comp_null,0.7,0.2,51,1268,0.016561514195583597,0.8086900129701686
S2_3comp_null,0.7,0.05,52,947,0.006335797254487857,0.6294314381270903
S2_3comp_null,0.7,0.1,52,1061,0.00942507068803016,0.703010033444816
S2_3comp_null,0.7,0.15,52,1140,0.014035087719298246,0.7518394648829432
S2_3comp_null,0.7,0.2,52,1192,0.018456375838926176,0.782608695652174
S2_3comp_null,0.7,0.05,53,936,0.00641025641025641,0.6179401993355482
S2_3comp_null,0.7,0.1,53,1073,0.011183597390493943,0.704983388704319
S2_3comp_null,0.7,0.15,53,1157,0.013828867761452032,0.7581395348837209
S2_3comp_null,0.7,0.2,53,1219,0.019688269073010665,0.7940199335548173
S2_3comp_null,0.7,0.05,54,893,0.005599104143337066,0.6012186865267434
S2_3comp_null,0.7,0.1,54,1040,0.010576923076923078,0.6966824644549763
S2_3comp_null,0.7,0.15,54,1119,0.01161751563896336,0.7488151658767772
S2_3comp_null,0.7,0.2,54,1176,0.013605442176870748,0.7853757616790792
S2_3comp_null,0.7,0.05,55,897,0.004459308807134894,0.612482853223594
S2_3comp_null,0.7,0.1,55,1034,0.008704061895551257,0.7030178326474623
S2_3comp_null,0.7,0.15,55,1108,0.016245487364620937,0.747599451303155
S2_3comp_null,0.7,0.2,55,1161,0.020671834625323,0.779835390946502
S2_3comp_null,0.7,0.05,56,949,0.004214963119072708,0.6237623762376238
S2_3comp_null,0.7,0.1,56,1090,0.011009174311926606,0.7115511551155116
S2_3comp_null,0.7,0.15,56,1170,0.017094017094017096,0.759075907590759
S2_3comp_null,0.7,0.2,56,1215,0.022222222222222223,0.7841584158415842
S2_3comp_null,0.7,0.05,57,913,0.0065717415115005475,0.6203830369357045
S2_3comp_null,0.7,0.1,57,1052,0.008555133079847909,0.713406292749658
S2_3comp_null,0.7,0.15,57,1119,0.012511170688114389,0.7558139534883721
S2_3comp_null,0.7,0.2,57,1168,0.0136986301369863,0.7879616963064295
S2_3comp_null,0.7,0.05,58,901,0.004439511653718091,0.5964095744680851
S2_3comp_null,0.7,0.1,58,1067,0.011246485473289597,0.7014627659574468
S2_3comp_null,0.7,0.15,58,1135,0.013215859030837005,0.7446808510638298
S2_3comp_null,0.7,0.2,58,1195,0.017573221757322177,0.7805851063829787
S2_3comp_null,0.7,0.05,59,959,0.0020855057351407717,0.6375749500333111
S2_3comp_null,0.7,0.1,59,1081,0.0064754856614246065,0.715522984676882
S2_3comp_null,0.7,0.15,59,1149,0.010443864229765013,0.7574950033311126
S2_3comp_null,0.7,0.2,59,1189,0.01345668629100084,0.7814790139906729
S2_3comp_null,0.7,0.05,60,970,0.010309278350515464,0.6241872561768531
S2_3comp_null,0.7,0.1,60,1126,0.015985790408525755,0.7204161248374512
S2_3comp_null,0.7,0.15,60,1197,0.017543859649122806,0.764629388816645
S2_3comp_null,0.7,0.2,60,1235,0.01700404858299595,0.7893368010403121
S2_3comp_null,0.7,0.05,61,970,0.007216494845360825,0.6441471571906354
S2_3comp_null,0.7,0.1,61,1088,0.01011029411764706,0.7204013377926421
S2_3comp_null,0.7,0.15,61,1147,0.012205754141238012,0.7578595317725753
S2_3comp_null,0.7,0.2,61,1206,0.014096185737976783,0.7953177257525084
S2_3comp_null,0.7,0.05,62,903,0.008859357696566999,0.6076035302104549
S2_3comp_null,0.7,0.1,62,1047,0.013371537726838587,0.7012898845892735
S2_3comp_null,0.7,0.15,62,1129,0.01948627103631532,0.7515274949083504
S2_3comp_null,0.7,0.2,62,1191,0.02434928631402183,0.7888662593346911
S2_3comp_null,0.7,0.05,63,903,0.0022148394241417496,0.6100203114421124
S2_3comp_null,0.7,0.1,63,1061,0.00942507068803016,0.7115775220040623
S2_3comp_null,0.7,0.15,63,1120,0.015178571428571428,0.7467840216655383
S2_3comp_null,0.7,0.2,63,1174,0.01788756388415673,0.7806364251861883
S2_3comp_null,0.7,0.05,64,955,0.0062827225130890054,0.6301460823373174
S2_3comp_null,0.7,0.1,64,1071,0.008403361344537815,0.7051792828685259
S2_3comp_null,0.7,0.15,64,1146,0.009598603839441536,0.7536520584329349
S2_3comp_null,0.7,0.2,64,1195,0.010878661087866108,0.7848605577689243
S2_3comp_null,0.7,0.05,65,910,0.004395604395604396,0.6180081855388813
S2_3comp_null,0.7,0.1,65,1048,0.013358778625954198,0.7053206002728513
S2_3comp_null,0.7,0.15,65,1119,0.014298480786416443,0.752387448840382
S2_3comp_null,0.7,0.2,65,1160,0.016379310344827588,0.7783083219645294
S2_3comp_null,0.7,0.05,66,963,0.004153686396677051,0.6251629726205997
S2_3comp_null,0.7,0.1,66,1108,0.005415162454873646,0.7183833116036505
S2_3comp_null,0.7,0.15,66,1186,0.008431703204047217,0.7666232073011734
S2_3comp_null,0.7,0.2,66,1231,0.01380991064175467,0.7913950456323338
S2_3comp_null,0.7,0.05,67,980,0.00816326530612245,0.6336375488917861
S2_3comp_null,0.7,0.1,67,1105,0.011764705882352941,0.711864406779661
S2_3comp_null,0.7,0.15,67,1201,0.01498751040799334,0.7711864406779662
S2_3comp_null,0.7,0.2,67,1253,0.018355945730247406,0.8018252933507171
S2_3comp_null,0.7,0.05,68,989,0.005055611729019211,0.6608462055070518
S2_3comp_null,0.7,0.1,68,1101,0.009082652134423252,0.732706514439221
S2_3comp_null,0.7,0.15,68,1158,0.011226252158894647,0.7689724647414372
S2_3comp_null,0.7,0.2,68,1213,0.01978565539983512,0.7985224983210208
S2_3comp_null,0.7,0.05,69,982,0.003054989816700611,0.6531020680453635
S2_3comp_null,0.7,0.1,69,1096,0.005474452554744526,0.7271514342895263
S2_3comp_null,0.7,0.15,69,1168,0.007705479452054794,0.7731821214142762
S2_3comp_null,0.7,0.2,69,1214,0.013179571663920923,0.7991994663108739
S2_3comp_null,0.7,0.05,70,941,0.008501594048884165,0.6316858496953284
S2_3comp_null,0.7,0.1,70,1074,0.012104283054003724,0.7183480027081923
S2_3comp_null,0.7,0.15,70,1130,0.012389380530973451,0.7555856465809072
S2_3comp_null,0.7,0.2,70,1183,0.014370245139475908,0.7894380501015572
S2_3comp_null,0.7,0.05,71,1006,0.006958250497017893,0.6445161290322581
S2_3comp_null,0.7,0.1,71,1146,0.010471204188481676,0.7316129032258064
S2_3comp_null,0.7,0.15,71,1211,0.011560693641618497,0.772258064516129
S2_3comp_null,0.7,0.2,71,1266,0.013428120063191154,0.8058064516129032
S2_3comp_null,0.7,0.05,72,971,0.008238928939237899,0.6318897637795275
S2_3comp_null,0.7,0.1,72,1106,0.009945750452079566,0.718503937007874
S2_3comp_null,0.7,0.15,72,1185,0.014345991561181435,0.7664041994750657
S2_3comp_null,0.7,0.2,72,1238,0.017770597738287562,0.7979002624671916
S2_3comp_null,0.7,0.05,73,999,0.004004004004004004,0.6435963777490298
S2_3comp_null,0.7,0.1,73,1127,0.00709849157054126,0.7238033635187581
S2_3comp_null,0.7,0.15,73,1194,0.010050251256281407,0.7645536869340233
S2_3comp_null,0.7,0.2,73,1248,0.011217948717948718,0.7981888745148771
S2_3comp_null,0.7,0.05,74,1005,0.003980099502487562,0.6795655125594026
S2_3comp_null,0.7,0.1,74,1118,0.007155635062611807,0.7535641547861507
S2_3comp_null,0.7,0.15,74,1172,0.008532423208191127,0.7888662593346911
S2_3comp_null,0.7,0.2,74,1217,0.014790468364831553,0.8139850644942295
S2_3comp_null,0.7,0.05,75,956,0.006276150627615063,0.6388702084734365
S2_3comp_null,0.7,0.1,75,1070,0.009345794392523364,0.7128446536650975
S2_3comp_null,0.7,0.15,75,1148,0.013937282229965157,0.7612642905178211
S2_3comp_null,0.7,0.2,75,1183,0.014370245139475908,0.7841291190316073
S2_3comp_null,0.7,0.05,76,980,0.0010204081632653062,0.6411263916175508
S2_3comp_null,0.7,0.1,76,1109,0.007213706041478809,0.7210216110019646
S2_3comp_null,0.7,0.15,76,1178,0.010186757215619695,0.7635887360838245
S2_3comp_null,0.7,0.2,76,1220,0.014754098360655738,0.7871643745907008
S2_3comp_null,0.7,0.05,77,974,0.002053388090349076,0.6428571428571429
S2_3comp_null,0.7,0.1,77,1085,0.007373271889400922,0.7123015873015873
S2_3comp_null,0.7,0.15,77,1152,0.010416666666666666,0.753968253968254
S2_3comp_null,0.7,0.2,77,1198,0.015025041736227046,0.7804232804232805
S2_3comp_null,0.7,0.05,78,1002,0.005988023952095809,0.6459143968871596
S2_3comp_null,0.7,0.1,78,1155,0.012121212121212121,0.7399481193255513
S2_3comp_null,0.7,0.15,78,1209,0.014061207609594707,0.7730220492866408
S2_3comp_null,0.7,0.2,78,1254,0.01594896331738437,0.8002594033722439
S2_3comp_null,0.7,0.05,79,934,0.004282655246252677,0.6138613861386139
S2_3comp_null,0.7,0.1,79,1046,0.0076481835564053535,0.6851485148514852
S2_3comp_null,0.7,0.15,79,1124,0.010676156583629894,0.733993399339934
S2_3comp_null,0.7,0.2,79,1178,0.015280135823429542,0.7656765676567657
S2_3comp_null,0.7,0.05,80,974,0.00513347022587269,0.6477272727272727
S2_3comp_null,0.7,0.1,80,1100,0.011818181818181818,0.7266042780748663
S2_3comp_null,0.7,0.15,80,1167,0.013710368466152529,0.7693850267379679
S2_3comp_null,0.7,0.2,80,1219,0.016406890894175553,0.8014705882352942
S2_3comp_null,0.7,0.05,81,1060,0.007547169811320755,0.6943894389438944
S2_3comp_null,0.7,0.1,81,1156,0.00865051903114187,0.7564356435643564
S2_3comp_null,0.7,0.15,81,1219,0.011484823625922888,0.7953795379537953
S2_3comp_null,0.7,0.2,81,1265,0.013438735177865613,0.8237623762376237
S2_3comp_null,0.7,0.05,82,894,0.0044742729306487695,0.6184850590687978
S2_3comp_null,0.7,0.1,82,1024,0.009765625,0.7046560111188325
S2_3comp_null,0.7,0.15,82,1101,0.013623978201634877,0.7546907574704657
S2_3comp_null,0.7,0.2,82,1133,0.0176522506619594,0.7734537873523281
S2_3comp_null,0.7,0.05,83,975,0.0071794871794871795,0.6410596026490066
S2_3comp_null,0.7,0.1,83,1110,0.009009009009009009,0.7284768211920529
S2_3comp_null,0.7,0.15,83,1165,0.013733905579399141,0.7609271523178808
S2_3comp_null,0.7,0.2,83,1214,0.014827018121911038,0.7920529801324503
S2_3comp_null,0.7,0.05,84,933,0.006430868167202572,0.6058823529411764
S2_3comp_null,0.7,0.1,84,1072,0.010261194029850746,0.6934640522875817
S2_3comp_null,0.7,0.15,84,1158,0.012953367875647668,0.7470588235294118
S2_3comp_null,0.7,0.2,84,1203,0.014962593516209476,0.7745098039215687
S2_3comp_null,0.7,0.05,85,965,0.0062176165803108805,0.6372093023255814
S2_3comp_null,0.7,0.1,85,1102,0.011796733212341199,0.7235880398671096
S2_3comp_null,0.7,0.15,85,1170,0.01623931623931624,0.7647840531561462
S2_3comp_null,0.7,0.2,85,1215,0.01728395061728395,0.7933554817275748
S2_3comp_null,0.7,0.05,86,1062,0.0018832391713747645,0.6825499034127496
S2_3comp_null,0.7,0.1,86,1165,0.0068669527896995704,0.7450096587250483
S2_3comp_null,0.7,0.15,86,1223,0.01062959934587081,0.7791371538956857
S2_3comp_null,0.7,0.2,86,1273,0.012568735271013355,0.8094011590470058
S2_3comp_null,0.7,0.05,87,1026,0.004873294346978557,0.6549069916613214
S2_3comp_null,0.7,0.1,87,1144,0.006118881118881119,0.7293136626042335
S2_3comp_null,0.7,0.15,87,1221,0.013104013104013105,0.7729313662604234
S2_3comp_null,0.7,0.2,87,1276,0.014890282131661442,0.8062860808210391
S2_3comp_null,0.7,0.05,88,965,0.0062176165803108805,0.6309210526315789
S2_3comp_null,0.7,0.1,88,1089,0.0073461891643709825,0.7111842105263158
S2_3comp_null,0.7,0.15,88,1162,0.00946643717728055,0.7572368421052632
S2_3comp_null,0.7,0.2,88,1210,0.012396694214876033,0.7861842105263158
S2_3comp_null,0.7,0.05,89,1023,0.008797653958944282,0.6636125654450262
S2_3comp_null,0.7,0.1,89,1130,0.009734513274336283,0.7323298429319371
S2_3comp_null,0.7,0.15,89,1212,0.013201320132013201,0.7827225130890052
S2_3comp_null,0.7,0.2,89,1250,0.0128,0.8075916230366492
S2_3comp_null,0.7,0.05,90,1062,0.007532956685499058,0.6893394375408763
S2_3comp_null,0.7,0.1,90,1175,0.00851063829787234,0.761935905820798
S2_3comp_null,0.7,0.15,90,1235,0.012955465587044534,0.7972531066056245
S2_3comp_null,0.7,0.2,90,1277,0.012529365700861394,0.8247220405493787
S2_3comp_null,0.7,0.05,91,979,0.0040858018386108275,0.6418696510862409
S2_3comp_null,0.7,0.1,91,1113,0.006289308176100629,0.728110599078341
S2_3comp_null,0.7,0.15,91,1171,0.010247651579846286,0.7630019749835418
S2_3comp_null,0.7,0.2,91,1215,0.01316872427983539,0.7893350888742594
S2_3comp_null,0.7,0.05,92,931,0.0053705692803437165,0.6299319727891156
S2_3comp_null,0.7,0.1,92,1051,0.009514747859181731,0.7081632653061225
S2_3comp_null,0.7,0.15,92,1111,0.011701170117011701,0.746938775510204
S2_3comp_null,0.7,0.2,92,1160,0.020689655172413793,0.7727891156462585
S2_3comp_null,0.7,0.05,93,963,0.006230529595015576,0.6470588235294118
S2_3comp_null,0.7,0.1,93,1077,0.011142061281337047,0.7200811359026369
S2_3comp_null,0.7,0.15,93,1138,0.014059753954305799,0.7586206896551724
S2_3comp_null,0.7,0.2,93,1198,0.01669449081803005,0.7964841108857336
S2_3comp_null,0.7,0.05,94,930,0.005376344086021506,0.6344307270233196
S2_3comp_null,0.7,0.1,94,1067,0.00937207122774133,0.7249657064471879
S2_3comp_null,0.7,0.15,94,1122,0.012477718360071301,0.7599451303155007
S2_3comp_null,0.7,0.2,94,1171,0.015371477369769428,0.7908093278463649
S2_3comp_null,0.7,0.05,95,895,0.0067039106145251395,0.6097393689986282
S2_3comp_null,0.7,0.1,95,1037,0.01639344262295082,0.6995884773662552
S2_3comp_null,0.7,0.15,95,1125,0.022222222222222223,0.7544581618655692
S2_3comp_null,0.7,0.2,95,1171,0.024765157984628524,0.7832647462277091
S2_3comp_null,0.7,0.05,96,944,0.00211864406779661,0.6259136212624584
S2_3comp_null,0.7,0.1,96,1080,0.008333333333333333,0.7116279069767442
S2_3comp_null,0.7,0.15,96,1155,0.011255411255411256,0.7588039867109635
S2_3comp_null,0.7,0.2,96,1203,0.014131338320864505,0.7880398671096346
S2_3comp_null,0.7,0.05,97,926,0.0032397408207343412,0.6334934797529169
S2_3comp_null,0.7,0.1,97,1045,0.004784688995215311,0.7137954701441318
S2_3comp_null,0.7,0.15,97,1099,0.00818926296633303,0.7481125600549073
S2_3comp_null,0.7,0.2,97,1155,0.01471861471861472,0.7810569663692519
S2_3comp_null,0.7,0.05,98,947,0.005279831045406547,0.6373477672530447
S2_3comp_null,0.7,0.1,98,1079,0.010194624652455977,0.7225981055480379
S2_3comp_null,0.7,0.15,98,1137,0.013192612137203167,0.7591339648173207
S2_3comp_null,0.7,0.2,98,1182,0.016074450084602367,0.786874154262517
S2_3comp_null,0.7,0.05,99,968,0.008264462809917356,0.64
S2_3comp_null,0.7,0.1,99,1099,0.009099181073703366,0.726
S2_3comp_null,0.7,0.15,99,1167,0.013710368466152529,0.7673333333333333
S2_3comp_null,0.7,0.2,99,1213,0.016488046166529265,0.7953333333333333
S2_3comp_null,0.9,0.05,0,238,0.008403361344537815,0.48459958932238195
S2_3comp_null,0.9,0.1,0,296,0.016891891891891893,0.5975359342915811
S2_3comp_null,0.9,0.15,0,319,0.0219435736677116,0.6406570841889117
S2_3comp_null,0.9,0.2,0,338,0.026627218934911243,0.675564681724846
S2_3comp_null,0.9,0.05,1,210,0.009523809523809525,0.4126984126984127
S2_3comp_null,0.9,0.1,1,276,0.010869565217391304,0.5416666666666666
S2_3comp_null,0.9,0.15,1,313,0.019169329073482427,0.6091269841269841
S2_3comp_null,0.9,0.2,1,338,0.026627218934911243,0.6527777777777778
S2_3comp_null,0.9,0.05,2,243,0.00411522633744856,0.4763779527559055
S2_3comp_null,0.9,0.1,2,304,0.006578947368421052,0.594488188976378
S2_3comp_null,0.9,0.15,2,331,0.00906344410876133,0.6456692913385826
S2_3comp_null,0.9,0.2,2,362,0.013812154696132596,0.702755905511811
S2_3comp_null,0.9,0.05,3,261,0.01532567049808429,0.5320910973084886
S2_3comp_null,0.9,0.1,3,308,0.016233766233766232,0.6273291925465838
S2_3comp_null,0.9,0.15,3,328,0.01524390243902439,0.6687370600414079
S2_3comp_null,0.9,0.2,3,343,0.026239067055393587,0.6915113871635611
S2_3comp_null,0.9,0.05,4,254,0.011811023622047244,0.5251046025104602
S2_3comp_null,0.9,0.1,4,297,0.013468013468013467,0.6129707112970711
S2_3comp_null,0.9,0.15,4,333,0.03303303303303303,0.6736401673640168
S2_3comp_null,0.9,0.2,4,354,0.03389830508474576,0.7154811715481172
S2_3comp_null,0.9,0.05,5,247,0.012145748987854251,0.4850894632206759
S2_3comp_null,0.9,0.1,5,289,0.01384083044982699,0.5666003976143141
S2_3comp_null,0.9,0.15,5,309,0.012944983818770227,0.6063618290258449
S2_3comp_null,0.9,0.2,5,325,0.021538461538461538,0.6322067594433399
S2_3comp_null,0.9,0.05,6,261,0.007662835249042145,0.5285714285714286
S2_3comp_null,0.9,0.1,6,301,0.023255813953488372,0.6
S2_3comp_null,0.9,0.15,6,327,0.03363914373088685,0.6448979591836734
S2_3comp_null,0.9,0.2,6,338,0.038461538461538464,0.6632653061224489
S2_3comp_null,0.9,0.05,7,234,0.01282051282051282,0.4852941176470588
S2_3comp_null,0.9,0.1,7,270,0.022222222222222223,0.5546218487394958
S2_3comp_null,0.9,0.15,7,296,0.030405405405405407,0.6029411764705882
S2_3comp_null,0.9,0.2,7,321,0.03115264797507788,0.6533613445378151
S2_3comp_null,0.9,0.05,8,271,0.007380073800738007,0.5223300970873787
S2_3comp_null,0.9,0.1,8,313,0.01597444089456869,0.5980582524271845
S2_3comp_null,0.9,0.15,8,342,0.02631578947368421,0.6466019417475728
S2_3comp_null,0.9,0.2,8,369,0.03523035230352303,0.6912621359223301
S2_3comp_null,0.9,0.05,9,237,0.016877637130801686,0.4824016563146998
S2_3comp_null,0.9,0.1,9,292,0.023972602739726026,0.5900621118012422
S2_3comp_null,0.9,0.15,9,323,0.02476780185758514,0.6521739130434783
S2_3comp_null,0.9,0.2,9,347,0.040345821325648415,0.6894409937888198
S2_3comp_null,0.9,0.05,10,285,0.007017543859649123,0.5549019607843138
S2_3comp_null,0.9,0.1,10,341,0.011730205278592375,0.6607843137254902
S2_3comp_null,0.9,0.15,10,362,0.019337016574585635,0.696078431372549
S2_3comp_null,0.9,0.2,10,376,0.026595744680851064,0.7176470588235294
S2_3comp_null,0.9,0.05,11,267,0.003745318352059925,0.51953125
S2_3comp_null,0.9,0.1,11,307,0.016286644951140065,0.58984375
S2_3comp_null,0.9,0.15,11,335,0.020895522388059702,0.640625
S2_3comp_null,0.9,0.2,11,350,0.025714285714285714,0.666015625
S2_3comp_null,0.9,0.05,12,245,0.00816326530612245,0.5159235668789809
S2_3comp_null,0.9,0.1,12,293,0.013651877133105802,0.613588110403397
S2_3comp_null,0.9,0.15,12,333,0.03003003003003003,0.6857749469214437
S2_3comp_null,0.9,0.2,12,350,0.03428571428571429,0.7176220806794055
S2_3comp_null,0.9,0.05,13,236,0.01694915254237288,0.4566929133858268
S2_3comp_null,0.9,0.1,13,291,0.01718213058419244,0.562992125984252
S2_3comp_null,0.9,0.15,13,325,0.021538461538461538,0.6259842519685039
S2_3comp_null,0.9,0.2,13,350,0.03142857142857143,0.6673228346456693
S2_3comp_null,0.9,0.05,14,285,0.0035087719298245615,0.5328330206378987
S2_3comp_null,0.9,0.1,14,332,0.012048192771084338,0.6153846153846154
S2_3comp_null,0.9,0.15,14,361,0.01662049861495845,0.6660412757973734
S2_3comp_null,0.9,0.2,14,378,0.021164021164021163,0.6941838649155723
S2_3comp_null,0.9,0.05,15,255,0.0,0.5257731958762887
S2_3comp_null,0.9,0.1,15,305,0.013114754098360656,0.6206185567010309
S2_3comp_null,0.9,0.15,15,334,0.014970059880239521,0.6783505154639176
S2_3comp_null,0.9,0.2,15,352,0.022727272727272728,0.709278350515464
S2_3comp_null,0.9,0.05,16,258,0.007751937984496124,0.49902534113060426
S2_3comp_null,0.9,0.1,16,310,0.016129032258064516,0.594541910331384
S2_3comp_null,0.9,0.15,16,337,0.020771513353115726,0.6432748538011696
S2_3comp_null,0.9,0.2,16,362,0.024861878453038673,0.6881091617933723
S2_3comp_null,0.9,0.05,17,220,0.00909090909090909,0.4560669456066946
S2_3comp_null,0.9,0.1,17,275,0.01090909090909091,0.5690376569037657
S2_3comp_null,0.9,0.15,17,300,0.016666666666666666,0.6171548117154811
S2_3comp_null,0.9,0.2,17,321,0.018691588785046728,0.6589958158995816
S2_3comp_null,0.9,0.05,18,236,0.00847457627118644,0.5075921908893709
S2_3comp_null,0.9,0.1,18,289,0.010380622837370242,0.6203904555314533
S2_3comp_null,0.9,0.15,18,313,0.019169329073482427,0.665943600867679
S2_3comp_null,0.9,0.2,18,330,0.01818181818181818,0.702819956616052
S2_3comp_null,0.9,0.05,19,225,0.008888888888888889,0.451417004048583
S2_3comp_null,0.9,0.1,19,278,0.017985611510791366,0.5526315789473685
S2_3comp_null,0.9,0.15,19,309,0.032362459546925564,0.6052631578947368
S2_3comp_null,0.9,0.2,19,338,0.03550295857988166,0.659919028340081
S2_3comp_null,0.9,0.05,20,242,0.02066115702479339,0.4817073170731707
S2_3comp_null,0.9,0.1,20,288,0.017361111111111112,0.5752032520325203
S2_3comp_null,0.9,0.15,20,324,0.021604938271604937,0.6443089430894309
S2_3comp_null,0.9,0.2,20,346,0.031791907514450865,0.6808943089430894
S2_3comp_null,0.9,0.05,21,280,0.010714285714285714,0.5431372549019607
S2_3comp_null,0.9,0.1,21,315,0.009523809523809525,0.611764705882353
S2_3comp_null,0.9,0.15,21,331,0.00906344410876133,0.6431372549019608
S2_3comp_null,0.9,0.2,21,346,0.014450867052023121,0.6686274509803921
S2_3comp_null,0.9,0.05,22,296,0.010135135135135136,0.5435992578849722
S2_3comp_null,0.9,0.1,22,345,0.014492753623188406,0.6307977736549165
S2_3comp_null,0.9,0.15,22,373,0.02680965147453083,0.673469387755102
S2_3comp_null,0.9,0.2,22,394,0.03553299492385787,0.7050092764378478
S2_3comp_null,0.9,0.05,23,261,0.007662835249042145,0.5149105367793241
S2_3comp_null,0.9,0.1,23,312,0.019230769230769232,0.6083499005964215
S2_3comp_null,0.9,0.15,23,338,0.026627218934911243,0.6540755467196819
S2_3comp_null,0.9,0.2,23,352,0.03409090909090909,0.6759443339960238
S2_3comp_null,0.9,0.05,24,251,0.0,0.4990059642147117
S2_3comp_null,0.9,0.1,24,297,0.006734006734006734,0.5864811133200796
S2_3comp_null,0.9,0.15,24,330,0.012121212121212121,0.6481113320079522
S2_3comp_null,0.9,0.2,24,356,0.02247191011235955,0.6918489065606361
S2_3comp_null,0.9,0.05,25,252,0.023809523809523808,0.5010183299389002
S2_3comp_null,0.9,0.1,25,299,0.030100334448160536,0.5906313645621182
S2_3comp_null,0.9,0.15,25,331,0.03625377643504532,0.6496945010183299
S2_3comp_null,0.9,0.2,25,354,0.05367231638418079,0.6822810590631364
S2_3comp_null,0.9,0.05,26,226,0.008849557522123894,0.45714285714285713
S2_3comp_null,0.9,0.1,26,277,0.010830324909747292,0.5591836734693878
S2_3comp_null,0.9,0.15,26,301,0.016611295681063124,0.6040816326530613
S2_3comp_null,0.9,0.2,26,318,0.02830188679245283,0.6306122448979592
S2_3comp_null,0.9,0.05,27,201,0.009950248756218905,0.44222222222222224
S2_3comp_null,0.9,0.1,27,253,0.019762845849802372,0.5511111111111111
S2_3comp_null,0.9,0.15,27,276,0.025362318840579712,0.5977777777777777
S2_3comp_null,0.9,0.2,27,302,0.026490066225165563,0.6533333333333333
S2_3comp_null,0.9,0.05,28,250,0.008,0.47692307692307695
S2_3comp_null,0.9,0.1,28,309,0.019417475728155338,0.5826923076923077
S2_3comp_null,0.9,0.15,28,340,0.029411764705882353,0.6346153846153846
S2_3comp_null,0.9,0.2,28,359,0.03064066852367688,0.6692307692307692
S2_3comp_null,0.9,0.05,29,249,0.008032128514056224,0.4768339768339768
S2_3comp_null,0.9,0.1,29,308,0.012987012987012988,0.5868725868725869
S2_3comp_null,0.9,0.15,29,337,0.01483679525222552,0.640926640926641
S2_3comp_null,0.9,0.2,29,359,0.027855153203342618,0.6737451737451737
S2_3comp_null,0.9,0.05,30,276,0.0036231884057971015,0.537109375
S2_3comp_null,0.9,0.1,30,315,0.006349206349206349,0.611328125
S2_3comp_null,0.9,0.15,30,343,0.011661807580174927,0.662109375
S2_3comp_null,0.9,0.2,30,368,0.021739130434782608,0.703125
S2_3comp_null,0.9,0.05,31,249,0.004016064257028112,0.4891518737672584
S2_3comp_null,0.9,0.1,31,306,0.013071895424836602,0.5956607495069034
S2_3comp_null,0.9,0.15,31,334,0.017964071856287425,0.6469428007889546
S2_3comp_null,0.9,0.2,31,349,0.03151862464183381,0.6666666666666666
S2_3comp_null,0.9,0.05,32,247,0.012145748987854251,0.4850894632206759
S2_3comp_null,0.9,0.1,32,296,0.02702702702702703,0.5725646123260437
S2_3comp_null,0.9,0.15,32,327,0.03058103975535168,0.6302186878727635
S2_3comp_null,0.9,0.2,32,355,0.04507042253521127,0.6739562624254473
S2_3comp_null,0.9,0.05,33,274,0.0072992700729927005,0.5009208103130756
S2_3comp_null,0.9,0.1,33,339,0.008849557522123894,0.6187845303867403
S2_3comp_null,0.9,0.15,33,369,0.01084010840108401,0.6721915285451197
S2_3comp_null,0.9,0.2,33,392,0.017857142857142856,0.7090239410681399
S2_3comp_null,0.9,0.05,34,250,0.004,0.49700598802395207
S2_3comp_null,0.9,0.1,34,300,0.006666666666666667,0.5948103792415169
S2_3comp_null,0.9,0.15,34,331,0.021148036253776436,0.6467065868263473
S2_3comp_null,0.9,0.2,34,354,0.02824858757062147,0.6866267465069861
S2_3comp_null,0.9,0.05,35,256,0.01953125,0.503006012024048
S2_3comp_null,0.9,0.1,35,304,0.023026315789473683,0.5951903807615231
S2_3comp_null,0.9,0.15,35,329,0.0243161094224924,0.6432865731462926
S2_3comp_null,0.9,0.2,35,350,0.025714285714285714,0.6833667334669339
S2_3comp_null,0.9,0.05,36,257,0.01556420233463035,0.4990138067061144
S2_3comp_null,0.9,0.1,36,312,0.022435897435897436,0.6015779092702169
S2_3comp_null,0.9,0.15,36,343,0.026239067055393587,0.6587771203155819
S2_3comp_null,0.9,0.2,36,365,0.03287671232876712,0.6962524654832347
S2_3comp_null,0.9,0.05,37,217,0.004608294930875576,0.43548387096774194
S2_3comp_null,0.9,0.1,37,282,0.01773049645390071,0.5584677419354839
S2_3comp_null,0.9,0.15,37,321,0.028037383177570093,0.6290322580645161
S2_3comp_null,0.9,0.2,37,344,0.03488372093023256,0.6693548387096774
S2_3comp_null,0.9,0.05,38,269,0.007434944237918215,0.5076045627376425
S2_3comp_null,0.9,0.1,38,338,0.011834319526627219,0.6349809885931559
S2_3comp_null,0.9,0.15,38,368,0.019021739130434784,0.6863117870722434
S2_3comp_null,0.9,0.2,38,381,0.026246719160104987,0.7053231939163498
S2_3comp_null,0.9,0.05,39,227,0.004405286343612335,0.47780126849894294
S2_3comp_null,0.9,0.1,39,280,0.014285714285714285,0.5835095137420718
S2_3comp_null,0.9,0.15,39,298,0.016778523489932886,0.6194503171247357
S2_3comp_null,0.9,0.2,39,324,0.015432098765432098,0.6744186046511628
S2_3comp_null,0.9,0.05,40,218,0.009174311926605505,0.43548387096774194
S2_3comp_null,0.9,0.1,40,281,0.021352313167259787,0.5544354838709677
S2_3comp_null,0.9,0.15,40,307,0.03257328990228013,0.5987903225806451
S2_3comp_null,0.9,0.2,40,337,0.03857566765578635,0.6532258064516129
S2_3comp_null,0.9,0.05,41,242,0.012396694214876033,0.4887525562372188
S2_3comp_null,0.9,0.1,41,289,0.01730103806228374,0.5807770961145194
S2_3comp_null,0.9,0.15,41,326,0.02147239263803681,0.6523517382413088
S2_3comp_null,0.9,0.2,41,351,0.02849002849002849,0.6973415132924335
S2_3comp_null,0.9,0.05,42,255,0.011764705882352941,0.4790874524714829
S2_3comp_null,0.9,0.1,42,313,0.01597444089456869,0.5855513307984791
S2_3comp_null,0.9,0.15,42,349,0.02865329512893983,0.6444866920152091
S2_3comp_null,0.9,0.2,42,373,0.03485254691689008,0.6844106463878327
S2_3comp_null,0.9,0.05,43,259,0.007722007722007722,0.5079051383399209
S2_3comp_null,0.9,0.1,43,303,0.0297029702970297,0.5810276679841897
S2_3comp_null,0.9,0.15,43,341,0.03519061583577713,0.650197628458498
S2_3comp_null,0.9,0.2,43,355,0.036619718309859155,0.6758893280632411
S2_3comp_null,0.9,0.05,44,258,0.011627906976744186,0.5141129032258065
S2_3comp_null,0.9,0.1,44,310,0.01935483870967742,0.6129032258064516
S2_3comp_null,0.9,0.15,44,340,0.026470588235294117,0.6673387096774194
S2_3comp_null,0.9,0.2,44,348,0.034482758620689655,0.6774193548387096
S2_3comp_null,0.9,0.05,45,250,0.004,0.48823529411764705
S2_3comp_null,0.9,0.1,45,289,0.006920415224913495,0.5627450980392157
S2_3comp_null,0.9,0.15,45,317,0.00946372239747634,0.615686274509804
S2_3comp_null,0.9,0.2,45,344,0.01744186046511628,0.6627450980392157
S2_3comp_null,0.9,0.05,46,238,0.029411764705882353,0.5179372197309418
S2_3comp_null,0.9,0.1,46,273,0.03296703296703297,0.5919282511210763
S2_3comp_null,0.9,0.15,46,297,0.04713804713804714,0.6345291479820628
S2_3comp_null,0.9,0.2,46,313,0.04792332268370607,0.6681614349775785
S2_3comp_null,0.9,0.05,47,251,0.0,0.47718631178707227
S2_3comp_null,0.9,0.1,47,309,0.012944983818770227,0.5798479087452472
S2_3comp_null,0.9,0.15,47,330,0.01818181818181818,0.6159695817490495
S2_3comp_null,0.9,0.2,47,347,0.01729106628242075,0.6482889733840305
S2_3comp_null,0.9,0.05,48,271,0.0036900369003690036,0.5410821643286573
S2_3comp_null,0.9,0.1,48,315,0.01904761904761905,0.6192384769539078
S2_3comp_null,0.9,0.15,48,346,0.02023121387283237,0.6793587174348698
S2_3comp_null,0.9,0.2,48,361,0.0221606648199446,0.7074148296593187
S2_3comp_null,0.9,0.05,49,236,0.00847457627118644,0.46062992125984253
S2_3comp_null,0.9,0.1,49,296,0.016891891891891893,0.5728346456692913
S2_3comp_null,0.9,0.15,49,342,0.03508771929824561,0.6496062992125984
S2_3comp_null,0.9,0.2,49,357,0.0392156862745098,0.6751968503937008
S2_3comp_null,0.9,0.05,50,257,0.019455252918287938,0.5029940119760479
S2_3comp_null,0.9,0.1,50,305,0.01639344262295082,0.5988023952095808
S2_3comp_null,0.9,0.15,50,334,0.023952095808383235,0.6506986027944112
S2_3comp_null,0.9,0.2,50,348,0.031609195402298854,0.6726546906187625
S2_3comp_null,0.9,0.05,51,253,0.015810276679841896,0.498
S2_3comp_null,0.9,0.1,51,315,0.025396825396825397,0.614
S2_3comp_null,0.9,0.15,51,338,0.026627218934911243,0.658
S2_3comp_null,0.9,0.2,51,353,0.031161473087818695,0.684
S2_3comp_null,0.9,0.05,52,268,0.007462686567164179,0.5225933202357563
S2_3comp_null,0.9,0.1,52,308,0.00974025974025974,0.5992141453831041
S2_3comp_null,0.9,0.15,52,335,0.014925373134328358,0.6483300589390962
S2_3comp_null,0.9,0.2,52,353,0.0169971671388102,0.6817288801571709
S2_3comp_null,0.9,0.05,53,263,0.011406844106463879,0.48237476808905383
S2_3comp_null,0.9,0.1,53,313,0.019169329073482427,0.5695732838589982
S2_3comp_null,0.9,0.15,53,339,0.02064896755162242,0.6159554730983302
S2_3comp_null,0.9,0.2,53,366,0.01912568306010929,0.6660482374768089
S2_3comp_null,0.9,0.05,54,239,0.008368200836820083,0.49375
S2_3comp_null,0.9,0.1,54,284,0.017605633802816902,0.58125
S2_3comp_null,0.9,0.15,54,309,0.019417475728155338,0.63125
S2_3comp_null,0.9,0.2,54,319,0.025078369905956112,0.6479166666666667
S2_3comp_null,0.9,0.05,55,246,0.0040650406504065045,0.49295774647887325
S2_3comp_null,0.9,0.1,55,308,0.012987012987012988,0.6116700201207244
S2_3comp_null,0.9,0.15,55,336,0.026785714285714284,0.6579476861167002
S2_3comp_null,0.9,0.2,55,361,0.0332409972299169,0.7022132796780685
S2_3comp_null,0.9,0.05,56,255,0.011764705882352941,0.5121951219512195
S2_3comp_null,0.9,0.1,56,297,0.016835016835016835,0.5934959349593496
S2_3comp_null,0.9,0.15,56,327,0.01834862385321101,0.6524390243902439
S2_3comp_null,0.9,0.2,56,345,0.020289855072463767,0.6869918699186992
S2_3comp_null,0.9,0.05,57,236,0.0211864406779661,0.47046843177189407
S2_3comp_null,0.9,0.1,57,288,0.027777777777777776,0.570264765784114
S2_3comp_null,0.9,0.15,57,317,0.04100946372239748,0.6191446028513238
S2_3comp_null,0.9,0.2,57,344,0.046511627906976744,0.6680244399185336
S2_3comp_null,0.9,0.05,58,223,0.004484304932735426,0.45121951219512196
S2_3comp_null,0.9,0.1,58,276,0.010869565217391304,0.5548780487804879
S2_3comp_null,0.9,0.15,58,302,0.016556291390728478,0.6036585365853658
S2_3comp_null,0.9,0.2,58,331,0.027190332326283987,0.6544715447154471
S2_3comp_null,0.9,0.05,59,234,0.008547008547008548,0.47443762781186094
S2_3comp_null,0.9,0.1,59,289,0.01384083044982699,0.5828220858895705
S2_3comp_null,0.9,0.15,59,320,0.021875,0.6400817995910021
S2_3comp_null,0.9,0.2,59,342,0.02631578947368421,0.6809815950920245
S2_3comp_null,0.9,0.05,60,256,0.0234375,0.5241090146750524
S2_3comp_null,0.9,0.1,60,298,0.026845637583892617,0.6079664570230608
S2_3comp_null,0.9,0.15,60,319,0.0438871473354232,0.639412997903564
S2_3comp_null,0.9,0.2,60,350,0.05142857142857143,0.6960167714884696
S2_3comp_null,0.9,0.05,61,306,0.00980392156862745,0.5706214689265536
S2_3comp_null,0.9,0.1,61,337,0.011869436201780416,0.6271186440677966
S2_3comp_null,0.9,0.15,61,358,0.0111731843575419,0.6666666666666666
S2_3comp_null,0.9,0.2,61,379,0.0158311345646438,0.7024482109227872
S2_3comp_null,0.9,0.05,62,198,0.005050505050505051,0.4112734864300626
S2_3comp_null,0.9,0.1,62,250,0.012,0.5156576200417536
S2_3comp_null,0.9,0.15,62,286,0.024475524475524476,0.5824634655532359
S2_3comp_null,0.9,0.2,62,317,0.031545741324921134,0.6409185803757829
S2_3comp_null,0.9,0.05,63,210,0.004761904761904762,0.4247967479674797
S2_3comp_null,0.9,0.1,63,268,0.011194029850746268,0.5386178861788617
S2_3comp_null,0.9,0.15,63,297,0.016835016835016835,0.5934959349593496
S2_3comp_null,0.9,0.2,63,321,0.03115264797507788,0.6321138211382114
S2_3comp_null,0.9,0.05,64,260,0.011538461538461539,0.5099206349206349
S2_3comp_null,0.9,0.1,64,308,0.01948051948051948,0.5992063492063492
S2_3comp_null,0.9,0.15,64,343,0.02040816326530612,0.6666666666666666
S2_3comp_null,0.9,0.2,64,356,0.019662921348314606,0.6924603174603174
S2_3comp_null,0.9,0.05,65,212,0.0047169811320754715,0.41865079365079366
S2_3comp_null,0.9,0.1,65,267,0.00749063670411985,0.5257936507936508
S2_3comp_null,0.9,0.15,65,303,0.013201320132013201,0.5932539682539683
S2_3comp_null,0.9,0.2,65,321,0.018691588785046728,0.625
S2_3comp_null,0.9,0.05,66,254,0.007874015748031496,0.4883720930232558
S2_3comp_null,0.9,0.1,66,312,0.009615384615384616,0.5988372093023255
S2_3comp_null,0.9,0.15,66,335,0.014925373134328358,0.6395348837209303
S2_3comp_null,0.9,0.2,66,350,0.017142857142857144,0.6666666666666666
S2_3comp_null,0.9,0.05,67,270,0.011111111111111112,0.5105162523900574
S2_3comp_null,0.9,0.1,67,325,0.03076923076923077,0.6022944550669216
S2_3comp_null,0.9,0.15,67,357,0.03361344537815126,0.6596558317399618
S2_3comp_null,0.9,0.2,67,375,0.037333333333333336,0.6902485659655831
S2_3comp_null,0.9,0.05,68,277,0.010830324909747292,0.5603271983640081
S2_3comp_null,0.9,0.1,68,303,0.019801980198019802,0.6073619631901841
S2_3comp_null,0.9,0.15,68,338,0.03254437869822485,0.6687116564417178
S2_3comp_null,0.9,0.2,68,354,0.03672316384180791,0.6973415132924335
S2_3comp_null,0.9,0.05,69,298,0.006711409395973154,0.5736434108527132
S2_3comp_null,0.9,0.1,69,343,0.008746355685131196,0.6589147286821705
S2_3comp_null,0.9,0.15,69,361,0.013850415512465374,0.689922480620155
S2_3comp_null,0.9,0.2,69,373,0.0160857908847185,0.7112403100775194
S2_3comp_null,0.9,0.05,70,221,0.00904977375565611,0.4524793388429752
S2_3comp_null,0.9,0.1,70,278,0.02877697841726619,0.5578512396694215
S2_3comp_null,0.9,0.15,70,317,0.04416403785488959,0.6260330578512396
S2_3comp_null,0.9,0.2,70,341,0.05571847507331378,0.6652892561983471
S2_3comp_null,0.9,0.05,71,248,0.012096774193548387,0.4841897233201581
S2_3comp_null,0.9,0.1,71,290,0.010344827586206896,0.567193675889328
S2_3comp_null,0.9,0.15,71,331,0.030211480362537766,0.6343873517786561
S2_3comp_null,0.9,0.2,71,353,0.0339943342776204,0.6739130434782609
S2_3comp_null,0.9,0.05,72,267,0.0149812734082397,0.5197628458498024
S2_3comp_null,0.9,0.1,72,317,0.031545741324921134,0.6067193675889329
S2_3comp_null,0.9,0.15,72,343,0.037900874635568516,0.6521739130434783
S2_3comp_null,0.9,0.2,72,359,0.03899721448467967,0.6818181818181818
S2_3comp_null,0.9,0.05,73,252,0.003968253968253968,0.4883268482490272
S2_3comp_null,0.9,0.1,73,308,0.016233766233766232,0.5894941634241245
S2_3comp_null,0.9,0.15,73,324,0.021604938271604937,0.6167315175097277
S2_3comp_null,0.9,0.2,73,343,0.02040816326530612,0.6536964980544747
S2_3comp_null,0.9,0.05,74,278,0.0035971223021582736,0.5452755905511811
S2_3comp_null,0.9,0.1,74,317,0.015772870662460567,0.6141732283464567
S2_3comp_null,0.9,0.15,74,350,0.022857142857142857,0.6732283464566929
S2_3comp_null,0.9,0.2,74,364,0.024725274725274724,0.6988188976377953
S2_3comp_null,0.9,0.05,75,228,0.013157894736842105,0.4639175257731959
S2_3comp_null,0.9,0.1,75,267,0.02247191011235955,0.5381443298969072
S2_3comp_null,0.9,0.15,75,289,0.031141868512110725,0.5773195876288659
S2_3comp_null,0.9,0.2,75,309,0.032362459546925564,0.6164948453608248
S2_3comp_null,0.9,0.05,76,272,0.003676470588235294,0.5282651072124757
S2_3comp_null,0.9,0.1,76,323,0.006191950464396285,0.6257309941520468
S2_3comp_null,0.9,0.15,76,342,0.014619883040935672,0.6569200779727096
S2_3comp_null,0.9,0.2,76,360,0.016666666666666666,0.6900584795321637
S2_3comp_null,0.9,0.05,77,253,0.0,0.5100806451612904
S2_3comp_null,0.9,0.1,77,302,0.006622516556291391,0.6048387096774194
S2_3comp_null,0.9,0.15,77,337,0.011869436201780416,0.6713709677419355
S2_3comp_null,0.9,0.2,77,358,0.0223463687150838,0.7056451612903226
S2_3comp_null,0.9,0.05,78,279,0.007168458781362007,0.5347490347490348
S2_3comp_null,0.9,0.1,78,329,0.015197568389057751,0.6254826254826255
S2_3comp_null,0.9,0.15,78,345,0.017391304347826087,0.6544401544401545
S2_3comp_null,0.9,0.2,78,371,0.02425876010781671,0.6988416988416989
S2_3comp_null,0.9,0.05,79,212,0.0047169811320754715,0.4262626262626263
S2_3comp_null,0.9,0.1,79,265,0.01509433962264151,0.5272727272727272
S2_3comp_null,0.9,0.15,79,302,0.029801324503311258,0.591919191919192
S2_3comp_null,0.9,0.2,79,326,0.03067484662576687,0.6383838383838384
S2_3comp_null,0.9,0.05,80,228,0.008771929824561403,0.4718162839248434
S2_3comp_null,0.9,0.1,80,271,0.01845018450184502,0.5553235908141962
S2_3comp_null,0.9,0.15,80,291,0.024054982817869417,0.592901878914405
S2_3comp_null,0.9,0.2,80,309,0.02912621359223301,0.6263048016701461
S2_3comp_null,0.9,0.05,81,269,0.0037174721189591076,0.5317460317460317
S2_3comp_null,0.9,0.1,81,328,0.018292682926829267,0.6388888888888888
S2_3comp_null,0.9,0.15,81,348,0.02586206896551724,0.6726190476190477
S2_3comp_null,0.9,0.2,81,361,0.030470914127423823,0.6944444444444444
S2_3comp_null,0.9,0.05,82,235,0.01276595744680851,0.48739495798319327
S2_3comp_null,0.9,0.1,82,290,0.017241379310344827,0.5987394957983193
S2_3comp_null,0.9,0.15,82,307,0.02280130293159609,0.6302521008403361
S2_3comp_null,0.9,0.2,82,332,0.03614457831325301,0.6722689075630253
S2_3comp_null,0.9,0.05,83,239,0.012552301255230125,0.4968421052631579
S2_3comp_null,0.9,0.1,83,282,0.02127659574468085,0.5810526315789474
S2_3comp_null,0.9,0.15,83,305,0.019672131147540985,0.6294736842105263
S2_3comp_null,0.9,0.2,83,327,0.024464831804281346,0.671578947368421
S2_3comp_null,0.9,0.05,84,264,0.003787878787878788,0.5057692307692307
S2_3comp_null,0.9,0.1,84,308,0.016233766233766232,0.5826923076923077
S2_3comp_null,0.9,0.15,84,339,0.02064896755162242,0.6384615384615384
S2_3comp_null,0.9,0.2,84,359,0.027855153203342618,0.6711538461538461
S2_3comp_null,0.9,0.05,85,282,0.014184397163120567,0.5295238095238095
S2_3comp_null,0.9,0.1,85,317,0.015772870662460567,0.5942857142857143
S2_3comp_null,0.9,0.15,85,351,0.02849002849002849,0.6495238095238095
S2_3comp_null,0.9,0.2,85,372,0.02956989247311828,0.6876190476190476
S2_3comp_null,0.9,0.05,86,267,0.00749063670411985,0.5
S2_3comp_null,0.9,0.1,86,322,0.009316770186335404,0.6018867924528302
S2_3comp_null,0.9,0.15,86,353,0.014164305949008499,0.6566037735849056
S2_3comp_null,0.9,0.2,86,369,0.018970189701897018,0.6830188679245283
S2_3comp_null,0.9,0.05,87,251,0.00398406374501992,0.4921259842519685
S2_3comp_null,0.9,0.1,87,306,0.013071895424836602,0.594488188976378
S2_3comp_null,0.9,0.15,87,333,0.024024024024024024,0.639763779527559
S2_3comp_null,0.9,0.2,87,348,0.028735632183908046,0.6653543307086615
S2_3comp_null,0.9,0.05,88,266,0.011278195488721804,0.4981060606060606
S2_3comp_null,0.9,0.1,88,317,0.015772870662460567,0.5909090909090909
S2_3comp_null,0.9,0.15,88,344,0.020348837209302327,0.6382575757575758
S2_3comp_null,0.9,0.2,88,361,0.024930747922437674,0.6666666666666666
S2_3comp_null,0.9,0.05,89,288,0.006944444444444444,0.5238095238095238
S2_3comp_null,0.9,0.1,89,348,0.017241379310344827,0.6263736263736264
S2_3comp_null,0.9,0.15,89,379,0.026385224274406333,0.6758241758241759
S2_3comp_null,0.9,0.2,89,393,0.03307888040712468,0.6959706959706959
S2_3comp_null,0.9,0.05,90,262,0.026717557251908396,0.4932301740812379
S2_3comp_null,0.9,0.1,90,313,0.02875399361022364,0.5880077369439072
S2_3comp_null,0.9,0.15,90,349,0.03724928366762178,0.6499032882011605
S2_3comp_null,0.9,0.2,90,371,0.03504043126684636,0.6924564796905223
S2_3comp_null,0.9,0.05,91,215,0.004651162790697674,0.4314516129032258
S2_3comp_null,0.9,0.1,91,266,0.007518796992481203,0.532258064516129
S2_3comp_null,0.9,0.15,91,290,0.010344827586206896,0.5786290322580645
S2_3comp_null,0.9,0.2,91,316,0.015822784810126583,0.6270161290322581
S2_3comp_null,0.9,0.05,92,221,0.004524886877828055,0.4517453798767967
S2_3comp_null,0.9,0.1,92,274,0.0036496350364963502,0.5605749486652978
S2_3comp_null,0.9,0.15,92,302,0.013245033112582781,0.6119096509240246
S2_3comp_null,0.9,0.2,92,332,0.030120481927710843,0.6611909650924025
S2_3comp_null,0.9,0.05,93,228,0.008771929824561403,0.4977973568281938
S2_3comp_null,0.9,0.1,93,263,0.011406844106463879,0.5726872246696035
S2_3comp_null,0.9,0.15,93,296,0.02364864864864865,0.6365638766519823
S2_3comp_null,0.9,0.2,93,313,0.025559105431309903,0.6718061674008811
S2_3comp_null,0.9,0.05,94,233,0.008583690987124463,0.47046843177189407
S2_3comp_null,0.9,0.1,94,282,0.014184397163120567,0.5661914460285132
S2_3comp_null,0.9,0.15,94,310,0.01935483870967742,0.6191446028513238
S2_3comp_null,0.9,0.2,94,323,0.021671826625386997,0.6435845213849287
S2_3comp_null,0.9,0.05,95,213,0.014084507042253521,0.4421052631578947
S2_3comp_null,0.9,0.1,95,271,0.025830258302583026,0.5557894736842105
S2_3comp_null,0.9,0.15,95,299,0.026755852842809364,0.6126315789473684
S2_3comp_null,0.9,0.2,95,315,0.02857142857142857,0.6442105263157895
S2_3comp_null,0.9,0.05,96,228,0.0,0.4662576687116564
S2_3comp_null,0.9,0.1,96,280,0.0035714285714285713,0.5705521472392638
S2_3comp_null,0.9,0.15,96,301,0.0033222591362126247,0.6134969325153374
S2_3comp_null,0.9,0.2,96,334,0.005988023952095809,0.6789366053169734
S2_3comp_null,0.9,0.05,97,253,0.003952569169960474,0.5239085239085239
S2_3comp_null,0.9,0.1,97,303,0.0165016501650165,0.6195426195426196
S2_3comp_null,0.9,0.15,97,327,0.021406727828746176,0.6652806652806653
S2_3comp_null,0.9,0.2,97,338,0.029585798816568046,0.681912681912682
S2_3comp_null,0.9,0.05,98,222,0.0045045045045045045,0.4878587196467991
S2_3comp_null,0.9,0.1,98,264,0.011363636363636364,0.5761589403973509
S2_3comp_null,0.9,0.15,98,296,0.013513513513513514,0.6445916114790287
S2_3comp_null,0.9,0.2,98,311,0.01929260450160772,0.673289183222958
S2_3comp_null,0.9,0.05,99,263,0.0076045627376425855,0.5107632093933464
S2_3comp_null,0.9,0.1,99,319,0.018808777429467086,0.6125244618395304
S2_3comp_null,0.9,0.15,99,345,0.02608695652173913,0.6575342465753424
S2_3comp_null,0.9,0.2,99,370,0.02972972972972973,0.7025440313111546
S3_contam_anchors,0.5,0.05,0,0,0.0,0.0
S3_contam_anchors,0.5,0.1,0,740,0.0472972972972973,0.28279181708784595
S3_contam_anchors,0.5,0.15,0,1314,0.0471841704718417,0.50220617729643
S3_contam_anchors,0.5,0.2,0,1549,0.051000645577792124,0.5896510228640193
S3_contam_anchors,0.5,0.05,1,0,0.0,0.0
S3_contam_anchors,0.5,0.1,1,458,0.04585152838427948,0.17348154029376736
S3_contam_anchors,0.5,0.15,1,1235,0.042105263157894736,0.46963080587534733
S3_contam_anchors,0.5,0.2,1,1507,0.043795620437956206,0.5720524017467249
S3_contam_anchors,0.5,0.05,2,0,0.0,0.0
S3_contam_anchors,0.5,0.1,2,1037,0.04339440694310511,0.4
S3_contam_anchors,0.5,0.15,2,1426,0.0455820476858345,0.5487903225806452
S3_contam_anchors,0.5,0.2,2,1671,0.04967085577498504,0.6403225806451613
S3_contam_anchors,0.5,0.05,3,0,0.0,0.0
S3_contam_anchors,0.5,0.1,3,991,0.04137235116044399,0.3766851704996035
S3_contam_anchors,0.5,0.15,3,1365,0.04395604395604396,0.5174464710547185
S3_contam_anchors,0.5,0.2,3,1629,0.04542664211172499,0.6165741475019826
S3_contam_anchors,0.5,0.05,4,2,0.0,0.0008237232289950577
S3_contam_anchors,0.5,0.1,4,3,0.0,0.0012355848434925864
S3_contam_anchors,0.5,0.15,4,1046,0.0621414913957935,0.40403624382207576
S3_contam_anchors,0.5,0.2,4,1446,0.06293222683264177,0.5580724876441515
S3_contam_anchors,0.5,0.05,5,0,0.0,0.0
S3_contam_anchors,0.5,0.1,5,359,0.06406685236768803,0.13291139240506328
S3_contam_anchors,0.5,0.15,5,1213,0.05028854080791426,0.45569620253164556
S3_contam_anchors,0.5,0.2,5,1503,0.0499001996007984,0.564873417721519
S3_contam_anchors,0.5,0.05,6,0,0.0,0.0
S3_contam_anchors,0.5,0.1,6,0,0.0,0.0
S3_contam_anchors,0.5,0.15,6,1094,0.055758683729433274,0.4187271990271585
S3_contam_anchors,0.5,0.2,6,1463,0.06015037593984962,0.5573571139035266
S3_contam_anchors,0.5,0.05,7,0,0.0,0.0
S3_contam_anchors,0.5,0.1,7,807,0.048327137546468404,0.31156186612576064
S3_contam_anchors,0.5,0.15,7,1321,0.04996214988644966,0.5091277890466531
S3_contam_anchors,0.5,0.2,7,1556,0.055269922879177376,0.5963488843813387
S3_contam_anchors,0.5,0.05,8,0,0.0,0.0
S3_contam_anchors,0.5,0.1,8,958,0.04697286012526096,0.3612979817965968
S3_contam_anchors,0.5,0.15,8,1365,0.04542124542124542,0.5156311832212109
S3_contam_anchors,0.5,0.2,8,1593,0.04645323289391086,0.6011080332409973
S3_contam_anchors,0.5,0.05,9,0,0.0,0.0
S3_contam_anchors,0.5,0.1,9,0,0.0,0.0
S3_contam_anchors,0.5,0.15,9,1108,0.05324909747292419,0.41759554140127386
S3_contam_anchors,0.5,0.2,9,1443,0.056133056133056136,0.5421974522292994
S3_contam_anchors,0.5,0.05,10,0,0.0,0.0
S3_contam_anchors,0.5,0.1,10,0,0.0,0.0
S3_contam_anchors,0.5,0.15,10,1204,0.04318936877076412,0.4578696343402226
S3_contam_anchors,0.5,0.2,10,1540,0.046103896103896105,0.5838632750397457
S3_contam_anchors,0.5,0.05,11,0,0.0,0.0
S3_contam_anchors,0.5,0.1,11,919,0.04787812840043525,0.3528225806451613
S3_contam_anchors,0.5,0.15,11,1375,0.04945454545454545,0.527016129032258
S3_contam_anchors,0.5,0.2,11,1593,0.04896421845574388,0.6108870967741935
S3_contam_anchors,0.5,0.05,12,0,0.0,0.0
S3_contam_anchors,0.5,0.1,12,1081,0.05272895467160037,0.40796812749003986
S3_contam_anchors,0.5,0.15,12,1480,0.04864864864864865,0.5609561752988048
S3_contam_anchors,0.5,0.2,12,1683,0.0451574569221628,0.6402390438247012
S3_contam_anchors,0.5,0.05,13,0,0.0,0.0
S3_contam_anchors,0.5,0.1,13,379,0.044854881266490766,0.14405093513728612
S3_contam_anchors,0.5,0.15,13,1088,0.04871323529411765,0.411858336649423
S3_contam_anchors,0.5,0.2,13,1403,0.047042052744119746,0.532033426183844
S3_contam_anchors,0.5,0.05,14,324,0.024691358024691357,0.1264
S3_contam_anchors,0.5,0.1,14,1061,0.036757775683317624,0.4088
S3_contam_anchors,0.5,0.15,14,1394,0.040889526542324243,0.5348
S3_contam_anchors,0.5,0.2,14,1599,0.04065040650406504,0.6136
S3_contam_anchors,0.5,0.05,15,0,0.0,0.0
S3_contam_anchors,0.5,0.1,15,1014,0.03944773175542406,0.3831628638867034
S3_contam_anchors,0.5,0.15,15,1442,0.040915395284327326,0.544059795436664
S3_contam_anchors,0.5,0.2,15,1701,0.04350382128159906,0.6400472069236821
S3_contam_anchors,0.5,0.05,16,0,0.0,0.0
S3_contam_anchors,0.5,0.1,16,0,0.0,0.0
S3_contam_anchors,0.5,0.15,16,1146,0.04363001745200698,0.4257964257964258
S3_contam_anchors,0.5,0.2,16,1522,0.049277266754270695,0.5621600621600622
S3_contam_anchors,0.5,0.05,17,2,0.0,0.0007874015748031496
S3_contam_anchors,0.5,0.1,17,797,0.04265997490589712,0.3003937007874016
S3_contam_anchors,0.5,0.15,17,1250,0.0472,0.4688976377952756
S3_contam_anchors,0.5,0.2,17,1523,0.04464871963230466,0.5728346456692913
S3_contam_anchors,0.5,0.05,18,0,0.0,0.0
S3_contam_anchors,0.5,0.1,18,743,0.052489905787348586,0.288406390823433
S3_contam_anchors,0.5,0.15,18,1304,0.05138036809815951,0.5067595247849243
S3_contam_anchors,0.5,0.2,18,1550,0.056129032258064517,0.5993445309299468
S3_contam_anchors,0.5,0.05,19,0,0.0,0.0
S3_contam_anchors,0.5,0.1,19,856,0.052570093457943924,0.327148043565954
S3_contam_anchors,0.5,0.15,19,1288,0.05124223602484472,0.49294070189592576
S3_contam_anchors,0.5,0.2,19,1529,0.050359712230215826,0.5857200484066156
S3_contam_anchors,0.5,0.05,20,0,0.0,0.0
S3_contam_anchors,0.5,0.1,20,569,0.04745166959578207,0.22267871815940837
S3_contam_anchors,0.5,0.15,20,1150,0.058260869565217394,0.4449465899753492
S3_contam_anchors,0.5,0.2,20,1454,0.055020632737276476,0.5645028759244043
S3_contam_anchors,0.5,0.05,21,0,0.0,0.0
S3_contam_anchors,0.5,0.1,21,726,0.048209366391184574,0.2730146187277756
S3_contam_anchors,0.5,0.15,21,1277,0.04541895066562255,0.4816278150928487
S3_contam_anchors,0.5,0.2,21,1535,0.04755700325732899,0.5776372975108652
S3_contam_anchors,0.5,0.05,22,0,0.0,0.0
S3_contam_anchors,0.5,0.1,22,0,0.0,0.0
S3_contam_anchors,0.5,0.15,22,1055,0.05971563981042654,0.4003228410008071
S3_contam_anchors,0.5,0.2,22,1363,0.05429200293470286,0.5201775625504439
S3_contam_anchors,0.5,0.05,23,0,0.0,0.0
S3_contam_anchors,0.5,0.1,23,0,0.0,0.0
S3_contam_anchors,0.5,0.15,23,963,0.05711318795430945,0.35552075176194203
S3_contam_anchors,0.5,0.2,23,1379,0.05221174764321972,0.5117462803445576
S3_contam_anchors,0.5,0.05,24,0,0.0,0.0
S3_contam_anchors,0.5,0.1,24,889,0.049493813273340834,0.34363562423749494
S3_contam_anchors,0.5,0.15,24,1267,0.049723756906077346,0.48962993086620576
S3_contam_anchors,0.5,0.2,24,1520,0.049342105263157895,0.5876372509150061
S3_contam_anchors,0.5,0.05,25,0,0.0,0.0
S3_contam_anchors,0.5,0.1,25,858,0.045454545454545456,0.325516693163752
S3_contam_anchors,0.5,0.15,25,1351,0.0458919319022946,0.5123211446740858
S3_contam_anchors,0.5,0.2,25,1576,0.04631979695431472,0.5973767885532592
S3_contam_anchors,0.5,0.05,26,0,0.0,0.0
S3_contam_anchors,0.5,0.1,26,673,0.05646359583952452,0.25158478605388274
S3_contam_anchors,0.5,0.15,26,1213,0.0494641384995878,0.4568145800316957
S3_contam_anchors,0.5,0.2,26,1514,0.05217965653896962,0.5685419968304279
S3_contam_anchors,0.5,0.05,27,0,0.0,0.0
S3_contam_anchors,0.5,0.1,27,612,0.05555555555555555,0.23649754500818332
S3_contam_anchors,0.5,0.15,27,1255,0.054183266932270914,0.48567921440261863
S3_contam_anchors,0.5,0.2,27,1551,0.05351386202450032,0.6006546644844517
S3_contam_anchors,0.5,0.05,28,0,0.0,0.0
S3_contam_anchors,0.5,0.1,28,752,0.04654255319148936,0.283623417721519
S3_contam_anchors,0.5,0.15,28,1277,0.04620203602192639,0.48180379746835444
S3_contam_anchors,0.5,0.2,28,1558,0.04942233632862644,0.5858386075949367
S3_contam_anchors,0.5,0.05,29,5,0.0,0.001957713390759593
S3_contam_anchors,0.5,0.1,29,896,0.05022321428571429,0.33320281910728267
S3_contam_anchors,0.5,0.15,29,1333,0.047261815453863466,0.49725920125293654
S3_contam_anchors,0.5,0.2,29,1597,0.05134627426424546,0.5931871574001566
S3_contam_anchors,0.5,0.05,30,0,0.0,0.0
S3_contam_anchors,0.5,0.1,30,687,0.042212518195050945,0.261007536691789
S3_contam_anchors,0.5,0.15,30,1215,0.04526748971193416,0.4601348671162237
S3_contam_anchors,0.5,0.2,30,1531,0.051600261267145654,0.5759619198730662
S3_contam_anchors,0.5,0.05,31,0,0.0,0.0
S3_contam_anchors,0.5,0.1,31,643,0.05443234836702955,0.2381511946729338
S3_contam_anchors,0.5,0.15,31,1301,0.04919292851652575,0.4845280062671367
S3_contam_anchors,0.5,0.2,31,1551,0.050934880722114766,0.5765765765765766
S3_contam_anchors,0.5,0.05,32,0,0.0,0.0
S3_contam_anchors,0.5,0.1,32,334,0.05688622754491018,0.12620192307692307
S3_contam_anchors,0.5,0.15,32,1160,0.052586206896551725,0.44030448717948717
S3_contam_anchors,0.5,0.2,32,1475,0.05220338983050848,0.5600961538461539
S3_contam_anchors,0.5,0.05,33,0,0.0,0.0
S3_contam_anchors,0.5,0.1,33,937,0.04589114194236926,0.3626774847870183
S3_contam_anchors,0.5,0.15,33,1285,0.04824902723735409,0.49614604462474643
S3_contam_anchors,0.5,0.2,33,1514,0.047556142668428,0.5849898580121704
S3_contam_anchors,0.5,0.05,34,0,0.0,0.0
S3_contam_anchors,0.5,0.1,34,782,0.03580562659846547,0.3018414731785428
S3_contam_anchors,0.5,0.15,34,1356,0.045722713864306784,0.5180144115292233
S3_contam_anchors,0.5,0.2,34,1581,0.04680581910183428,0.6032826261008807
S3_contam_anchors,0.5,0.05,35,0,0.0,0.0
S3_contam_anchors,0.5,0.1,35,416,0.052884615384615384,0.1577261809447558
S3_contam_anchors,0.5,0.15,35,1220,0.051639344262295085,0.4631705364291433
S3_contam_anchors,0.5,0.2,35,1534,0.051499348109517604,0.5824659727782225
S3_contam_anchors,0.5,0.05,36,299,0.03678929765886288,0.1175030599755202
S3_contam_anchors,0.5,0.1,36,1070,0.041121495327102804,0.4186046511627907
S3_contam_anchors,0.5,0.15,36,1473,0.04752206381534284,0.5724194206446348
S3_contam_anchors,0.5,0.2,36,1675,0.046567164179104475,0.6515707874337006
S3_contam_anchors,0.5,0.05,37,354,0.0480225988700565,0.13404932378679396
S3_contam_anchors,0.5,0.1,37,1124,0.036476868327402136,0.4307875894988067
S3_contam_anchors,0.5,0.15,37,1493,0.03750837240455459,0.5715990453460621
S3_contam_anchors,0.5,0.2,37,1687,0.03912270302311796,0.6447891805887033
S3_contam_anchors,0.5,0.05,38,0,0.0,0.0
S3_contam_anchors,0.5,0.1,38,790,0.04177215189873418,0.3023162939297125
S3_contam_anchors,0.5,0.15,38,1301,0.04765564950038432,0.4948083067092652
S3_contam_anchors,0.5,0.2,38,1539,0.04873294346978557,0.5846645367412141
S3_contam_anchors,0.5,0.05,39,0,0.0,0.0
S3_contam_anchors,0.5,0.1,39,741,0.03643724696356275,0.290480065093572
S3_contam_anchors,0.5,0.15,39,1225,0.04326530612244898,0.47681041497152155
S3_contam_anchors,0.5,0.2,39,1501,0.04930046635576282,0.580553295362083
S3_contam_anchors,0.5,0.05,40,0,0.0,0.0
S3_contam_anchors,0.5,0.1,40,959,0.03753910323253389,0.36309992132179386
S3_contam_anchors,0.5,0.15,40,1360,0.045588235294117645,0.5106215578284815
S3_contam_anchors,0.5,0.2,40,1597,0.046963055729492796,0.5987411487018096
S3_contam_anchors,0.5,0.05,41,0,0.0,0.0
S3_contam_anchors,0.5,0.1,41,651,0.05069124423963134,0.24690371554135038
S3_contam_anchors,0.5,0.15,41,1272,0.04559748427672956,0.48501797842588895
S3_contam_anchors,0.5,0.2,41,1537,0.0494469746258946,0.5836995605273672
S3_contam_anchors,0.5,0.05,42,0,0.0,0.0
S3_contam_anchors,0.5,0.1,42,866,0.042725173210161664,0.33306548814785053
S3_contam_anchors,0.5,0.15,42,1315,0.04790874524714829,0.5030132583366814
S3_contam_anchors,0.5,0.2,42,1580,0.05,0.6030534351145038
S3_contam_anchors,0.5,0.05,43,0,0.0,0.0
S3_contam_anchors,0.5,0.1,43,983,0.044760935910478125,0.3800080938891137
S3_contam_anchors,0.5,0.15,43,1396,0.045845272206303724,0.5390530149736948
S3_contam_anchors,0.5,0.2,43,1583,0.04801010739102969,0.6098745447187374
S3_contam_anchors,0.5,0.05,44,0,0.0,0.0
S3_contam_anchors,0.5,0.1,44,1007,0.036742800397219465,0.3916027452563585
S3_contam_anchors,0.5,0.15,44,1371,0.03938730853391685,0.5316915623738393
S3_contam_anchors,0.5,0.2,44,1589,0.048458149779735685,0.6104158255954784
S3_contam_anchors,0.5,0.05,45,0,0.0,0.0
S3_contam_anchors,0.5,0.1,45,0,0.0,0.0
S3_contam_anchors,0.5,0.15,45,1082,0.051756007393715345,0.40553359683794465
S3_contam_anchors,0.5,0.2,45,1410,0.05390070921985816,0.5272727272727272
S3_contam_anchors,0.5,0.05,46,0,0.0,0.0
S3_contam_anchors,0.5,0.1,46,623,0.060995184590690206,0.23316062176165803
S3_contam_anchors,0.5,0.15,46,1279,0.05394839718530102,0.4822638501394978
S3_contam_anchors,0.5,0.2,46,1534,0.056714471968709254,0.5767237943403747
S3_contam_anchors,0.5,0.05,47,0,0.0,0.0
S3_contam_anchors,0.5,0.1,47,841,0.03804994054696789,0.32166998011928427
S3_contam_anchors,0.5,0.15,47,1328,0.04141566265060241,0.5061630218687873
S3_contam_anchors,0.5,0.2,47,1558,0.044929396662387676,0.5916500994035785
S3_contam_anchors,0.5,0.05,48,0,0.0,0.0
S3_contam_anchors,0.5,0.1,48,0,0.0,0.0
S3_contam_anchors,0.5,0.15,48,1246,0.04975922953451043,0.4736
S3_contam_anchors,0.5,0.2,48,1554,0.05341055341055341,0.5884
S3_contam_anchors,0.5,0.05,49,0,0.0,0.0
S3_contam_anchors,0.5,0.1,49,0,0.0,0.0
S3_contam_anchors,0.5,0.15,49,1044,0.05747126436781609,0.39486356340288925
S3_contam_anchors,0.5,0.2,49,1418,0.05571227080394922,0.5373194221508828
S3_contam_anchors,0.5,0.05,50,0,0.0,0.0
S3_contam_anchors,0.5,0.1,50,688,0.050872093023255814,0.26047068209014757
S3_contam_anchors,0.5,0.15,50,1260,0.05,0.47746310331072994
S3_contam_anchors,0.5,0.2,50,1560,0.05064102564102564,0.5907459114479457
S3_contam_anchors,0.5,0.05,51,0,0.0,0.0
S3_contam_anchors,0.5,0.1,51,747,0.041499330655957165,0.2822230981474182
S3_contam_anchors,0.5,0.15,51,1266,0.038704581358609796,0.47970043358297204
S3_contam_anchors,0.5,0.2,51,1533,0.045662100456621,0.5766653527788727
S3_contam_anchors,0.5,0.05,52,0,0.0,0.0
S3_contam_anchors,0.5,0.1,52,888,0.04054054054054054,0.33796112653708843
S3_contam_anchors,0.5,0.15,52,1347,0.04305864884929473,0.5113050376834589
S3_contam_anchors,0.5,0.2,52,1598,0.04755944931163955,0.603728679095597
S3_contam_anchors,0.5,0.05,53,0,0.0,0.0
S3_contam_anchors,0.5,0.1,53,315,0.047619047619047616,0.12160518848804215
S3_contam_anchors,0.5,0.15,53,1147,0.04795117698343505,0.44264288609647345
S3_contam_anchors,0.5,0.2,53,1468,0.051771117166212535,0.5642480745845156
S3_contam_anchors,0.5,0.05,54,0,0.0,0.0
S3_contam_anchors,0.5,0.1,54,686,0.05539358600583091,0.26181818181818184
S3_contam_anchors,0.5,0.15,54,1244,0.04983922829581994,0.4775757575757576
S3_contam_anchors,0.5,0.2,54,1474,0.04952510176390773,0.566060606060606
S3_contam_anchors,0.5,0.05,55,0,0.0,0.0
S3_contam_anchors,0.5,0.1,55,867,0.04844290657439446,0.3395061728395062
S3_contam_anchors,0.5,0.15,55,1328,0.053463855421686746,0.5172839506172839
S3_contam_anchors,0.5,0.2,55,1547,0.05235940530058177,0.6032921810699589
S3_contam_anchors,0.5,0.05,56,0,0.0,0.0
S3_contam_anchors,0.5,0.1,56,972,0.03292181069958848,0.37857430527587593
S3_contam_anchors,0.5,0.15,56,1348,0.039317507418397624,0.5215465163109142
S3_contam_anchors,0.5,0.2,56,1574,0.03875476493011436,0.6093435360451067
S3_contam_anchors,0.5,0.05,57,0,0.0,0.0
S3_contam_anchors,0.5,0.1,57,769,0.044213263979193757,0.3001224989791752
S3_contam_anchors,0.5,0.15,57,1274,0.05259026687598116,0.49285422621478153
S3_contam_anchors,0.5,0.2,57,1518,0.052700922266139656,0.5871784401796651
S3_contam_anchors,0.5,0.05,58,0,0.0,0.0
S3_contam_anchors,0.5,0.1,58,850,0.05176470588235294,0.3147208121827411
S3_contam_anchors,0.5,0.15,58,1291,0.045701006971340045,0.4810620851229988
S3_contam_anchors,0.5,0.2,58,1523,0.04596191726854892,0.5673565013666536
S3_contam_anchors,0.5,0.05,59,0,0.0,0.0
S3_contam_anchors,0.5,0.1,59,621,0.05314009661835749,0.2370012091898428
S3_contam_anchors,0.5,0.15,59,1119,0.049151027703306524,0.42885933091495365
S3_contam_anchors,0.5,0.2,59,1433,0.050942079553384506,0.5481660620717452
S3_contam_anchors,0.5,0.05,60,0,0.0,0.0
S3_contam_anchors,0.5,0.1,60,427,0.06088992974238876,0.15849802371541502
S3_contam_anchors,0.5,0.15,60,1156,0.05536332179930796,0.4316205533596838
S3_contam_anchors,0.5,0.2,60,1495,0.05551839464882943,0.558102766798419
S3_contam_anchors,0.5,0.05,61,0,0.0,0.0
S3_contam_anchors,0.5,0.1,61,915,0.04590163934426229,0.35244247073072266
S3_contam_anchors,0.5,0.15,61,1298,0.04776579352850539,0.49899071457408156
S3_contam_anchors,0.5,0.2,61,1569,0.055449330783938815,0.598304400484457
S3_contam_anchors,0.5,0.05,62,0,0.0,0.0
S3_contam_anchors,0.5,0.1,62,460,0.05434782608695652,0.17886513157894737
S3_contam_anchors,0.5,0.15,62,1087,0.05335786568537258,0.4231085526315789
S3_contam_anchors,0.5,0.2,62,1377,0.053013798111837325,0.5361842105263158
S3_contam_anchors,0.5,0.05,63,0,0.0,0.0
S3_contam_anchors,0.5,0.1,63,0,0.0,0.0
S3_contam_anchors,0.5,0.15,63,1146,0.05235602094240838,0.431980906921241
S3_contam_anchors,0.5,0.2,63,1457,0.05078929306794784,0.5501193317422435
S3_contam_anchors,0.5,0.05,64,0,0.0,0.0
S3_contam_anchors,0.5,0.1,64,0,0.0,0.0
S3_contam_anchors,0.5,0.15,64,1037,0.058823529411764705,0.3876092136616362
S3_contam_anchors,0.5,0.2,64,1416,0.057203389830508475,0.5301826846703733
S3_contam_anchors,0.5,0.05,65,0,0.0,0.0
S3_contam_anchors,0.5,0.1,65,730,0.050684931506849315,0.28331970564186426
S3_contam_anchors,0.5,0.15,65,1225,0.04897959183673469,0.47628781684382665
S3_contam_anchors,0.5,0.2,65,1494,0.050200803212851405,0.580130825838103
S3_contam_anchors,0.5,0.05,66,0,0.0,0.0
S3_contam_anchors,0.5,0.1,66,927,0.040992448759439054,0.3513833992094862
S3_contam_anchors,0.5,0.15,66,1376,0.042877906976744186,0.5205533596837945
S3_contam_anchors,0.5,0.2,66,1577,0.046924540266328474,0.5940711462450593
S3_contam_anchors,0.5,0.05,67,0,0.0,0.0
S3_contam_anchors,0.5,0.1,67,0,0.0,0.0
S3_contam_anchors,0.5,0.15,67,1119,0.049151027703306524,0.4177463682764036
S3_contam_anchors,0.5,0.2,67,1453,0.051617343427391604,0.5410286611700039
S3_contam_anchors,0.5,0.05,68,183,0.04918032786885246,0.0694888178913738
S3_contam_anchors,0.5,0.1,68,1088,0.050551470588235295,0.41253993610223644
S3_contam_anchors,0.5,0.15,68,1445,0.04775086505190312,0.549520766773163
S3_contam_anchors,0.5,0.2,68,1632,0.04840686274509804,0.6202076677316294
S3_contam_anchors,0.5,0.05,69,0,0.0,0.0
S3_contam_anchors,0.5,0.1,69,0,0.0,0.0
S3_contam_anchors,0.5,0.15,69,1075,0.061395348837209304,0.3958415064731267
S3_contam_anchors,0.5,0.2,69,1430,0.06083916083916084,0.5268732836406433
S3_contam_anchors,0.5,0.05,70,0,0.0,0.0
S3_contam_anchors,0.5,0.1,70,855,0.05847953216374269,0.3232931726907631
S3_contam_anchors,0.5,0.15,70,1268,0.055993690851735015,0.4807228915662651
S3_contam_anchors,0.5,0.2,70,1564,0.05434782608695652,0.5939759036144578
S3_contam_anchors,0.5,0.05,71,0,0.0,0.0
S3_contam_anchors,0.5,0.1,71,950,0.04421052631578947,0.35776201733648544
S3_contam_anchors,0.5,0.15,71,1389,0.0482361411087113,0.5208825847123719
S3_contam_anchors,0.5,0.2,71,1611,0.05276225946617008,0.6012608353033885
S3_contam_anchors,0.5,0.05,72,0,0.0,0.0
S3_contam_anchors,0.5,0.1,72,724,0.04281767955801105,0.2764260071798963
S3_contam_anchors,0.5,0.15,72,1315,0.04638783269961977,0.5001994415636218
S3_contam_anchors,0.5,0.2,72,1575,0.04825396825396826,0.5979258077383327
S3_contam_anchors,0.5,0.05,73,0,0.0,0.0
S3_contam_anchors,0.5,0.1,73,855,0.047953216374269005,0.3183418068048494
S3_contam_anchors,0.5,0.15,73,1353,0.04730229120473023,0.5041063746578021
S3_contam_anchors,0.5,0.2,73,1607,0.049782202862476664,0.59718420023465
S3_contam_anchors,0.5,0.05,74,561,0.035650623885918005,0.22081632653061226
S3_contam_anchors,0.5,0.1,74,1226,0.040783034257748776,0.48
S3_contam_anchors,0.5,0.15,74,1554,0.039897039897039896,0.6089795918367347
S3_contam_anchors,0.5,0.2,74,1754,0.039908779931584946,0.6873469387755102
S3_contam_anchors,0.5,0.05,75,475,0.037894736842105266,0.18185435734182254
S3_contam_anchors,0.5,0.1,75,1162,0.043029259896729774,0.44249900517309987
S3_contam_anchors,0.5,0.15,75,1505,0.043853820598006646,0.5726223637087147
S3_contam_anchors,0.5,0.2,75,1688,0.04383886255924171,0.6422602467170713
S3_contam_anchors,0.5,0.05,76,0,0.0,0.0
S3_contam_anchors,0.5,0.1,76,495,0.044444444444444446,0.18747522790328974
S3_contam_anchors,0.5,0.15,76,1151,0.046046915725456126,0.4351961950059453
S3_contam_anchors,0.5,0.2,76,1468,0.047683923705722074,0.5541022592152199
S3_contam_anchors,0.5,0.05,77,0,0.0,0.0
S3_contam_anchors,0.5,0.1,77,481,0.0498960498960499,0.18207171314741036
S3_contam_anchors,0.5,0.15,77,1253,0.05426975259377494,0.4721115537848606
S3_contam_anchors,0.5,0.2,77,1528,0.049738219895287955,0.5784860557768924
S3_contam_anchors,0.5,0.05,78,0,0.0,0.0
S3_contam_anchors,0.5,0.1,78,967,0.04239917269906929,0.37353771682129894
S3_contam_anchors,0.5,0.15,78,1337,0.04712041884816754,0.5139169019766034
S3_contam_anchors,0.5,0.2,78,1590,0.048427672955974846,0.6103267446551028
S3_contam_anchors,0.5,0.05,79,0,0.0,0.0
S3_contam_anchors,0.5,0.1,79,535,0.052336448598130844,0.2034510433386838
S3_contam_anchors,0.5,0.15,79,1153,0.055507372072853424,0.4369983948635634
S3_contam_anchors,0.5,0.2,79,1449,0.053830227743271224,0.5501605136436597
S3_contam_anchors,0.5,0.05,80,0,0.0,0.0
S3_contam_anchors,0.5,0.1,80,789,0.044359949302915085,0.3018414731785428
S3_contam_anchors,0.5,0.15,80,1257,0.050119331742243436,0.477982385908727
S3_contam_anchors,0.5,0.2,80,1520,0.05197368421052632,0.576861489191353
S3_contam_anchors,0.5,0.05,81,0,0.0,0.0
S3_contam_anchors,0.5,0.1,81,978,0.044989775051124746,0.36684996072270226
S3_contam_anchors,0.5,0.15,81,1396,0.044412607449856735,0.5239591516103692
S3_contam_anchors,0.5,0.2,81,1631,0.04966278356836297,0.6087981146897093
S3_contam_anchors,0.5,0.05,82,0,0.0,0.0
S3_contam_anchors,0.5,0.1,82,656,0.053353658536585365,0.25388389206868356
S3_contam_anchors,0.5,0.15,82,1181,0.0558848433530906,0.45584627964022895
S3_contam_anchors,0.5,0.2,82,1451,0.057201929703652656,0.5592804578904333
S3_contam_anchors,0.5,0.05,83,0,0.0,0.0
S3_contam_anchors,0.5,0.1,83,449,0.051224944320712694,0.16798107255520506
S3_contam_anchors,0.5,0.15,83,1141,0.04995617879053462,0.4274447949526814
S3_contam_anchors,0.5,0.2,83,1458,0.04663923182441701,0.5481072555205048
S3_contam_anchors,0.5,0.05,84,0,0.0,0.0
S3_contam_anchors,0.5,0.1,84,858,0.04079254079254079,0.32529644268774704
S3_contam_anchors,0.5,0.15,84,1296,0.041666666666666664,0.4909090909090909
S3_contam_anchors,0.5,0.2,84,1547,0.04330963154492566,0.5849802371541502
S3_contam_anchors,0.5,0.05,85,0,0.0,0.0
S3_contam_anchors,0.5,0.1,85,476,0.0546218487394958,0.1836734693877551
S3_contam_anchors,0.5,0.15,85,1089,0.05693296602387511,0.41918367346938773
S3_contam_anchors,0.5,0.2,85,1422,0.057665260196905765,0.5469387755102041
S3_contam_anchors,0.5,0.05,86,0,0.0,0.0
S3_contam_anchors,0.5,0.1,86,788,0.04314720812182741,0.29837752275425405
S3_contam_anchors,0.5,0.15,86,1299,0.05234795996920708,0.4871388998812822
S3_contam_anchors,0.5,0.2,86,1584,0.054924242424242424,0.592402057776019
S3_contam_anchors,0.5,0.05,87,0,0.0,0.0
S3_contam_anchors,0.5,0.1,87,988,0.04554655870445344,0.3742063492063492
S3_contam_anchors,0.5,0.15,87,1403,0.042765502494654314,0.5329365079365079
S3_contam_anchors,0.5,0.2,87,1628,0.04238329238329238,0.6186507936507937
S3_contam_anchors,0.5,0.05,88,0,0.0,0.0
S3_contam_anchors,0.5,0.1,88,713,0.04908835904628331,0.26484375
S3_contam_anchors,0.5,0.15,88,1251,0.047961630695443645,0.465234375
S3_contam_anchors,0.5,0.2,88,1540,0.047402597402597405,0.573046875
S3_contam_anchors,0.5,0.05,89,0,0.0,0.0
S3_contam_anchors,0.5,0.1,89,887,0.04171364148816235,0.34109149277688605
S3_contam_anchors,0.5,0.15,89,1315,0.045627376425855515,0.5036115569823435
S3_contam_anchors,0.5,0.2,89,1584,0.052398989898989896,0.6023274478330658
S3_contam_anchors,0.5,0.05,90,0,0.0,0.0
S3_contam_anchors,0.5,0.1,90,634,0.055205047318611984,0.23750991276764472
S3_contam_anchors,0.5,0.15,90,1278,0.0594679186228482,0.4766058683584457
S3_contam_anchors,0.5,0.2,90,1579,0.058264724509183026,0.5896114195083267
S3_contam_anchors,0.5,0.05,91,0,0.0,0.0
S3_contam_anchors,0.5,0.1,91,680,0.05,0.25333333333333335
S3_contam_anchors,0.5,0.15,91,1262,0.04675118858954041,0.4717647058823529
S3_contam_anchors,0.5,0.2,91,1540,0.048701298701298704,0.5745098039215686
S3_contam_anchors,0.5,0.05,92,0,0.0,0.0
S3_contam_anchors,0.5,0.1,92,685,0.05693430656934306,0.2634584013050571
S3_contam_anchors,0.5,0.15,92,1192,0.05453020134228188,0.4596247960848287
S3_contam_anchors,0.5,0.2,92,1462,0.05198358413132695,0.5652528548123981
S3_contam_anchors,0.5,0.05,93,0,0.0,0.0
S3_contam_anchors,0.5,0.1,93,802,0.04239401496259352,0.31017770597738287
S3_contam_anchors,0.5,0.15,93,1290,0.04806201550387597,0.49596122778675283
S3_contam_anchors,0.5,0.2,93,1520,0.04868421052631579,0.5840064620355412
S3_contam_anchors,0.5,0.05,94,0,0.0,0.0
S3_contam_anchors,0.5,0.1,94,1007,0.0506454816285998,0.3778656126482213
S3_contam_anchors,0.5,0.15,94,1403,0.047042052744119746,0.5284584980237154
S3_contam_anchors,0.5,0.2,94,1601,0.04497189256714553,0.6043478260869565
S3_contam_anchors,0.5,0.05,95,0,0.0,0.0
S3_contam_anchors,0.5,0.1,95,0,0.0,0.0
S3_contam_anchors,0.5,0.15,95,1061,0.057492931196983975,0.4022526146419952
S3_contam_anchors,0.5,0.2,95,1374,0.05604075691411936,0.5217216411906678
S3_contam_anchors,0.5,0.05,96,0,0.0,0.0
S3_contam_anchors,0.5,0.1,96,646,0.04643962848297214,0.24808699154248892
S3_contam_anchors,0.5,0.15,96,1171,0.04696840307429547,0.4494563028594442
S3_contam_anchors,0.5,0.2,96,1445,0.04913494809688582,0.5533628674989931
S3_contam_anchors,0.5,0.05,97,0,0.0,0.0
S3_contam_anchors,0.5,0.1,97,867,0.04498269896193772,0.3319967923015237
S3_contam_anchors,0.5,0.15,97,1349,0.04670126019273536,0.5156375300721732
S3_contam_anchors,0.5,0.2,97,1590,0.050314465408805034,0.6054530874097834
S3_contam_anchors,0.5,0.05,98,0,0.0,0.0
S3_contam_anchors,0.5,0.1,98,0,0.0,0.0
S3_contam_anchors,0.5,0.15,98,1118,0.06082289803220036,0.4268292682926829
S3_contam_anchors,0.5,0.2,98,1495,0.056856187290969896,0.573170731707317
S3_contam_anchors,0.5,0.05,99,0,0.0,0.0
S3_contam_anchors,0.5,0.1,99,0,0.0,0.0
S3_contam_anchors,0.5,0.15,99,772,0.06476683937823834,0.28684942391736196
S3_contam_anchors,0.5,0.2,99,1317,0.06226271829916477,0.4906634882796981
S3_contam_anchors,0.7,0.05,0,0,0.0,0.0
S3_contam_anchors,0.7,0.1,0,188,0.1276595744680851,0.10882548108825481
S3_contam_anchors,0.7,0.15,0,577,0.11091854419410745,0.3404114134041141
S3_contam_anchors,0.7,0.2,0,791,0.10745891276864729,0.4684804246848042
S3_contam_anchors,0.7,0.05,1,0,0.0,0.0
S3_contam_anchors,0.7,0.1,1,0,0.0,0.0
S3_contam_anchors,0.7,0.15,1,404,0.09158415841584158,0.24049803407601572
S3_contam_anchors,0.7,0.2,1,719,0.09596662030598054,0.4259501965923984
S3_contam_anchors,0.7,0.05,2,0,0.0,0.0
S3_contam_anchors,0.7,0.1,2,406,0.08374384236453201,0.2532334921715453
S3_contam_anchors,0.7,0.15,2,676,0.08579881656804733,0.42069434989788973
S3_contam_anchors,0.7,0.2,2,856,0.0852803738317757,0.5330156569094622
S3_contam_anchors,0.7,0.05,3,0,0.0,0.0
S3_contam_anchors,0.7,0.1,3,170,0.11176470588235295,0.10286103542234333
S3_contam_anchors,0.7,0.15,3,508,0.09645669291338582,0.3126702997275204
S3_contam_anchors,0.7,0.2,3,705,0.10212765957446808,0.4311989100817439
S3_contam_anchors,0.7,0.05,4,1,0.0,0.0006680026720106881
S3_contam_anchors,0.7,0.1,4,1,0.0,0.0006680026720106881
S3_contam_anchors,0.7,0.15,4,1,0.0,0.0006680026720106881
S3_contam_anchors,0.7,0.2,4,471,0.12314225053078556,0.2758851035404142
S3_contam_anchors,0.7,0.05,5,0,0.0,0.0
S3_contam_anchors,0.7,0.1,5,0,0.0,0.0
S3_contam_anchors,0.7,0.15,5,325,0.09846153846153846,0.19507323568575233
S3_contam_anchors,0.7,0.2,5,668,0.10479041916167664,0.3981358189081225
S3_contam_anchors,0.7,0.05,6,0,0.0,0.0
S3_contam_anchors,0.7,0.1,6,0,0.0,0.0
S3_contam_anchors,0.7,0.15,6,0,0.0,0.0
S3_contam_anchors,0.7,0.2,6,575,0.11304347826086956,0.34274193548387094
S3_contam_anchors,0.7,0.05,7,0,0.0,0.0
S3_contam_anchors,0.7,0.1,7,0,0.0,0.0
S3_contam_anchors,0.7,0.15,7,504,0.11904761904761904,0.3062068965517241
S3_contam_anchors,0.7,0.2,7,710,0.11408450704225352,0.4337931034482759
S3_contam_anchors,0.7,0.05,8,0,0.0,0.0
S3_contam_anchors,0.7,0.1,8,0,0.0,0.0
S3_contam_anchors,0.7,0.15,8,341,0.1348973607038123,0.1954937044400265
S3_contam_anchors,0.7,0.2,8,679,0.11782032400589101,0.39695162359178265
S3_contam_anchors,0.7,0.05,9,0,0.0,0.0
S3_contam_anchors,0.7,0.1,9,0,0.0,0.0
S3_contam_anchors,0.7,0.15,9,259,0.11196911196911197,0.15091863517060367
S3_contam_anchors,0.7,0.2,9,649,0.10631741140215717,0.3805774278215223
S3_contam_anchors,0.7,0.05,10,0,0.0,0.0
S3_contam_anchors,0.7,0.1,10,0,0.0,0.0
S3_contam_anchors,0.7,0.15,10,445,0.0898876404494382,0.2689243027888446
S3_contam_anchors,0.7,0.2,10,691,0.09406657018813314,0.4156706507304117
S3_contam_anchors,0.7,0.05,11,0,0.0,0.0
S3_contam_anchors,0.7,0.1,11,0,0.0,0.0
S3_contam_anchors,0.7,0.15,11,468,0.10042735042735043,0.28293010752688175
S3_contam_anchors,0.7,0.2,11,697,0.10760401721664276,0.41801075268817206
S3_contam_anchors,0.7,0.05,12,0,0.0,0.0
S3_contam_anchors,0.7,0.1,12,0,0.0,0.0
S3_contam_anchors,0.7,0.15,12,565,0.11504424778761062,0.33921302578018997
S3_contam_anchors,0.7,0.2,12,786,0.11195928753180662,0.4735413839891452
S3_contam_anchors,0.7,0.05,13,0,0.0,0.0
S3_contam_anchors,0.7,0.1,13,0,0.0,0.0
S3_contam_anchors,0.7,0.15,13,268,0.1044776119402985,0.1568627450980392
S3_contam_anchors,0.7,0.2,13,616,0.1038961038961039,0.3607843137254902
S3_contam_anchors,0.7,0.05,14,5,0.0,0.003287310979618672
S3_contam_anchors,0.7,0.1,14,253,0.08695652173913043,0.15187376725838264
S3_contam_anchors,0.7,0.15,14,608,0.10855263157894737,0.35634451019066404
S3_contam_anchors,0.7,0.2,14,753,0.1102257636122178,0.44049967126890205
S3_contam_anchors,0.7,0.05,15,0,0.0,0.0
S3_contam_anchors,0.7,0.1,15,0,0.0,0.0
S3_contam_anchors,0.7,0.15,15,297,0.10437710437710437,0.17792642140468226
S3_contam_anchors,0.7,0.2,15,690,0.11014492753623188,0.4107023411371237
S3_contam_anchors,0.7,0.05,16,0,0.0,0.0
S3_contam_anchors,0.7,0.1,16,0,0.0,0.0
S3_contam_anchors,0.7,0.15,16,0,0.0,0.0
S3_contam_anchors,0.7,0.2,16,549,0.122040072859745,0.31689677843524
S3_contam_anchors,0.7,0.05,17,2,0.0,0.0013440860215053765
S3_contam_anchors,0.7,0.1,17,2,0.0,0.0013440860215053765
S3_contam_anchors,0.7,0.15,17,427,0.09836065573770492,0.25873655913978494
S3_contam_anchors,0.7,0.2,17,655,0.10381679389312977,0.39448924731182794
S3_contam_anchors,0.7,0.05,18,0,0.0,0.0
S3_contam_anchors,0.7,0.1,18,0,0.0,0.0
S3_contam_anchors,0.7,0.15,18,458,0.10480349344978165,0.27834351663272233
S3_contam_anchors,0.7,0.2,18,740,0.11486486486486487,0.44467073998642226
S3_contam_anchors,0.7,0.05,19,0,0.0,0.0
S3_contam_anchors,0.7,0.1,19,0,0.0,0.0
S3_contam_anchors,0.7,0.15,19,368,0.09782608695652174,0.2234185733512786
S3_contam_anchors,0.7,0.2,19,618,0.10355987055016182,0.3728129205921938
S3_contam_anchors,0.7,0.05,20,0,0.0,0.0
S3_contam_anchors,0.7,0.1,20,0,0.0,0.0
S3_contam_anchors,0.7,0.15,20,268,0.09701492537313433,0.16296296296296298
S3_contam_anchors,0.7,0.2,20,635,0.10551181102362205,0.3824915824915825
S3_contam_anchors,0.7,0.05,21,0,0.0,0.0
S3_contam_anchors,0.7,0.1,21,0,0.0,0.0
S3_contam_anchors,0.7,0.15,21,469,0.09594882729211088,0.2821024617431803
S3_contam_anchors,0.7,0.2,21,693,0.113997113997114,0.4085163007318696
S3_contam_anchors,0.7,0.05,22,0,0.0,0.0
S3_contam_anchors,0.7,0.1,22,0,0.0,0.0
S3_contam_anchors,0.7,0.15,22,0,0.0,0.0
S3_contam_anchors,0.7,0.2,22,673,0.11589895988112928,0.389652914210871
S3_contam_anchors,0.7,0.05,23,0,0.0,0.0
S3_contam_anchors,0.7,0.1,23,0,0.0,0.0
S3_contam_anchors,0.7,0.15,23,342,0.11403508771929824,0.20066225165562915
S3_contam_anchors,0.7,0.2,23,658,0.10030395136778116,0.3920529801324503
S3_contam_anchors,0.7,0.05,24,0,0.0,0.0
S3_contam_anchors,0.7,0.1,24,3,0.0,0.0020174848688634837
S3_contam_anchors,0.7,0.15,24,564,0.09219858156028368,0.34431741761936785
S3_contam_anchors,0.7,0.2,24,751,0.09587217043941411,0.4566240753194351
S3_contam_anchors,0.7,0.05,25,0,0.0,0.0
S3_contam_anchors,0.7,0.1,25,0,0.0,0.0
S3_contam_anchors,0.7,0.15,25,471,0.10615711252653928,0.2825503355704698
S3_contam_anchors,0.7,0.2,25,685,0.10218978102189781,0.412751677852349
S3_contam_anchors,0.7,0.05,26,0,0.0,0.0
S3_contam_anchors,0.7,0.1,26,0,0.0,0.0
S3_contam_anchors,0.7,0.15,26,0,0.0,0.0
S3_contam_anchors,0.7,0.2,26,524,0.13549618320610687,0.3081632653061224
S3_contam_anchors,0.7,0.05,27,0,0.0,0.0
S3_contam_anchors,0.7,0.1,27,0,0.0,0.0
S3_contam_anchors,0.7,0.15,27,394,0.1319796954314721,0.2361878453038674
S3_contam_anchors,0.7,0.2,27,741,0.11470985155195682,0.4530386740331492
S3_contam_anchors,0.7,0.05,28,0,0.0,0.0
S3_contam_anchors,0.7,0.1,28,53,0.07547169811320754,0.03295225285810356
S3_contam_anchors,0.7,0.15,28,535,0.08971962616822429,0.32750504371217215
S3_contam_anchors,0.7,0.2,28,695,0.09496402877697842,0.4229993275050437
S3_contam_anchors,0.7,0.05,29,3,0.0,0.001989389920424403
S3_contam_anchors,0.7,0.1,29,5,0.0,0.0033156498673740055
S3_contam_anchors,0.7,0.15,29,529,0.10775047258979206,0.3129973474801061
S3_contam_anchors,0.7,0.2,29,710,0.11126760563380282,0.41843501326259946
S3_contam_anchors,0.7,0.05,30,0,0.0,0.0
S3_contam_anchors,0.7,0.1,30,0,0.0,0.0
S3_contam_anchors,0.7,0.15,30,407,0.09090909090909091,0.2496626180836707
S3_contam_anchors,0.7,0.2,30,656,0.10060975609756098,0.398110661268556
S3_contam_anchors,0.7,0.05,31,0,0.0,0.0
S3_contam_anchors,0.7,0.1,31,0,0.0,0.0
S3_contam_anchors,0.7,0.15,31,419,0.10978520286396182,0.24983255190890824
S3_contam_anchors,0.7,0.2,31,743,0.11305518169582772,0.4413931681178835
S3_contam_anchors,0.7,0.05,32,3,0.0,0.001953125
S3_contam_anchors,0.7,0.1,32,3,0.0,0.001953125
S3_contam_anchors,0.7,0.15,32,390,0.11282051282051282,0.22526041666666666
S3_contam_anchors,0.7,0.2,32,695,0.11079136690647481,0.40234375
S3_contam_anchors,0.7,0.05,33,0,0.0,0.0
S3_contam_anchors,0.7,0.1,33,112,0.07142857142857142,0.07022282241728561
S3_contam_anchors,0.7,0.15,33,596,0.10570469798657718,0.35989196488858877
S3_contam_anchors,0.7,0.2,33,777,0.0990990990990991,0.4726536124240378
S3_contam_anchors,0.7,0.05,34,0,0.0,0.0
S3_contam_anchors,0.7,0.1,34,2,0.0,0.001336898395721925
S3_contam_anchors,0.7,0.15,34,619,0.08562197092084006,0.3783422459893048
S3_contam_anchors,0.7,0.2,34,833,0.0936374549819928,0.5046791443850267
S3_contam_anchors,0.7,0.05,35,0,0.0,0.0
S3_contam_anchors,0.7,0.1,35,0,0.0,0.0
S3_contam_anchors,0.7,0.15,35,421,0.09501187648456057,0.2498360655737705
S3_contam_anchors,0.7,0.2,35,703,0.10241820768136557,0.4137704918032787
S3_contam_anchors,0.7,0.05,36,0,0.0,0.0
S3_contam_anchors,0.7,0.1,36,265,0.09433962264150944,0.16172506738544473
S3_contam_anchors,0.7,0.15,36,635,0.10078740157480315,0.38477088948787064
S3_contam_anchors,0.7,0.2,36,821,0.10353227771010962,0.49595687331536387
S3_contam_anchors,0.7,0.05,37,1,0.0,0.0006734006734006734
S3_contam_anchors,0.7,0.1,37,343,0.10787172011661808,0.20606060606060606
S3_contam_anchors,0.7,0.15,37,639,0.08763693270735524,0.3925925925925926
S3_contam_anchors,0.7,0.2,37,835,0.08982035928143713,0.5117845117845118
S3_contam_anchors,0.7,0.05,38,0,0.0,0.0
S3_contam_anchors,0.7,0.1,38,212,0.10377358490566038,0.12210796915167095
S3_contam_anchors,0.7,0.15,38,693,0.08513708513708514,0.4074550128534704
S3_contam_anchors,0.7,0.2,38,880,0.08522727272727272,0.5173521850899743
S3_contam_anchors,0.7,0.05,39,0,0.0,0.0
S3_contam_anchors,0.7,0.1,39,2,0.0,0.0013440860215053765
S3_contam_anchors,0.7,0.15,39,407,0.08845208845208845,0.2493279569892473
S3_contam_anchors,0.7,0.2,39,651,0.09370199692780339,0.396505376344086
S3_contam_anchors,0.7,0.05,40,0,0.0,0.0
S3_contam_anchors,0.7,0.1,40,180,0.1111111111111111,0.10575016523463318
S3_contam_anchors,0.7,0.15,40,561,0.0873440285204991,0.33840052875082616
S3_contam_anchors,0.7,0.2,40,733,0.0927694406548431,0.43952412425644416
S3_contam_anchors,0.7,0.05,41,0,0.0,0.0
S3_contam_anchors,0.7,0.1,41,0,0.0,0.0
S3_contam_anchors,0.7,0.15,41,333,0.12312312312312312,0.19663299663299663
S3_contam_anchors,0.7,0.2,41,643,0.1104199066874028,0.3851851851851852
S3_contam_anchors,0.7,0.05,42,0,0.0,0.0
S3_contam_anchors,0.7,0.1,42,0,0.0,0.0
S3_contam_anchors,0.7,0.15,42,505,0.09702970297029703,0.30278884462151395
S3_contam_anchors,0.7,0.2,42,696,0.10201149425287356,0.4150066401062417
S3_contam_anchors,0.7,0.05,43,0,0.0,0.0
S3_contam_anchors,0.7,0.1,43,0,0.0,0.0
S3_contam_anchors,0.7,0.15,43,478,0.100418410041841,0.2901484480431849
S3_contam_anchors,0.7,0.2,43,751,0.1051930758988016,0.4534412955465587
S3_contam_anchors,0.7,0.05,44,0,0.0,0.0
S3_contam_anchors,0.7,0.1,44,0,0.0,0.0
S3_contam_anchors,0.7,0.15,44,540,0.09814814814814815,0.32251655629139075
S3_contam_anchors,0.7,0.2,44,762,0.09448818897637795,0.45695364238410596
S3_contam_anchors,0.7,0.05,45,0,0.0,0.0
S3_contam_anchors,0.7,0.1,45,0,0.0,0.0
S3_contam_anchors,0.7,0.15,45,166,0.12048192771084337,0.09505208333333333
S3_contam_anchors,0.7,0.2,45,514,0.10700389105058365,0.298828125
S3_contam_anchors,0.7,0.05,46,0,0.0,0.0
S3_contam_anchors,0.7,0.1,46,0,0.0,0.0
S3_contam_anchors,0.7,0.15,46,349,0.1346704871060172,0.20741758241758243
S3_contam_anchors,0.7,0.2,46,642,0.12305295950155763,0.3866758241758242
S3_contam_anchors,0.7,0.05,47,0,0.0,0.0
S3_contam_anchors,0.7,0.1,47,66,0.07575757575757576,0.040105193951347796
S3_contam_anchors,0.7,0.15,47,545,0.08623853211009175,0.32741617357001973
S3_contam_anchors,0.7,0.2,47,772,0.09326424870466321,0.46022353714661407
S3_contam_anchors,0.7,0.05,48,0,0.0,0.0
S3_contam_anchors,0.7,0.1,48,0,0.0,0.0
S3_contam_anchors,0.7,0.15,48,249,0.11646586345381527,0.14705882352941177
S3_contam_anchors,0.7,0.2,48,657,0.1156773211567732,0.38836898395721925
S3_contam_anchors,0.7,0.05,49,0,0.0,0.0
S3_contam_anchors,0.7,0.1,49,0,0.0,0.0
S3_contam_anchors,0.7,0.15,49,0,0.0,0.0
S3_contam_anchors,0.7,0.2,49,0,0.0,0.0
S3_contam_anchors,0.7,0.05,50,0,0.0,0.0
S3_contam_anchors,0.7,0.1,50,0,0.0,0.0
S3_contam_anchors,0.7,0.15,50,0,0.0,0.0
S3_contam_anchors,0.7,0.2,50,645,0.11162790697674418,0.38379102478231747
S3_contam_anchors,0.7,0.05,51,0,0.0,0.0
S3_contam_anchors,0.7,0.1,51,0,0.0,0.0
S3_contam_anchors,0.7,0.15,51,551,0.08348457350272233,0.32749675745784695
S3_contam_anchors,0.7,0.2,51,774,0.082687338501292,0.4604409857328145
S3_contam_anchors,0.7,0.05,52,0,0.0,0.0
S3_contam_anchors,0.7,0.1,52,88,0.06818181818181818,0.0548494983277592
S3_contam_anchors,0.7,0.15,52,504,0.0873015873015873,0.3076923076923077
S3_contam_anchors,0.7,0.2,52,703,0.08677098150782361,0.4294314381270903
S3_contam_anchors,0.7,0.05,53,0,0.0,0.0
S3_contam_anchors,0.7,0.1,53,0,0.0,0.0
S3_contam_anchors,0.7,0.15,53,590,0.08644067796610169,0.3581395348837209
S3_contam_anchors,0.7,0.2,53,792,0.09722222222222222,0.4750830564784053
S3_contam_anchors,0.7,0.05,54,0,0.0,0.0
S3_contam_anchors,0.7,0.1,54,0,0.0,0.0
S3_contam_anchors,0.7,0.15,54,437,0.10526315789473684,0.26472579553148273
S3_contam_anchors,0.7,0.2,54,696,0.10632183908045977,0.4211238997968856
S3_contam_anchors,0.7,0.05,55,0,0.0,0.0
S3_contam_anchors,0.7,0.1,55,180,0.1,0.1111111111111111
S3_contam_anchors,0.7,0.15,55,494,0.0951417004048583,0.3065843621399177
S3_contam_anchors,0.7,0.2,55,718,0.10724233983286909,0.4396433470507545
S3_contam_anchors,0.7,0.05,56,0,0.0,0.0
S3_contam_anchors,0.7,0.1,56,0,0.0,0.0
S3_contam_anchors,0.7,0.15,56,436,0.09174311926605505,0.2613861386138614
S3_contam_anchors,0.7,0.2,56,674,0.09940652818991098,0.40066006600660065
S3_contam_anchors,0.7,0.05,57,0,0.0,0.0
S3_contam_anchors,0.7,0.1,57,0,0.0,0.0
S3_contam_anchors,0.7,0.15,57,363,0.09090909090909091,0.22571819425444598
S3_contam_anchors,0.7,0.2,57,670,0.10298507462686567,0.4110807113543092
S3_contam_anchors,0.7,0.05,58,0,0.0,0.0
S3_contam_anchors,0.7,0.1,58,212,0.09905660377358491,0.12699468085106383
S3_contam_anchors,0.7,0.15,58,527,0.10815939278937381,0.3125
S3_contam_anchors,0.7,0.2,58,710,0.10140845070422536,0.4242021276595745
S3_contam_anchors,0.7,0.05,59,0,0.0,0.0
S3_contam_anchors,0.7,0.1,59,0,0.0,0.0
S3_contam_anchors,0.7,0.15,59,463,0.09935205183585313,0.27781479013990673
S3_contam_anchors,0.7,0.2,59,685,0.10218978102189781,0.4097268487674883
S3_contam_anchors,0.7,0.05,60,0,0.0,0.0
S3_contam_anchors,0.7,0.1,60,0,0.0,0.0
S3_contam_anchors,0.7,0.15,60,0,0.0,0.0
S3_contam_anchors,0.7,0.2,60,430,0.11627906976744186,0.247074122236671
S3_contam_anchors,0.7,0.05,61,0,0.0,0.0
S3_contam_anchors,0.7,0.1,61,4,0.25,0.002006688963210702
S3_contam_anchors,0.7,0.15,61,544,0.10294117647058823,0.32642140468227426
S3_contam_anchors,0.7,0.2,61,761,0.10249671484888305,0.4568561872909699
S3_contam_anchors,0.7,0.05,62,0,0.0,0.0
S3_contam_anchors,0.7,0.1,62,0,0.0,0.0
S3_contam_anchors,0.7,0.15,62,0,0.0,0.0
S3_contam_anchors,0.7,0.2,62,503,0.10934393638170974,0.30414120841819414
S3_contam_anchors,0.7,0.05,63,0,0.0,0.0
S3_contam_anchors,0.7,0.1,63,0,0.0,0.0
S3_contam_anchors,0.7,0.15,63,0,0.0,0.0
S3_contam_anchors,0.7,0.2,63,566,0.11837455830388692,0.3378469871360867
S3_contam_anchors,0.7,0.05,64,0,0.0,0.0
S3_contam_anchors,0.7,0.1,64,0,0.0,0.0
S3_contam_anchors,0.7,0.15,64,0,0.0,0.0
S3_contam_anchors,0.7,0.2,64,618,0.11650485436893204,0.36254980079681276
S3_contam_anchors,0.7,0.05,65,0,0.0,0.0
S3_contam_anchors,0.7,0.1,65,0,0.0,0.0
S3_contam_anchors,0.7,0.15,65,485,0.10309278350515463,0.2967257844474761
S3_contam_anchors,0.7,0.2,65,671,0.10134128166915052,0.41132332878581174
S3_contam_anchors,0.7,0.05,66,0,0.0,0.0
S3_contam_anchors,0.7,0.1,66,0,0.0,0.0
S3_contam_anchors,0.7,0.15,66,563,0.08880994671403197,0.3344198174706649
S3_contam_anchors,0.7,0.2,66,797,0.09159347553324969,0.47196870925684486
S3_contam_anchors,0.7,0.05,67,0,0.0,0.0
S3_contam_anchors,0.7,0.1,67,0,0.0,0.0
S3_contam_anchors,0.7,0.15,67,0,0.0,0.0
S3_contam_anchors,0.7,0.2,67,508,0.11614173228346457,0.2926988265971317
S3_contam_anchors,0.7,0.05,68,0,0.0,0.0
S3_contam_anchors,0.7,0.1,68,329,0.11854103343465046,0.19476158495634655
S3_contam_anchors,0.7,0.15,68,627,0.11642743221690591,0.37206178643384824
S3_contam_anchors,0.7,0.2,68,795,0.10566037735849057,0.47750167897918067
S3_contam_anchors,0.7,0.05,69,0,0.0,0.0
S3_contam_anchors,0.7,0.1,69,0,0.0,0.0
S3_contam_anchors,0.7,0.15,69,0,0.0,0.0
S3_contam_anchors,0.7,0.2,69,458,0.1091703056768559,0.27218145430286855
S3_contam_anchors,0.7,0.05,70,0,0.0,0.0
S3_contam_anchors,0.7,0.1,70,0,0.0,0.0
S3_contam_anchors,0.7,0.15,70,458,0.11572052401746726,0.2742044685172647
S3_contam_anchors,0.7,0.2,70,666,0.11261261261261261,0.4001354096140826
S3_contam_anchors,0.7,0.05,71,0,0.0,0.0
S3_contam_anchors,0.7,0.1,71,149,0.04697986577181208,0.09161290322580645
S3_contam_anchors,0.7,0.15,71,618,0.09546925566343042,0.3606451612903226
S3_contam_anchors,0.7,0.2,71,802,0.09226932668329177,0.4696774193548387
S3_contam_anchors,0.7,0.05,72,0,0.0,0.0
S3_contam_anchors,0.7,0.1,72,0,0.0,0.0
S3_contam_anchors,0.7,0.15,72,516,0.09302325581395349,0.30708661417322836
S3_contam_anchors,0.7,0.2,72,805,0.09316770186335403,0.479002624671916
S3_contam_anchors,0.7,0.05,73,0,0.0,0.0
S3_contam_anchors,0.7,0.1,73,0,0.0,0.0
S3_contam_anchors,0.7,0.15,73,526,0.10456273764258556,0.30465717981888746
S3_contam_anchors,0.7,0.2,73,772,0.10362694300518134,0.4476067270375162
S3_contam_anchors,0.7,0.05,74,0,0.0,0.0
S3_contam_anchors,0.7,0.1,74,337,0.09792284866468842,0.20638153428377462
S3_contam_anchors,0.7,0.15,74,650,0.10307692307692308,0.3957909029192125
S3_contam_anchors,0.7,0.2,74,845,0.10532544378698225,0.5132382892057027
S3_contam_anchors,0.7,0.05,75,0,0.0,0.0
S3_contam_anchors,0.7,0.1,75,74,0.06756756756756757,0.04640215198386012
S3_contam_anchors,0.7,0.15,75,506,0.10276679841897234,0.3053127101546738
S3_contam_anchors,0.7,0.2,75,770,0.1038961038961039,0.46402151983860124
S3_contam_anchors,0.7,0.05,76,0,0.0,0.0
S3_contam_anchors,0.7,0.1,76,0,0.0,0.0
S3_contam_anchors,0.7,0.15,76,402,0.0945273631840796,0.2383759004584152
S3_contam_anchors,0.7,0.2,76,676,0.09319526627218935,0.4014407334643091
S3_contam_anchors,0.7,0.05,77,0,0.0,0.0
S3_contam_anchors,0.7,0.1,77,0,0.0,0.0
S3_contam_anchors,0.7,0.15,77,261,0.12260536398467432,0.15145502645502645
S3_contam_anchors,0.7,0.2,77,617,0.11507293354943274,0.3611111111111111
S3_contam_anchors,0.7,0.05,78,0,0.0,0.0
S3_contam_anchors,0.7,0.1,78,384,0.08072916666666667,0.22892347600518806
S3_contam_anchors,0.7,0.15,78,655,0.08854961832061069,0.38715953307393
S3_contam_anchors,0.7,0.2,78,813,0.0971709717097171,0.47600518806744485
S3_contam_anchors,0.7,0.05,79,0,0.0,0.0
S3_contam_anchors,0.7,0.1,79,0,0.0,0.0
S3_contam_anchors,0.7,0.15,79,158,0.1518987341772152,0.08844884488448845
S3_contam_anchors,0.7,0.2,79,597,0.12227805695142378,0.3458745874587459
S3_contam_anchors,0.7,0.05,80,0,0.0,0.0
S3_contam_anchors,0.7,0.1,80,74,0.06756756756756757,0.046122994652406414
S3_contam_anchors,0.7,0.15,80,553,0.08318264014466546,0.33890374331550804
S3_contam_anchors,0.7,0.2,80,759,0.09486166007905138,0.4592245989304813
S3_contam_anchors,0.7,0.05,81,0,0.0,0.0
S3_contam_anchors,0.7,0.1,81,0,0.0,0.0
S3_contam_anchors,0.7,0.15,81,448,0.12053571428571429,0.2600660066006601
S3_contam_anchors,0.7,0.2,81,732,0.12021857923497267,0.4250825082508251
S3_contam_anchors,0.7,0.05,82,0,0.0,0.0
S3_contam_anchors,0.7,0.1,82,0,0.0,0.0
S3_contam_anchors,0.7,0.15,82,0,0.0,0.0
S3_contam_anchors,0.7,0.2,82,515,0.1203883495145631,0.31480194579569143
S3_contam_anchors,0.7,0.05,83,0,0.0,0.0
S3_contam_anchors,0.7,0.1,83,0,0.0,0.0
S3_contam_anchors,0.7,0.15,83,430,0.10465116279069768,0.25496688741721857
S3_contam_anchors,0.7,0.2,83,699,0.1072961373390558,0.41324503311258276
S3_contam_anchors,0.7,0.05,84,0,0.0,0.0
S3_contam_anchors,0.7,0.1,84,0,0.0,0.0
S3_contam_anchors,0.7,0.15,84,0,0.0,0.0
S3_contam_anchors,0.7,0.2,84,616,0.10064935064935066,0.36209150326797385
S3_contam_anchors,0.7,0.05,85,0,0.0,0.0
S3_contam_anchors,0.7,0.1,85,0,0.0,0.0
S3_contam_anchors,0.7,0.15,85,274,0.10583941605839416,0.16279069767441862
S3_contam_anchors,0.7,0.2,85,643,0.104199066874028,0.38272425249169434
S3_contam_anchors,0.7,0.05,86,0,0.0,0.0
S3_contam_anchors,0.7,0.1,86,0,0.0,0.0
S3_contam_anchors,0.7,0.15,86,520,0.09807692307692308,0.3019961365099807
S3_contam_anchors,0.7,0.2,86,790,0.10759493670886076,0.45396007726980037
S3_contam_anchors,0.7,0.05,87,0,0.0,0.0
S3_contam_anchors,0.7,0.1,87,0,0.0,0.0
S3_contam_anchors,0.7,0.15,87,568,0.0897887323943662,0.33162283515073765
S3_contam_anchors,0.7,0.2,87,805,0.0906832298136646,0.46953175112251444
S3_contam_anchors,0.7,0.05,88,0,0.0,0.0
S3_contam_anchors,0.7,0.1,88,0,0.0,0.0
S3_contam_anchors,0.7,0.15,88,497,0.10663983903420524,0.29210526315789476
S3_contam_anchors,0.7,0.2,88,738,0.1002710027100271,0.4368421052631579
S3_contam_anchors,0.7,0.05,89,0,0.0,0.0
S3_contam_anchors,0.7,0.1,89,0,0.0,0.0
S3_contam_anchors,0.7,0.15,89,527,0.08918406072106262,0.31413612565445026
S3_contam_anchors,0.7,0.2,89,766,0.09138381201044386,0.45549738219895286
S3_contam_anchors,0.7,0.05,90,0,0.0,0.0
S3_contam_anchors,0.7,0.1,90,0,0.0,0.0
S3_contam_anchors,0.7,0.15,90,562,0.11743772241992882,0.3243950294310007
S3_contam_anchors,0.7,0.2,90,803,0.12079701120797011,0.4617396991497711
S3_contam_anchors,0.7,0.05,91,0,0.0,0.0
S3_contam_anchors,0.7,0.1,91,1,1.0,0.0
S3_contam_anchors,0.7,0.15,91,333,0.12912912912912913,0.19091507570770244
S3_contam_anchors,0.7,0.2,91,664,0.11746987951807229,0.3857801184990125
S3_contam_anchors,0.7,0.05,92,0,0.0,0.0
S3_contam_anchors,0.7,0.1,92,0,0.0,0.0
S3_contam_anchors,0.7,0.15,92,0,0.0,0.0
S3_contam_anchors,0.7,0.2,92,645,0.11317829457364341,0.3891156462585034
S3_contam_anchors,0.7,0.05,93,0,0.0,0.0
S3_contam_anchors,0.7,0.1,93,0,0.0,0.0
S3_contam_anchors,0.7,0.15,93,245,0.10612244897959183,0.14807302231237324
S3_contam_anchors,0.7,0.2,93,655,0.10381679389312977,0.3968897903989182
S3_contam_anchors,0.7,0.05,94,2,0.5,0.0006858710562414266
S3_contam_anchors,0.7,0.1,94,434,0.1313364055299539,0.25857338820301784
S3_contam_anchors,0.7,0.15,94,672,0.11011904761904762,0.4101508916323731
S3_contam_anchors,0.7,0.2,94,825,0.10303030303030303,0.5075445816186557
S3_contam_anchors,0.7,0.05,95,0,0.0,0.0
S3_contam_anchors,0.7,0.1,95,0,0.0,0.0
S3_contam_anchors,0.7,0.15,95,0,0.0,0.0
S3_contam_anchors,0.7,0.2,95,599,0.1285475792988314,0.35802469135802467
S3_contam_anchors,0.7,0.05,96,0,0.0,0.0
S3_contam_anchors,0.7,0.1,96,0,0.0,0.0
S3_contam_anchors,0.7,0.15,96,313,0.134185303514377,0.18006644518272424
S3_contam_anchors,0.7,0.2,96,639,0.10641627543035993,0.37940199335548175
S3_contam_anchors,0.7,0.05,97,0,0.0,0.0
S3_contam_anchors,0.7,0.1,97,250,0.1,0.15442690459849004
S3_contam_anchors,0.7,0.15,97,515,0.11262135922330097,0.31365820178448867
S3_contam_anchors,0.7,0.2,97,761,0.1038107752956636,0.46808510638297873
S3_contam_anchors,0.7,0.05,98,0,0.0,0.0
S3_contam_anchors,0.7,0.1,98,0,0.0,0.0
S3_contam_anchors,0.7,0.15,98,0,0.0,0.0
S3_contam_anchors,0.7,0.2,98,534,0.12921348314606743,0.31461434370771313
S3_contam_anchors,0.7,0.05,99,0,0.0,0.0
S3_contam_anchors,0.7,0.1,99,0,0.0,0.0
S3_contam_anchors,0.7,0.15,99,0,0.0,0.0
S3_contam_anchors,0.7,0.2,99,481,0.13513513513513514,0.2773333333333333
S3_contam_anchors,0.9,0.05,0,0,0.0,0.0
S3_contam_anchors,0.9,0.1,0,0,0.0,0.0
S3_contam_anchors,0.9,0.15,0,0,0.0,0.0
S3_contam_anchors,0.9,0.2,0,0,0.0,0.0
S3_contam_anchors,0.9,0.05,1,0,0.0,0.0
S3_contam_anchors,0.9,0.1,1,0,0.0,0.0
S3_contam_anchors,0.9,0.15,1,0,0.0,0.0
S3_contam_anchors,0.9,0.2,1,0,0.0,0.0
S3_contam_anchors,0.9,0.05,2,0,0.0,0.0
S3_contam_anchors,0.9,0.1,2,0,0.0,0.0
S3_contam_anchors,0.9,0.15,2,0,0.0,0.0
S3_contam_anchors,0.9,0.2,2,39,0.3333333333333333,0.051181102362204724
S3_contam_anchors,0.9,0.05,3,0,0.0,0.0
S3_contam_anchors,0.9,0.1,3,0,0.0,0.0
S3_contam_anchors,0.9,0.15,3,0,0.0,0.0
S3_contam_anchors,0.9,0.2,3,28,0.2857142857142857,0.041407867494824016
S3_contam_anchors,0.9,0.05,4,0,0.0,0.0
S3_contam_anchors,0.9,0.1,4,0,0.0,0.0
S3_contam_anchors,0.9,0.15,4,0,0.0,0.0
S3_contam_anchors,0.9,0.2,4,0,0.0,0.0
S3_contam_anchors,0.9,0.05,5,0,0.0,0.0
S3_contam_anchors,0.9,0.1,5,0,0.0,0.0
S3_contam_anchors,0.9,0.15,5,0,0.0,0.0
S3_contam_anchors,0.9,0.2,5,0,0.0,0.0
S3_contam_anchors,0.9,0.05,6,0,0.0,0.0
S3_contam_anchors,0.9,0.1,6,0,0.0,0.0
S3_contam_anchors,0.9,0.15,6,0,0.0,0.0
S3_contam_anchors,0.9,0.2,6,0,0.0,0.0
S3_contam_anchors,0.9,0.05,7,0,0.0,0.0
S3_contam_anchors,0.9,0.1,7,0,0.0,0.0
S3_contam_anchors,0.9,0.15,7,0,0.0,0.0
S3_contam_anchors,0.9,0.2,7,0,0.0,0.0
S3_contam_anchors,0.9,0.05,8,0,0.0,0.0
S3_contam_anchors,0.9,0.1,8,0,0.0,0.0
S3_contam_anchors,0.9,0.15,8,0,0.0,0.0
S3_contam_anchors,0.9,0.2,8,0,0.0,0.0
S3_contam_anchors,0.9,0.05,9,0,0.0,0.0
S3_contam_anchors,0.9,0.1,9,0,0.0,0.0
S3_contam_anchors,0.9,0.15,9,0,0.0,0.0
S3_contam_anchors,0.9,0.2,9,0,0.0,0.0
S3_contam_anchors,0.9,0.05,10,0,0.0,0.0
S3_contam_anchors,0.9,0.1,10,0,0.0,0.0
S3_contam_anchors,0.9,0.15,10,0,0.0,0.0
S3_contam_anchors,0.9,0.2,10,0,0.0,0.0
S3_contam_anchors,0.9,0.05,11,0,0.0,0.0
S3_contam_anchors,0.9,0.1,11,0,0.0,0.0
S3_contam_anchors,0.9,0.15,11,0,0.0,0.0
S3_contam_anchors,0.9,0.2,11,0,0.0,0.0
S3_contam_anchors,0.9,0.05,12,0,0.0,0.0
S3_contam_anchors,0.9,0.1,12,0,0.0,0.0
S3_contam_anchors,0.9,0.15,12,0,0.0,0.0
S3_contam_anchors,0.9,0.2,12,0,0.0,0.0
S3_contam_anchors,0.9,0.05,13,0,0.0,0.0
S3_contam_anchors,0.9,0.1,13,0,0.0,0.0
S3_contam_anchors,0.9,0.15,13,0,0.0,0.0
S3_contam_anchors,0.9,0.2,13,0,0.0,0.0
S3_contam_anchors,0.9,0.05,14,0,0.0,0.0
S3_contam_anchors,0.9,0.1,14,5,0.0,0.009380863039399626
S3_contam_anchors,0.9,0.15,14,41,0.21951219512195122,0.0600375234521576
S3_contam_anchors,0.9,0.2,14,104,0.2692307692307692,0.1425891181988743
S3_contam_anchors,0.9,0.05,15,0,0.0,0.0
S3_contam_anchors,0.9,0.1,15,0,0.0,0.0
S3_contam_anchors,0.9,0.15,15,0,0.0,0.0
S3_contam_anchors,0.9,0.2,15,0,0.0,0.0
S3_contam_anchors,0.9,0.05,16,0,0.0,0.0
S3_contam_anchors,0.9,0.1,16,0,0.0,0.0
S3_contam_anchors,0.9,0.15,16,0,0.0,0.0
S3_contam_anchors,0.9,0.2,16,0,0.0,0.0
S3_contam_anchors,0.9,0.05,17,0,0.0,0.0
S3_contam_anchors,0.9,0.1,17,0,0.0,0.0
S3_contam_anchors,0.9,0.15,17,0,0.0,0.0
S3_contam_anchors,0.9,0.2,17,0,0.0,0.0
S3_contam_anchors,0.9,0.05,18,0,0.0,0.0
S3_contam_anchors,0.9,0.1,18,0,0.0,0.0
S3_contam_anchors,0.9,0.15,18,2,0.0,0.004338394793926247
S3_contam_anchors,0.9,0.2,18,2,0.0,0.004338394793926247
S3_contam_anchors,0.9,0.05,19,0,0.0,0.0
S3_contam_anchors,0.9,0.1,19,0,0.0,0.0
S3_contam_anchors,0.9,0.15,19,0,0.0,0.0
S3_contam_anchors,0.9,0.2,19,0,0.0,0.0
S3_contam_anchors,0.9,0.05,20,0,0.0,0.0
S3_contam_anchors,0.9,0.1,20,0,0.0,0.0
S3_contam_anchors,0.9,0.15,20,0,0.0,0.0
S3_contam_anchors,0.9,0.2,20,0,0.0,0.0
S3_contam_anchors,0.9,0.05,21,0,0.0,0.0
S3_contam_anchors,0.9,0.1,21,0,0.0,0.0
S3_contam_anchors,0.9,0.15,21,0,0.0,0.0
S3_contam_anchors,0.9,0.2,21,0,0.0,0.0
S3_contam_anchors,0.9,0.05,22,0,0.0,0.0
S3_contam_anchors,0.9,0.1,22,0,0.0,0.0
S3_contam_anchors,0.9,0.15,22,0,0.0,0.0
S3_contam_anchors,0.9,0.2,22,0,0.0,0.0
S3_contam_anchors,0.9,0.05,23,0,0.0,0.0
S3_contam_anchors,0.9,0.1,23,0,0.0,0.0
S3_contam_anchors,0.9,0.15,23,0,0.0,0.0
S3_contam_anchors,0.9,0.2,23,0,0.0,0.0
S3_contam_anchors,0.9,0.05,24,0,0.0,0.0
S3_contam_anchors,0.9,0.1,24,0,0.0,0.0
S3_contam_anchors,0.9,0.15,24,0,0.0,0.0
S3_contam_anchors,0.9,0.2,24,0,0.0,0.0
S3_contam_anchors,0.9,0.05,25,0,0.0,0.0
S3_contam_anchors,0.9,0.1,25,0,0.0,0.0
S3_contam_anchors,0.9,0.15,25,0,0.0,0.0
S3_contam_anchors,0.9,0.2,25,2,0.0,0.004073319755600814
S3_contam_anchors,0.9,0.05,26,0,0.0,0.0
S3_contam_anchors,0.9,0.1,26,0,0.0,0.0
S3_contam_anchors,0.9,0.15,26,0,0.0,0.0
S3_contam_anchors,0.9,0.2,26,0,0.0,0.0
S3_contam_anchors,0.9,0.05,27,0,0.0,0.0
S3_contam_anchors,0.9,0.1,27,0,0.0,0.0
S3_contam_anchors,0.9,0.15,27,0,0.0,0.0
S3_contam_anchors,0.9,0.2,27,0,0.0,0.0
S3_contam_anchors,0.9,0.05,28,0,0.0,0.0
S3_contam_anchors,0.9,0.1,28,0,0.0,0.0
S3_contam_anchors,0.9,0.15,28,0,0.0,0.0
S3_contam_anchors,0.9,0.2,28,0,0.0,0.0
S3_contam_anchors,0.9,0.05,29,0,0.0,0.0
S3_contam_anchors,0.9,0.1,29,0,0.0,0.0
S3_contam_anchors,0.9,0.15,29,0,0.0,0.0
S3_contam_anchors,0.9,0.2,29,0,0.0,0.0
S3_contam_anchors,0.9,0.05,30,0,0.0,0.0
S3_contam_anchors,0.9,0.1,30,0,0.0,0.0
S3_contam_anchors,0.9,0.15,30,0,0.0,0.0
S3_contam_anchors,0.9,0.2,30,0,0.0,0.0
S3_contam_anchors,0.9,0.05,31,0,0.0,0.0
S3_contam_anchors,0.9,0.1,31,0,0.0,0.0
S3_contam_anchors,0.9,0.15,31,0,0.0,0.0
S3_contam_anchors,0.9,0.2,31,0,0.0,0.0
S3_contam_anchors,0.9,0.05,32,0,0.0,0.0
S3_contam_anchors,0.9,0.1,32,0,0.0,0.0
S3_contam_anchors,0.9,0.15,32,0,0.0,0.0
S3_contam_anchors,0.9,0.2,32,0,0.0,0.0
S3_contam_anchors,0.9,0.05,33,0,0.0,0.0
S3_contam_anchors,0.9,0.1,33,0,0.0,0.0
S3_contam_anchors,0.9,0.15,33,0,0.0,0.0
S3_contam_anchors,0.9,0.2,33,2,0.0,0.003683241252302026
S3_contam_anchors,0.9,0.05,34,0,0.0,0.0
S3_contam_anchors,0.9,0.1,34,0,0.0,0.0
S3_contam_anchors,0.9,0.15,34,0,0.0,0.0
S3_contam_anchors,0.9,0.2,34,0,0.0,0.0
S3_contam_anchors,0.9,0.05,35,0,0.0,0.0
S3_contam_anchors,0.9,0.1,35,0,0.0,0.0
S3_contam_anchors,0.9,0.15,35,0,0.0,0.0
S3_contam_anchors,0.9,0.2,35,4,0.25,0.006012024048096192
S3_contam_anchors,0.9,0.05,36,0,0.0,0.0
S3_contam_anchors,0.9,0.1,36,0,0.0,0.0
S3_contam_anchors,0.9,0.15,36,26,0.2692307692307692,0.03747534516765286
S3_contam_anchors,0.9,0.2,36,76,0.25,0.11242603550295859
S3_contam_anchors,0.9,0.05,37,0,0.0,0.0
S3_contam_anchors,0.9,0.1,37,0,0.0,0.0
S3_contam_anchors,0.9,0.15,37,0,0.0,0.0
S3_contam_anchors,0.9,0.2,37,0,0.0,0.0
S3_contam_anchors,0.9,0.05,38,0,0.0,0.0
S3_contam_anchors,0.9,0.1,38,0,0.0,0.0
S3_contam_anchors,0.9,0.15,38,0,0.0,0.0
S3_contam_anchors,0.9,0.2,38,0,0.0,0.0
S3_contam_anchors,0.9,0.05,39,0,0.0,0.0
S3_contam_anchors,0.9,0.1,39,0,0.0,0.0
S3_contam_anchors,0.9,0.15,39,0,0.0,0.0
S3_contam_anchors,0.9,0.2,39,0,0.0,0.0
S3_contam_anchors,0.9,0.05,40,0,0.0,0.0
S3_contam_anchors,0.9,0.1,40,0,0.0,0.0
S3_contam_anchors,0.9,0.15,40,0,0.0,0.0
S3_contam_anchors,0.9,0.2,40,0,0.0,0.0
S3_contam_anchors,0.9,0.05,41,0,0.0,0.0
S3_contam_anchors,0.9,0.1,41,0,0.0,0.0
S3_contam_anchors,0.9,0.15,41,0,0.0,0.0
S3_contam_anchors,0.9,0.2,41,0,0.0,0.0
S3_contam_anchors,0.9,0.05,42,0,0.0,0.0
S3_contam_anchors,0.9,0.1,42,0,0.0,0.0
S3_contam_anchors,0.9,0.15,42,0,0.0,0.0
S3_contam_anchors,0.9,0.2,42,0,0.0,0.0
S3_contam_anchors,0.9,0.05,43,0,0.0,0.0
S3_contam_anchors,0.9,0.1,43,0,0.0,0.0
S3_contam_anchors,0.9,0.15,43,0,0.0,0.0
S3_contam_anchors,0.9,0.2,43,0,0.0,0.0
S3_contam_anchors,0.9,0.05,44,0,0.0,0.0
S3_contam_anchors,0.9,0.1,44,0,0.0,0.0
S3_contam_anchors,0.9,0.15,44,0,0.0,0.0
S3_contam_anchors,0.9,0.2,44,0,0.0,0.0
S3_contam_anchors,0.9,0.05,45,0,0.0,0.0
S3_contam_anchors,0.9,0.1,45,0,0.0,0.0
S3_contam_anchors,0.9,0.15,45,2,0.5,0.00196078431372549
S3_contam_anchors,0.9,0.2,45,3,0.3333333333333333,0.00392156862745098
S3_contam_anchors,0.9,0.05,46,0,0.0,0.0
S3_contam_anchors,0.9,0.1,46,0,0.0,0.0
S3_contam_anchors,0.9,0.15,46,0,0.0,0.0
S3_contam_anchors,0.9,0.2,46,0,0.0,0.0
S3_contam_anchors,0.9,0.05,47,0,0.0,0.0
S3_contam_anchors,0.9,0.1,47,0,0.0,0.0
S3_contam_anchors,0.9,0.15,47,0,0.0,0.0
S3_contam_anchors,0.9,0.2,47,0,0.0,0.0
S3_contam_anchors,0.9,0.05,48,0,0.0,0.0
S3_contam_anchors,0.9,0.1,48,0,0.0,0.0
S3_contam_anchors,0.9,0.15,48,0,0.0,0.0
S3_contam_anchors,0.9,0.2,48,0,0.0,0.0
S3_contam_anchors,0.9,0.05,49,0,0.0,0.0
S3_contam_anchors,0.9,0.1,49,0,0.0,0.0
S3_contam_anchors,0.9,0.15,49,0,0.0,0.0
S3_contam_anchors,0.9,0.2,49,0,0.0,0.0
S3_contam_anchors,0.9,0.05,50,0,0.0,0.0
S3_contam_anchors,0.9,0.1,50,0,0.0,0.0
S3_contam_anchors,0.9,0.15,50,0,0.0,0.0
S3_contam_anchors,0.9,0.2,50,0,0.0,0.0
S3_contam_anchors,0.9,0.05,51,0,0.0,0.0
S3_contam_anchors,0.9,0.1,51,0,0.0,0.0
S3_contam_anchors,0.9,0.15,51,0,0.0,0.0
S3_contam_anchors,0.9,0.2,51,0,0.0,0.0
S3_contam_anchors,0.9,0.05,52,0,0.0,0.0
S3_contam_anchors,0.9,0.1,52,0,0.0,0.0
S3_contam_anchors,0.9,0.15,52,0,0.0,0.0
S3_contam_anchors,0.9,0.2,52,0,0.0,0.0
S3_contam_anchors,0.9,0.05,53,0,0.0,0.0
S3_contam_anchors,0.9,0.1,53,0,0.0,0.0
S3_contam_anchors,0.9,0.15,53,3,0.3333333333333333,0.0037105751391465678
S3_contam_anchors,0.9,0.2,53,88,0.29545454545454547,0.1150278293135436
S3_contam_anchors,0.9,0.05,54,0,0.0,0.0
S3_contam_anchors,0.9,0.1,54,0,0.0,0.0
S3_contam_anchors,0.9,0.15,54,0,0.0,0.0
S3_contam_anchors,0.9,0.2,54,0,0.0,0.0
S3_contam_anchors,0.9,0.05,55,0,0.0,0.0
S3_contam_anchors,0.9,0.1,55,0,0.0,0.0
S3_contam_anchors,0.9,0.15,55,0,0.0,0.0
S3_contam_anchors,0.9,0.2,55,0,0.0,0.0
S3_contam_anchors,0.9,0.05,56,0,0.0,0.0
S3_contam_anchors,0.9,0.1,56,0,0.0,0.0
S3_contam_anchors,0.9,0.15,56,1,0.0,0.0020325203252032522
S3_contam_anchors,0.9,0.2,56,63,0.2698412698412698,0.09349593495934959
S3_contam_anchors,0.9,0.05,57,0,0.0,0.0
S3_contam_anchors,0.9,0.1,57,0,0.0,0.0
S3_contam_anchors,0.9,0.15,57,0,0.0,0.0
S3_contam_anchors,0.9,0.2,57,0,0.0,0.0
S3_contam_anchors,0.9,0.05,58,0,0.0,0.0
S3_contam_anchors,0.9,0.1,58,0,0.0,0.0
S3_contam_anchors,0.9,0.15,58,0,0.0,0.0
S3_contam_anchors,0.9,0.2,58,0,0.0,0.0
S3_contam_anchors,0.9,0.05,59,0,0.0,0.0
S3_contam_anchors,0.9,0.1,59,0,0.0,0.0
S3_contam_anchors,0.9,0.15,59,0,0.0,0.0
S3_contam_anchors,0.9,0.2,59,0,0.0,0.0
S3_contam_anchors,0.9,0.05,60,0,0.0,0.0
S3_contam_anchors,0.9,0.1,60,0,0.0,0.0
S3_contam_anchors,0.9,0.15,60,0,0.0,0.0
S3_contam_anchors,0.9,0.2,60,0,0.0,0.0
S3_contam_anchors,0.9,0.05,61,0,0.0,0.0
S3_contam_anchors,0.9,0.1,61,0,0.0,0.0
S3_contam_anchors,0.9,0.15,61,0,0.0,0.0
S3_contam_anchors,0.9,0.2,61,5,0.2,0.007532956685499058
S3_contam_anchors,0.9,0.05,62,0,0.0,0.0
S3_contam_anchors,0.9,0.1,62,0,0.0,0.0
S3_contam_anchors,0.9,0.15,62,0,0.0,0.0
S3_contam_anchors,0.9,0.2,62,0,0.0,0.0
S3_contam_anchors,0.9,0.05,63,0,0.0,0.0
S3_contam_anchors,0.9,0.1,63,0,0.0,0.0
S3_contam_anchors,0.9,0.15,63,0,0.0,0.0
S3_contam_anchors,0.9,0.2,63,0,0.0,0.0
S3_contam_anchors,0.9,0.05,64,0,0.0,0.0
S3_contam_anchors,0.9,0.1,64,0,0.0,0.0
S3_contam_anchors,0.9,0.15,64,0,0.0,0.0
S3_contam_anchors,0.9,0.2,64,0,0.0,0.0
S3_contam_anchors,0.9,0.05,65,0,0.0,0.0
S3_contam_anchors,0.9,0.1,65,0,0.0,0.0
S3_contam_anchors,0.9,0.15,65,2,0.5,0.001984126984126984
S3_contam_anchors,0.9,0.2,65,4,0.25,0.005952380952380952
S3_contam_anchors,0.9,0.05,66,0,0.0,0.0
S3_contam_anchors,0.9,0.1,66,0,0.0,0.0
S3_contam_anchors,0.9,0.15,66,0,0.0,0.0
S3_contam_anchors,0.9,0.2,66,0,0.0,0.0
S3_contam_anchors,0.9,0.05,67,0,0.0,0.0
S3_contam_anchors,0.9,0.1,67,0,0.0,0.0
S3_contam_anchors,0.9,0.15,67,0,0.0,0.0
S3_contam_anchors,0.9,0.2,67,0,0.0,0.0
S3_contam_anchors,0.9,0.05,68,0,0.0,0.0
S3_contam_anchors,0.9,0.1,68,11,0.36363636363636365,0.014314928425357873
S3_contam_anchors,0.9,0.15,68,19,0.3684210526315789,0.024539877300613498
S3_contam_anchors,0.9,0.2,68,97,0.28865979381443296,0.1411042944785276
S3_contam_anchors,0.9,0.05,69,0,0.0,0.0
S3_contam_anchors,0.9,0.1,69,0,0.0,0.0
S3_contam_anchors,0.9,0.15,69,0,0.0,0.0
S3_contam_anchors,0.9,0.2,69,0,0.0,0.0
S3_contam_anchors,0.9,0.05,70,0,0.0,0.0
S3_contam_anchors,0.9,0.1,70,0,0.0,0.0
S3_contam_anchors,0.9,0.15,70,0,0.0,0.0
S3_contam_anchors,0.9,0.2,70,0,0.0,0.0
S3_contam_anchors,0.9,0.05,71,0,0.0,0.0
S3_contam_anchors,0.9,0.1,71,1,0.0,0.001976284584980237
S3_contam_anchors,0.9,0.15,71,1,0.0,0.001976284584980237
S3_contam_anchors,0.9,0.2,71,1,0.0,0.001976284584980237
S3_contam_anchors,0.9,0.05,72,0,0.0,0.0
S3_contam_anchors,0.9,0.1,72,0,0.0,0.0
S3_contam_anchors,0.9,0.15,72,0,0.0,0.0
S3_contam_anchors,0.9,0.2,72,0,0.0,0.0
S3_contam_anchors,0.9,0.05,73,0,0.0,0.0
S3_contam_anchors,0.9,0.1,73,0,0.0,0.0
S3_contam_anchors,0.9,0.15,73,0,0.0,0.0
S3_contam_anchors,0.9,0.2,73,0,0.0,0.0
S3_contam_anchors,0.9,0.05,74,0,0.0,0.0
S3_contam_anchors,0.9,0.1,74,0,0.0,0.0
S3_contam_anchors,0.9,0.15,74,0,0.0,0.0
S3_contam_anchors,0.9,0.2,74,0,0.0,0.0
S3_contam_anchors,0.9,0.05,75,0,0.0,0.0
S3_contam_anchors,0.9,0.1,75,0,0.0,0.0
S3_contam_anchors,0.9,0.15,75,0,0.0,0.0
S3_contam_anchors,0.9,0.2,75,0,0.0,0.0
S3_contam_anchors,0.9,0.05,76,0,0.0,0.0
S3_contam_anchors,0.9,0.1,76,0,0.0,0.0
S3_contam_anchors,0.9,0.15,76,0,0.0,0.0
S3_contam_anchors,0.9,0.2,76,0,0.0,0.0
S3_contam_anchors,0.9,0.05,77,0,0.0,0.0
S3_contam_anchors,0.9,0.1,77,0,0.0,0.0
S3_contam_anchors,0.9,0.15,77,0,0.0,0.0
S3_contam_anchors,0.9,0.2,77,0,0.0,0.0
S3_contam_anchors,0.9,0.05,78,1,1.0,0.0
S3_contam_anchors,0.9,0.1,78,6,0.3333333333333333,0.007722007722007722
S3_contam_anchors,0.9,0.15,78,7,0.2857142857142857,0.009652509652509652
S3_contam_anchors,0.9,0.2,78,61,0.26229508196721313,0.08687258687258688
S3_contam_anchors,0.9,0.05,79,0,0.0,0.0
S3_contam_anchors,0.9,0.1,79,0,0.0,0.0
S3_contam_anchors,0.9,0.15,79,0,0.0,0.0
S3_contam_anchors,0.9,0.2,79,14,0.5714285714285714,0.012121212121212121
S3_contam_anchors,0.9,0.05,80,0,0.0,0.0
S3_contam_anchors,0.9,0.1,80,0,0.0,0.0
S3_contam_anchors,0.9,0.15,80,0,0.0,0.0
S3_contam_anchors,0.9,0.2,80,0,0.0,0.0
S3_contam_anchors,0.9,0.05,81,0,0.0,0.0
S3_contam_anchors,0.9,0.1,81,0,0.0,0.0
S3_contam_anchors,0.9,0.15,81,0,0.0,0.0
S3_contam_anchors,0.9,0.2,81,0,0.0,0.0
S3_contam_anchors,0.9,0.05,82,0,0.0,0.0
S3_contam_anchors,0.9,0.1,82,0,0.0,0.0
S3_contam_anchors,0.9,0.15,82,0,0.0,0.0
S3_contam_anchors,0.9,0.2,82,0,0.0,0.0
S3_contam_anchors,0.9,0.05,83,0,0.0,0.0
S3_contam_anchors,0.9,0.1,83,0,0.0,0.0
S3_contam_anchors,0.9,0.15,83,0,0.0,0.0
S3_contam_anchors,0.9,0.2,83,0,0.0,0.0
S3_contam_anchors,0.9,0.05,84,0,0.0,0.0
S3_contam_anchors,0.9,0.1,84,0,0.0,0.0
S3_contam_anchors,0.9,0.15,84,0,0.0,0.0
S3_contam_anchors,0.9,0.2,84,0,0.0,0.0
S3_contam_anchors,0.9,0.05,85,0,0.0,0.0
S3_contam_anchors,0.9,0.1,85,0,0.0,0.0
S3_contam_anchors,0.9,0.15,85,0,0.0,0.0
S3_contam_anchors,0.9,0.2,85,0,0.0,0.0
S3_contam_anchors,0.9,0.05,86,0,0.0,0.0
S3_contam_anchors,0.9,0.1,86,0,0.0,0.0
S3_contam_anchors,0.9,0.15,86,0,0.0,0.0
S3_contam_anchors,0.9,0.2,86,0,0.0,0.0
S3_contam_anchors,0.9,0.05,87,0,0.0,0.0
S3_contam_anchors,0.9,0.1,87,0,0.0,0.0
S3_contam_anchors,0.9,0.15,87,0,0.0,0.0
S3_contam_anchors,0.9,0.2,87,0,0.0,0.0
S3_contam_anchors,0.9,0.05,88,0,0.0,0.0
S3_contam_anchors,0.9,0.1,88,0,0.0,0.0
S3_contam_anchors,0.9,0.15,88,0,0.0,0.0
S3_contam_anchors,0.9,0.2,88,0,0.0,0.0
S3_contam_anchors,0.9,0.05,89,0,0.0,0.0
S3_contam_anchors,0.9,0.1,89,0,0.0,0.0
S3_contam_anchors,0.9,0.15,89,0,0.0,0.0
S3_contam_anchors,0.9,0.2,89,0,0.0,0.0
S3_contam_anchors,0.9,0.05,90,0,0.0,0.0
S3_contam_anchors,0.9,0.1,90,0,0.0,0.0
S3_contam_anchors,0.9,0.15,90,0,0.0,0.0
S3_contam_anchors,0.9,0.2,90,0,0.0,0.0
S3_contam_anchors,0.9,0.05,91,0,0.0,0.0
S3_contam_anchors,0.9,0.1,91,2,0.5,0.0020161290322580645
S3_contam_anchors,0.9,0.15,91,2,0.5,0.0020161290322580645
S3_contam_anchors,0.9,0.2,91,2,0.5,0.0020161290322580645
S3_contam_anchors,0.9,0.05,92,0,0.0,0.0
S3_contam_anchors,0.9,0.1,92,0,0.0,0.0
S3_contam_anchors,0.9,0.15,92,0,0.0,0.0
S3_contam_anchors,0.9,0.2,92,0,0.0,0.0
S3_contam_anchors,0.9,0.05,93,0,0.0,0.0
S3_contam_anchors,0.9,0.1,93,0,0.0,0.0
S3_contam_anchors,0.9,0.15,93,0,0.0,0.0
S3_contam_anchors,0.9,0.2,93,0,0.0,0.0
S3_contam_anchors,0.9,0.05,94,0,0.0,0.0
S3_contam_anchors,0.9,0.1,94,2,0.5,0.002036659877800407
S3_contam_anchors,0.9,0.15,94,2,0.5,0.002036659877800407
S3_contam_anchors,0.9,0.2,94,153,0.39215686274509803,0.1894093686354379
S3_contam_anchors,0.9,0.05,95,0,0.0,0.0
S3_contam_anchors,0.9,0.1,95,0,0.0,0.0
S3_contam_anchors,0.9,0.15,95,0,0.0,0.0
S3_contam_anchors,0.9,0.2,95,0,0.0,0.0
S3_contam_anchors,0.9,0.05,96,0,0.0,0.0
S3_contam_anchors,0.9,0.1,96,0,0.0,0.0
S3_contam_anchors,0.9,0.15,96,0,0.0,0.0
S3_contam_anchors,0.9,0.2,96,0,0.0,0.0
S3_contam_anchors,0.9,0.05,97,0,0.0,0.0
S3_contam_anchors,0.9,0.1,97,3,0.6666666666666666,0.002079002079002079
S3_contam_anchors,0.9,0.15,97,17,0.29411764705882354,0.02494802494802495
S3_contam_anchors,0.9,0.2,97,70,0.2,0.11642411642411643
S3_contam_anchors,0.9,0.05,98,0,0.0,0.0
S3_contam_anchors,0.9,0.1,98,0,0.0,0.0
S3_contam_anchors,0.9,0.15,98,0,0.0,0.0
S3_contam_anchors,0.9,0.2,98,0,0.0,0.0
S3_contam_anchors,0.9,0.05,99,0,0.0,0.0
S3_contam_anchors,0.9,0.1,99,0,0.0,0.0
S3_contam_anchors,0.9,0.15,99,0,0.0,0.0
S3_contam_anchors,0.9,0.2,99,0,0.0,0.0
S4_heavy_tail_null,0.5,0.05,0,608,0.03289473684210526,0.2358604091456077
S4_heavy_tail_null,0.5,0.1,0,1251,0.03437250199840128,0.48455675892498995
S4_heavy_tail_null,0.5,0.15,0,1518,0.034255599472990776,0.5880465302847975
S4_heavy_tail_null,0.5,0.2,0,1719,0.03606748109365911,0.6646610509426394
S4_heavy_tail_null,0.5,0.05,1,0,0.0,0.0
S4_heavy_tail_null,0.5,0.1,1,0,0.0,0.0
S4_heavy_tail_null,0.5,0.15,1,1174,0.049403747870528106,0.4430329495831679
S4_heavy_tail_null,0.5,0.2,1,1462,0.046511627906976744,0.5533942040492259
S4_heavy_tail_null,0.5,0.05,2,646,0.04179566563467492,0.2495967741935484
S4_heavy_tail_null,0.5,0.1,2,1259,0.02779984114376489,0.4935483870967742
S4_heavy_tail_null,0.5,0.15,2,1521,0.02695595003287311,0.5967741935483871
S4_heavy_tail_null,0.5,0.2,2,1699,0.02766333137139494,0.6661290322580645
S4_heavy_tail_null,0.5,0.05,3,0,0.0,0.0
S4_heavy_tail_null,0.5,0.1,3,810,0.04691358024691358,0.3061062648691515
S4_heavy_tail_null,0.5,0.15,3,1241,0.040290088638195005,0.47224425059476605
S4_heavy_tail_null,0.5,0.2,3,1546,0.0407503234152652,0.5880253766851705
S4_heavy_tail_null,0.5,0.05,4,8,0.125,0.002883031301482702
S4_heavy_tail_null,0.5,0.1,4,1019,0.04906771344455348,0.39909390444810544
S4_heavy_tail_null,0.5,0.15,4,1395,0.044444444444444446,0.5490115321252059
S4_heavy_tail_null,0.5,0.2,4,1601,0.04372267332916927,0.6305601317957167
S4_heavy_tail_null,0.5,0.05,5,0,0.0,0.0
S4_heavy_tail_null,0.5,0.1,5,1027,0.03894839337877313,0.39042721518987344
S4_heavy_tail_null,0.5,0.15,5,1401,0.03640256959314775,0.5340189873417721
S4_heavy_tail_null,0.5,0.2,5,1649,0.036385688295936934,0.6285601265822784
S4_heavy_tail_null,0.5,0.05,6,0,0.0,0.0
S4_heavy_tail_null,0.5,0.1,6,1026,0.036062378167641324,0.40089177138224563
S4_heavy_tail_null,0.5,0.15,6,1397,0.03722261989978525,0.5451965950547223
S4_heavy_tail_null,0.5,0.2,6,1602,0.03932584269662921,0.6238346169436563
S4_heavy_tail_null,0.5,0.05,7,0,0.0,0.0
S4_heavy_tail_null,0.5,0.1,7,870,0.047126436781609195,0.3363083164300203
S4_heavy_tail_null,0.5,0.15,7,1327,0.04220045214770158,0.5156186612576065
S4_heavy_tail_null,0.5,0.2,7,1564,0.043478260869565216,0.6068965517241379
S4_heavy_tail_null,0.5,0.05,8,192,0.046875,0.07241788682231895
S4_heavy_tail_null,0.5,0.1,8,986,0.03144016227180527,0.3779184804115552
S4_heavy_tail_null,0.5,0.15,8,1358,0.035346097201767304,0.518401266323704
S4_heavy_tail_null,0.5,0.2,8,1586,0.038461538461538464,0.6034823901859913
S4_heavy_tail_null,0.5,0.05,9,9,0.6666666666666666,0.0011942675159235668
S4_heavy_tail_null,0.5,0.1,9,848,0.04716981132075472,0.321656050955414
S4_heavy_tail_null,0.5,0.15,9,1351,0.043671354552183565,0.5143312101910829
S4_heavy_tail_null,0.5,0.2,9,1607,0.044803982576229,0.6110668789808917
S4_heavy_tail_null,0.5,0.05,10,1,1.0,0.0
S4_heavy_tail_null,0.5,0.1,10,1064,0.043233082706766915,0.404610492845787
S4_heavy_tail_null,0.5,0.15,10,1417,0.03881439661256175,0.541335453100159
S4_heavy_tail_null,0.5,0.2,10,1633,0.03919167176974893,0.6236089030206677
S4_heavy_tail_null,0.5,0.05,11,494,0.04251012145748988,0.1907258064516129
S4_heavy_tail_null,0.5,0.1,11,1189,0.03532380151387721,0.4625
S4_heavy_tail_null,0.5,0.15,11,1490,0.03557046979865772,0.5794354838709678
S4_heavy_tail_null,0.5,0.2,11,1701,0.0376249265138154,0.6600806451612903
S4_heavy_tail_null,0.5,0.05,12,510,0.0392156862745098,0.1952191235059761
S4_heavy_tail_null,0.5,0.1,12,1197,0.034252297410192145,0.4605577689243028
S4_heavy_tail_null,0.5,0.15,12,1584,0.03409090909090909,0.6095617529880478
S4_heavy_tail_null,0.5,0.2,12,1774,0.03889515219842165,0.6792828685258964
S4_heavy_tail_null,0.5,0.05,13,0,0.0,0.0
S4_heavy_tail_null,0.5,0.1,13,944,0.03919491525423729,0.3609231993633108
S4_heavy_tail_null,0.5,0.15,13,1329,0.03611738148984198,0.5097493036211699
S4_heavy_tail_null,0.5,0.2,13,1568,0.0389030612244898,0.5996816553919618
S4_heavy_tail_null,0.5,0.05,14,146,0.08904109589041095,0.0532
S4_heavy_tail_null,0.5,0.1,14,1035,0.04541062801932367,0.3952
S4_heavy_tail_null,0.5,0.15,14,1398,0.044349070100143065,0.5344
S4_heavy_tail_null,0.5,0.2,14,1614,0.04275092936802974,0.618
S4_heavy_tail_null,0.5,0.05,15,0,0.0,0.0
S4_heavy_tail_null,0.5,0.1,15,987,0.030395136778115502,0.37647521636506687
S4_heavy_tail_null,0.5,0.15,15,1425,0.035789473684210524,0.5405192761605035
S4_heavy_tail_null,0.5,0.2,15,1690,0.04142011834319527,0.6372934697088907
S4_heavy_tail_null,0.5,0.05,16,0,0.0,0.0
S4_heavy_tail_null,0.5,0.1,16,958,0.038622129436325675,0.3578088578088578
S4_heavy_tail_null,0.5,0.15,16,1430,0.032867132867132866,0.5372960372960373
S4_heavy_tail_null,0.5,0.2,16,1690,0.03609467455621302,0.6328671328671329
S4_heavy_tail_null,0.5,0.05,17,295,0.04745762711864407,0.11062992125984251
S4_heavy_tail_null,0.5,0.1,17,1042,0.03838771593090211,0.39448818897637794
S4_heavy_tail_null,0.5,0.15,17,1422,0.035161744022503515,0.5401574803149606
S4_heavy_tail_null,0.5,0.2,17,1609,0.03418272218769422,0.6118110236220472
S4_heavy_tail_null,0.5,0.05,18,143,0.09090909090909091,0.05325686194182712
S4_heavy_tail_null,0.5,0.1,18,957,0.03761755485893417,0.377304383449406
S4_heavy_tail_null,0.5,0.15,18,1379,0.04133430021754895,0.5415813191315035
S4_heavy_tail_null,0.5,0.2,18,1591,0.04085480829666876,0.6251536255632937
S4_heavy_tail_null,0.5,0.05,19,472,0.0423728813559322,0.18233158531665994
S4_heavy_tail_null,0.5,0.1,19,1148,0.032229965156794424,0.4481645824929407
S4_heavy_tail_null,0.5,0.15,19,1478,0.03450608930987822,0.5756353368293666
S4_heavy_tail_null,0.5,0.2,19,1676,0.034606205250596656,0.6526825332795482
S4_heavy_tail_null,0.5,0.05,20,556,0.03597122302158273,0.22021364009860311
S4_heavy_tail_null,0.5,0.1,20,1150,0.028695652173913042,0.4589153656532457
S4_heavy_tail_null,0.5,0.15,20,1485,0.028282828282828285,0.5928512736236647
S4_heavy_tail_null,0.5,0.2,20,1654,0.03083434099153567,0.6585866885784717
S4_heavy_tail_null,0.5,0.05,21,798,0.03258145363408521,0.3050177795337811
S4_heavy_tail_null,0.5,0.1,21,1359,0.026490066225165563,0.522718293164757
S4_heavy_tail_null,0.5,0.15,21,1613,0.026038437693738377,0.6207032793362307
S4_heavy_tail_null,0.5,0.2,21,1764,0.02834467120181406,0.6772026866851047
S4_heavy_tail_null,0.5,0.05,22,1,1.0,0.0
S4_heavy_tail_null,0.5,0.1,22,997,0.04312938816449348,0.38498789346246975
S4_heavy_tail_null,0.5,0.15,22,1333,0.04351087771942986,0.5145278450363197
S4_heavy_tail_null,0.5,0.2,22,1607,0.043559427504667084,0.6202582728006457
S4_heavy_tail_null,0.5,0.05,23,3,0.3333333333333333,0.0007830853563038371
S4_heavy_tail_null,0.5,0.1,23,1042,0.036468330134357005,0.39310884886452624
S4_heavy_tail_null,0.5,0.15,23,1411,0.03756201275690999,0.5317149569303053
S4_heavy_tail_null,0.5,0.2,23,1664,0.038461538461538464,0.6264682850430697
S4_heavy_tail_null,0.5,0.05,24,170,0.058823529411764705,0.06506710044733631
S4_heavy_tail_null,0.5,0.1,24,1083,0.028624192059095107,0.4278161854412363
S4_heavy_tail_null,0.5,0.15,24,1405,0.03345195729537367,0.5522570150467669
S4_heavy_tail_null,0.5,0.2,24,1621,0.03454657618753856,0.6364375762505083
S4_heavy_tail_null,0.5,0.05,25,0,0.0,0.0
S4_heavy_tail_null,0.5,0.1,25,947,0.03590285110876452,0.3628775834658188
S4_heavy_tail_null,0.5,0.15,25,1389,0.03815694744420446,0.5310015898251192
S4_heavy_tail_null,0.5,0.2,25,1605,0.038006230529595016,0.6136724960254372
S4_heavy_tail_null,0.5,0.05,26,732,0.03415300546448088,0.28011093502377177
S4_heavy_tail_null,0.5,0.1,26,1303,0.02762854950115119,0.5019809825673535
S4_heavy_tail_null,0.5,0.15,26,1572,0.02862595419847328,0.6049920760697306
S4_heavy_tail_null,0.5,0.2,26,1758,0.03128555176336746,0.6747226624405706
S4_heavy_tail_null,0.5,0.05,27,339,0.06489675516224189,0.12970540098199673
S4_heavy_tail_null,0.5,0.1,27,1072,0.033582089552238806,0.4238952536824877
S4_heavy_tail_null,0.5,0.15,27,1459,0.039753255654557916,0.573240589198036
S4_heavy_tail_null,0.5,0.2,27,1660,0.04036144578313253,0.6518003273322422
S4_heavy_tail_null,0.5,0.05,28,0,0.0,0.0
S4_heavy_tail_null,0.5,0.1,28,815,0.04539877300613497,0.307753164556962
S4_heavy_tail_null,0.5,0.15,28,1277,0.04150352388410337,0.48417721518987344
S4_heavy_tail_null,0.5,0.2,28,1543,0.04212572909915749,0.5846518987341772
S4_heavy_tail_null,0.5,0.05,29,568,0.035211267605633804,0.21456538762725136
S4_heavy_tail_null,0.5,0.1,29,1177,0.04078164825828377,0.44205168363351605
S4_heavy_tail_null,0.5,0.15,29,1506,0.03851261620185923,0.566953797963978
S4_heavy_tail_null,0.5,0.2,29,1699,0.03884638022366098,0.639389193422083
S4_heavy_tail_null,0.5,0.05,30,127,0.07086614173228346,0.046806822689408965
S4_heavy_tail_null,0.5,0.1,30,1013,0.0315893385982231,0.3891312971043237
S4_heavy_tail_null,0.5,0.15,30,1416,0.0346045197740113,0.542245140817136
S4_heavy_tail_null,0.5,0.2,30,1606,0.03549190535491906,0.614438714795716
S4_heavy_tail_null,0.5,0.05,31,430,0.03255813953488372,0.16294555424990206
S4_heavy_tail_null,0.5,0.1,31,1232,0.026785714285714284,0.46964355660007834
S4_heavy_tail_null,0.5,0.15,31,1568,0.029974489795918366,0.5957696827262045
S4_heavy_tail_null,0.5,0.2,31,1738,0.03452243958573072,0.6572659616137877
S4_heavy_tail_null,0.5,0.05,32,334,0.038922155688622756,0.12860576923076922
S4_heavy_tail_null,0.5,0.1,32,1091,0.026581118240146653,0.4254807692307692
S4_heavy_tail_null,0.5,0.15,32,1464,0.030054644808743168,0.5689102564102564
S4_heavy_tail_null,0.5,0.2,32,1679,0.034544371649791544,0.6494391025641025
S4_heavy_tail_null,0.5,0.05,33,12,0.3333333333333333,0.0032454361054766734
S4_heavy_tail_null,0.5,0.1,33,1044,0.035440613026819924,0.40851926977687625
S4_heavy_tail_null,0.5,0.15,33,1372,0.03717201166180758,0.5359026369168357
S4_heavy_tail_null,0.5,0.2,33,1589,0.03901825047199497,0.61947261663286
S4_heavy_tail_null,0.5,0.05,34,2,0.5,0.00040032025620496394
S4_heavy_tail_null,0.5,0.1,34,848,0.04716981132075472,0.32345876701361087
S4_heavy_tail_null,0.5,0.15,34,1367,0.03950256035113387,0.5256204963971177
S4_heavy_tail_null,0.5,0.2,34,1608,0.043532338308457715,0.6156925540432346
S4_heavy_tail_null,0.5,0.05,35,8,0.25,0.0024019215372297837
S4_heavy_tail_null,0.5,0.1,35,888,0.039414414414414414,0.34147317854283427
S4_heavy_tail_null,0.5,0.15,35,1315,0.0403041825095057,0.5052041633306645
S4_heavy_tail_null,0.5,0.2,35,1594,0.04077791718946048,0.6120896717373899
S4_heavy_tail_null,0.5,0.05,36,584,0.046232876712328765,0.22725418196654426
S4_heavy_tail_null,0.5,0.1,36,1251,0.03677058353317346,0.4916360669114647
S4_heavy_tail_null,0.5,0.15,36,1536,0.033203125,0.605875152998776
S4_heavy_tail_null,0.5,0.2,36,1721,0.03312027890761186,0.67890656874745
S4_heavy_tail_null,0.5,0.05,37,309,0.05501618122977346,0.11614956245027844
S4_heavy_tail_null,0.5,0.1,37,1056,0.032196969696969696,0.40652346857597454
S4_heavy_tail_null,0.5,0.15,37,1465,0.031399317406143344,0.5644391408114559
S4_heavy_tail_null,0.5,0.2,37,1640,0.03414634146341464,0.630071599045346
S4_heavy_tail_null,0.5,0.05,38,568,0.03873239436619718,0.21805111821086262
S4_heavy_tail_null,0.5,0.1,38,1263,0.023752969121140142,0.49241214057507987
S4_heavy_tail_null,0.5,0.15,38,1559,0.029506093649775498,0.6042332268370607
S4_heavy_tail_null,0.5,0.2,38,1721,0.03021499128413713,0.6665335463258786
S4_heavy_tail_null,0.5,0.05,39,264,0.06060606060606061,0.10089503661513426
S4_heavy_tail_null,0.5,0.1,39,1004,0.035856573705179286,0.3938161106590724
S4_heavy_tail_null,0.5,0.15,39,1359,0.03532008830022075,0.5333604556550041
S4_heavy_tail_null,0.5,0.2,39,1581,0.036053130929791274,0.6200162733930025
S4_heavy_tail_null,0.5,0.05,40,0,0.0,0.0
S4_heavy_tail_null,0.5,0.1,40,1006,0.039761431411530816,0.38001573564122737
S4_heavy_tail_null,0.5,0.15,40,1374,0.04002911208151383,0.518882769472856
S4_heavy_tail_null,0.5,0.2,40,1612,0.043424317617866005,0.6066089693154996
S4_heavy_tail_null,0.5,0.05,41,369,0.04065040650406504,0.14143028365960847
S4_heavy_tail_null,0.5,0.1,41,1171,0.032450896669513236,0.452656811825809
S4_heavy_tail_null,0.5,0.15,41,1474,0.030529172320217096,0.5709149021174591
S4_heavy_tail_null,0.5,0.2,41,1673,0.034668260609683206,0.6452257291250499
S4_heavy_tail_null,0.5,0.05,42,410,0.05609756097560976,0.15548413017276014
S4_heavy_tail_null,0.5,0.1,42,1063,0.036688617121354655,0.4114102049015669
S4_heavy_tail_null,0.5,0.15,42,1453,0.0364762560220234,0.562474889513861
S4_heavy_tail_null,0.5,0.2,42,1654,0.0380894800483676,0.6392125351546806
S4_heavy_tail_null,0.5,0.05,43,62,0.16129032258064516,0.02104411169566977
S4_heavy_tail_null,0.5,0.1,43,1068,0.040262172284644196,0.41481181707810605
S4_heavy_tail_null,0.5,0.15,43,1418,0.0380818053596615,0.5520032375556455
S4_heavy_tail_null,0.5,0.2,43,1602,0.04244694132334582,0.6208012950222582
S4_heavy_tail_null,0.5,0.05,44,181,0.0718232044198895,0.06782398062171982
S4_heavy_tail_null,0.5,0.1,44,1126,0.04085257548845471,0.4360113039967703
S4_heavy_tail_null,0.5,0.15,44,1447,0.0442294402211472,0.5583366976180864
S4_heavy_tail_null,0.5,0.2,44,1615,0.04458204334365325,0.6229309648768672
S4_heavy_tail_null,0.5,0.05,45,182,0.07692307692307693,0.06640316205533597
S4_heavy_tail_null,0.5,0.1,45,1027,0.03602726387536514,0.391304347826087
S4_heavy_tail_null,0.5,0.15,45,1423,0.03232607167955025,0.5442687747035573
S4_heavy_tail_null,0.5,0.2,45,1649,0.03214069132807762,0.6308300395256917
S4_heavy_tail_null,0.5,0.05,46,602,0.023255813953488372,0.23435631725787165
S4_heavy_tail_null,0.5,0.1,46,1271,0.025177025963808025,0.4938222399362296
S4_heavy_tail_null,0.5,0.15,46,1544,0.03238341968911917,0.5954563571143882
S4_heavy_tail_null,0.5,0.2,46,1751,0.0336950314106225,0.6743722598644878
S4_heavy_tail_null,0.5,0.05,47,321,0.03426791277258567,0.12326043737574553
S4_heavy_tail_null,0.5,0.1,47,1204,0.029900332225913623,0.4644135188866799
S4_heavy_tail_null,0.5,0.15,47,1478,0.031799729364005415,0.5689860834990059
S4_heavy_tail_null,0.5,0.2,47,1648,0.03337378640776699,0.6333996023856859
S4_heavy_tail_null,0.5,0.05,48,254,0.051181102362204724,0.0964
S4_heavy_tail_null,0.5,0.1,48,1111,0.0333033303330333,0.4296
S4_heavy_tail_null,0.5,0.15,48,1526,0.03669724770642202,0.588
S4_heavy_tail_null,0.5,0.2,48,1718,0.03783469150174622,0.6612
S4_heavy_tail_null,0.5,0.05,49,0,0.0,0.0
S4_heavy_tail_null,0.5,0.1,49,1009,0.035678889990089196,0.3904494382022472
S4_heavy_tail_null,0.5,0.15,49,1402,0.03281027104136947,0.5441412520064205
S4_heavy_tail_null,0.5,0.2,49,1614,0.03345724907063197,0.6260032102728732
S4_heavy_tail_null,0.5,0.05,50,311,0.05787781350482315,0.11687275628240926
S4_heavy_tail_null,0.5,0.1,50,1099,0.03548680618744313,0.42281611487834064
S4_heavy_tail_null,0.5,0.15,50,1453,0.03303509979353063,0.5604307937774232
S4_heavy_tail_null,0.5,0.2,50,1673,0.034668260609683206,0.644196250498604
S4_heavy_tail_null,0.5,0.05,51,0,0.0,0.0
S4_heavy_tail_null,0.5,0.1,51,1012,0.03557312252964427,0.38470634607804494
S4_heavy_tail_null,0.5,0.15,51,1403,0.03207412687099073,0.5352778872684273
S4_heavy_tail_null,0.5,0.2,51,1631,0.03678724708767627,0.6192353173039022
S4_heavy_tail_null,0.5,0.05,52,0,0.0,0.0
S4_heavy_tail_null,0.5,0.1,52,865,0.03815028901734104,0.3300277667592225
S4_heavy_tail_null,0.5,0.15,52,1332,0.038288288288288286,0.5081316937723126
S4_heavy_tail_null,0.5,0.2,52,1597,0.043206011271133375,0.6061086870289568
S4_heavy_tail_null,0.5,0.05,53,1,1.0,0.0
S4_heavy_tail_null,0.5,0.1,53,910,0.04285714285714286,0.3530603972436157
S4_heavy_tail_null,0.5,0.15,53,1306,0.039816232771822356,0.5083096878800162
S4_heavy_tail_null,0.5,0.2,53,1527,0.04060248853962017,0.5938386704499392
S4_heavy_tail_null,0.5,0.05,54,328,0.042682926829268296,0.12686868686868688
S4_heavy_tail_null,0.5,0.1,54,1092,0.038461538461538464,0.42424242424242425
S4_heavy_tail_null,0.5,0.15,54,1391,0.035945363048166784,0.5418181818181819
S4_heavy_tail_null,0.5,0.2,54,1586,0.035939470365699874,0.6177777777777778
S4_heavy_tail_null,0.5,0.05,55,0,0.0,0.0
S4_heavy_tail_null,0.5,0.1,55,669,0.06278026905829596,0.2580246913580247
S4_heavy_tail_null,0.5,0.15,55,1138,0.050966608084358524,0.4444444444444444
S4_heavy_tail_null,0.5,0.2,55,1436,0.04526462395543175,0.5641975308641975
S4_heavy_tail_null,0.5,0.05,56,38,0.13157894736842105,0.013290374546919049
S4_heavy_tail_null,0.5,0.1,56,992,0.034274193548387094,0.38582360048328634
S4_heavy_tail_null,0.5,0.15,56,1377,0.03558460421205519,0.5348368908578333
S4_heavy_tail_null,0.5,0.2,56,1568,0.03635204081632653,0.6085380587998389
S4_heavy_tail_null,0.5,0.05,57,422,0.045023696682464455,0.16455696202531644
S4_heavy_tail_null,0.5,0.1,57,1099,0.03275705186533212,0.43405471621069824
S4_heavy_tail_null,0.5,0.15,57,1405,0.038434163701067614,0.5516537362188648
S4_heavy_tail_null,0.5,0.2,57,1601,0.038101186758276076,0.6288280930992242
S4_heavy_tail_null,0.5,0.05,58,308,0.04220779220779221,0.11518937914877002
S4_heavy_tail_null,0.5,0.1,58,1000,0.027,0.37992971495509564
S4_heavy_tail_null,0.5,0.15,58,1378,0.02830188679245283,0.5228426395939086
S4_heavy_tail_null,0.5,0.2,58,1601,0.03247970018738289,0.6048418586489652
S4_heavy_tail_null,0.5,0.05,59,330,0.048484848484848485,0.12656187021362353
S4_heavy_tail_null,0.5,0.1,59,1045,0.03062200956937799,0.4083031035872632
S4_heavy_tail_null,0.5,0.15,59,1384,0.029624277456647398,0.5413139862958485
S4_heavy_tail_null,0.5,0.2,59,1609,0.030453697949036667,0.6287787182587666
S4_heavy_tail_null,0.5,0.05,60,0,0.0,0.0
S4_heavy_tail_null,0.5,0.1,60,822,0.040145985401459854,0.3118577075098814
S4_heavy_tail_null,0.5,0.15,60,1298,0.040832049306625574,0.49209486166007904
S4_heavy_tail_null,0.5,0.2,60,1574,0.043202033036848796,0.5952569169960474
S4_heavy_tail_null,0.5,0.05,61,1,1.0,0.0
S4_heavy_tail_null,0.5,0.1,61,808,0.055693069306930694,0.3080339119903109
S4_heavy_tail_null,0.5,0.15,61,1239,0.047619047619047616,0.47638272103350826
S4_heavy_tail_null,0.5,0.2,61,1499,0.04469646430953969,0.578118691966088
S4_heavy_tail_null,0.5,0.05,62,101,0.12871287128712872,0.03618421052631579
S4_heavy_tail_null,0.5,0.1,62,947,0.03907074973600845,0.37417763157894735
S4_heavy_tail_null,0.5,0.15,62,1304,0.03680981595092025,0.5164473684210527
S4_heavy_tail_null,0.5,0.2,62,1555,0.037942122186495175,0.6151315789473685
S4_heavy_tail_null,0.5,0.05,63,1,1.0,0.0
S4_heavy_tail_null,0.5,0.1,63,771,0.04928664072632944,0.29156722354813047
S4_heavy_tail_null,0.5,0.15,63,1281,0.0429352068696331,0.48766905330151156
S4_heavy_tail_null,0.5,0.2,63,1542,0.04474708171206226,0.5859188544152745
S4_heavy_tail_null,0.5,0.05,64,633,0.026856240126382307,0.24463860206513105
S4_heavy_tail_null,0.5,0.1,64,1235,0.032388663967611336,0.4745830023828435
S4_heavy_tail_null,0.5,0.15,64,1522,0.03416557161629435,0.5837966640190627
S4_heavy_tail_null,0.5,0.2,64,1713,0.034442498540572096,0.6568705321683876
S4_heavy_tail_null,0.5,0.05,65,508,0.02952755905511811,0.20155355682747342
S4_heavy_tail_null,0.5,0.1,65,1120,0.03214285714285714,0.44317252657399836
S4_heavy_tail_null,0.5,0.15,65,1436,0.031337047353760444,0.5686835650040883
S4_heavy_tail_null,0.5,0.2,65,1645,0.03343465045592705,0.6500408830744072
S4_heavy_tail_null,0.5,0.05,66,437,0.05263157894736842,0.16363636363636364
S4_heavy_tail_null,0.5,0.1,66,1156,0.03806228373702422,0.43952569169960476
S4_heavy_tail_null,0.5,0.15,66,1463,0.039644565960355434,0.5553359683794467
S4_heavy_tail_null,0.5,0.2,66,1623,0.036968576709796676,0.6177865612648221
S4_heavy_tail_null,0.5,0.05,67,0,0.0,0.0
S4_heavy_tail_null,0.5,0.1,67,877,0.036488027366020526,0.33176285826462504
S4_heavy_tail_null,0.5,0.15,67,1345,0.03494423791821561,0.5096191597958383
S4_heavy_tail_null,0.5,0.2,67,1614,0.03903345724907063,0.6089517078916372
S4_heavy_tail_null,0.5,0.05,68,739,0.036535859269282815,0.28434504792332266
S4_heavy_tail_null,0.5,0.1,68,1266,0.0315955766192733,0.48961661341853036
S4_heavy_tail_null,0.5,0.15,68,1521,0.03287310979618672,0.5874600638977636
S4_heavy_tail_null,0.5,0.2,68,1713,0.03502626970227671,0.6601437699680511
S4_heavy_tail_null,0.5,0.05,69,0,0.0,0.0
S4_heavy_tail_null,0.5,0.1,69,1073,0.035414725069897485,0.4060415849352687
S4_heavy_tail_null,0.5,0.15,69,1420,0.03873239436619718,0.5355041192624559
S4_heavy_tail_null,0.5,0.2,69,1650,0.04,0.6214201647704982
S4_heavy_tail_null,0.5,0.05,70,483,0.037267080745341616,0.18674698795180722
S4_heavy_tail_null,0.5,0.1,70,1112,0.0341726618705036,0.43132530120481927
S4_heavy_tail_null,0.5,0.15,70,1470,0.03877551020408163,0.5674698795180723
S4_heavy_tail_null,0.5,0.2,70,1685,0.04094955489614243,0.648995983935743
S4_heavy_tail_null,0.5,0.05,71,539,0.03896103896103896,0.2040977147360126
S4_heavy_tail_null,0.5,0.1,71,1235,0.03805668016194332,0.46808510638297873
S4_heavy_tail_null,0.5,0.15,71,1553,0.038634900193174504,0.5882584712371947
S4_heavy_tail_null,0.5,0.2,71,1737,0.04087507196315487,0.6564223798266351
S4_heavy_tail_null,0.5,0.05,72,0,0.0,0.0
S4_heavy_tail_null,0.5,0.1,72,1047,0.039159503342884434,0.4012764260071799
S4_heavy_tail_null,0.5,0.15,72,1453,0.040605643496214726,0.5560430793777423
S4_heavy_tail_null,0.5,0.2,72,1649,0.041237113402061855,0.6306342241723175
S4_heavy_tail_null,0.5,0.05,73,606,0.034653465346534656,0.2287837309346891
S4_heavy_tail_null,0.5,0.1,73,1288,0.03260869565217391,0.4872897927258506
S4_heavy_tail_null,0.5,0.15,73,1574,0.031130876747141042,0.5964020336331639
S4_heavy_tail_null,0.5,0.2,73,1755,0.03133903133903134,0.6648416112631991
S4_heavy_tail_null,0.5,0.05,74,416,0.04807692307692308,0.16163265306122448
S4_heavy_tail_null,0.5,0.1,74,1170,0.04188034188034188,0.45755102040816326
S4_heavy_tail_null,0.5,0.15,74,1521,0.0440499671268902,0.593469387755102
S4_heavy_tail_null,0.5,0.2,74,1719,0.04246655031995346,0.6718367346938775
S4_heavy_tail_null,0.5,0.05,75,426,0.04460093896713615,0.16195781933943493
S4_heavy_tail_null,0.5,0.1,75,1102,0.03357531760435572,0.42379625945085553
S4_heavy_tail_null,0.5,0.15,75,1451,0.033769813921433495,0.5578989255869479
S4_heavy_tail_null,0.5,0.2,75,1646,0.03341433778857837,0.6331078392359729
S4_heavy_tail_null,0.5,0.05,76,590,0.0288135593220339,0.22711058263971462
S4_heavy_tail_null,0.5,0.1,76,1207,0.02568351284175642,0.4661117717003567
S4_heavy_tail_null,0.5,0.15,76,1556,0.02699228791773779,0.6000792707094729
S4_heavy_tail_null,0.5,0.2,76,1729,0.030653556969346442,0.6642885453824812
S4_heavy_tail_null,0.5,0.05,77,204,0.049019607843137254,0.07729083665338646
S4_heavy_tail_null,0.5,0.1,77,1099,0.04094631483166515,0.4199203187250996
S4_heavy_tail_null,0.5,0.15,77,1441,0.0395558639833449,0.551394422310757
S4_heavy_tail_null,0.5,0.2,77,1638,0.03785103785103785,0.6278884462151394
S4_heavy_tail_null,0.5,0.05,78,617,0.03403565640194489,0.24041952400161357
S4_heavy_tail_null,0.5,0.1,78,1200,0.03916666666666667,0.4651068979427188
S4_heavy_tail_null,0.5,0.15,78,1464,0.03551912568306011,0.5695845098830173
S4_heavy_tail_null,0.5,0.2,78,1666,0.034213685474189674,0.6490520371117386
S4_heavy_tail_null,0.5,0.05,79,324,0.030864197530864196,0.1260032102728732
S4_heavy_tail_null,0.5,0.1,79,1101,0.030881017257039057,0.4281701444622793
S4_heavy_tail_null,0.5,0.15,79,1466,0.036834924965893585,0.5666131621187801
S4_heavy_tail_null,0.5,0.2,79,1637,0.03726328649969456,0.6324237560192616
S4_heavy_tail_null,0.5,0.05,80,150,0.06,0.05644515612489992
S4_heavy_tail_null,0.5,0.1,80,1076,0.04368029739776952,0.4119295436349079
S4_heavy_tail_null,0.5,0.15,80,1406,0.041251778093883355,0.5396317053642914
S4_heavy_tail_null,0.5,0.2,80,1609,0.04226227470478558,0.6168935148118495
S4_heavy_tail_null,0.5,0.05,81,530,0.03962264150943396,0.19992144540455617
S4_heavy_tail_null,0.5,0.1,81,1245,0.030522088353413655,0.47407698350353494
S4_heavy_tail_null,0.5,0.15,81,1563,0.03262955854126679,0.593872741555381
S4_heavy_tail_null,0.5,0.2,81,1730,0.03699421965317919,0.6543597800471328
S4_heavy_tail_null,0.5,0.05,82,100,0.13,0.03556827473426002
S4_heavy_tail_null,0.5,0.1,82,887,0.04284103720405862,0.34709730171708914
S4_heavy_tail_null,0.5,0.15,82,1289,0.04266873545384019,0.5044971381847915
S4_heavy_tail_null,0.5,0.2,82,1537,0.04098893949251789,0.6026165167620605
S4_heavy_tail_null,0.5,0.05,83,1,1.0,0.0
S4_heavy_tail_null,0.5,0.1,83,832,0.04807692307692308,0.31230283911671924
S4_heavy_tail_null,0.5,0.15,83,1260,0.049206349206349205,0.472397476340694
S4_heavy_tail_null,0.5,0.2,83,1549,0.04777275661717237,0.5816246056782335
S4_heavy_tail_null,0.5,0.05,84,0,0.0,0.0
S4_heavy_tail_null,0.5,0.1,84,0,0.0,0.0
S4_heavy_tail_null,0.5,0.15,84,1064,0.04981203007518797,0.399604743083004
S4_heavy_tail_null,0.5,0.2,84,1409,0.0440028388928318,0.5324110671936759
S4_heavy_tail_null,0.5,0.05,85,0,0.0,0.0
S4_heavy_tail_null,0.5,0.1,85,613,0.05546492659053834,0.2363265306122449
S4_heavy_tail_null,0.5,0.15,85,1180,0.044915254237288135,0.46
S4_heavy_tail_null,0.5,0.2,85,1472,0.042119565217391304,0.5755102040816327
S4_heavy_tail_null,0.5,0.05,86,225,0.08,0.08191531460229522
S4_heavy_tail_null,0.5,0.1,86,1099,0.03366696997270246,0.42026117926394935
S4_heavy_tail_null,0.5,0.15,86,1461,0.030800821355236138,0.5603482390185991
S4_heavy_tail_null,0.5,0.2,86,1658,0.032569360675512665,0.6347447566284131
S4_heavy_tail_null,0.5,0.05,87,0,0.0,0.0
S4_heavy_tail_null,0.5,0.1,87,967,0.04343329886246122,0.36706349206349204
S4_heavy_tail_null,0.5,0.15,87,1400,0.04,0.5333333333333333
S4_heavy_tail_null,0.5,0.2,87,1595,0.03824451410658307,0.6087301587301587
S4_heavy_tail_null,0.5,0.05,88,240,0.05416666666666667,0.088671875
S4_heavy_tail_null,0.5,0.1,88,1044,0.032567049808429116,0.39453125
S4_heavy_tail_null,0.5,0.15,88,1441,0.031228313671061762,0.5453125
S4_heavy_tail_null,0.5,0.2,88,1645,0.034650455927051675,0.6203125
S4_heavy_tail_null,0.5,0.05,89,316,0.06329113924050633,0.1187800963081862
S4_heavy_tail_null,0.5,0.1,89,1177,0.038232795242141036,0.45425361155698235
S4_heavy_tail_null,0.5,0.15,89,1470,0.0380952380952381,0.5674157303370787
S4_heavy_tail_null,0.5,0.2,89,1664,0.039663461538461536,0.6412520064205457
S4_heavy_tail_null,0.5,0.05,90,0,0.0,0.0
S4_heavy_tail_null,0.5,0.1,90,1090,0.045871559633027525,0.41237113402061853
S4_heavy_tail_null,0.5,0.15,90,1511,0.045665122435473195,0.5717684377478192
S4_heavy_tail_null,0.5,0.2,90,1706,0.04337631887456037,0.6471054718477399
S4_heavy_tail_null,0.5,0.05,91,2,0.0,0.000784313725490196
S4_heavy_tail_null,0.5,0.1,91,932,0.045064377682403435,0.34901960784313724
S4_heavy_tail_null,0.5,0.15,91,1312,0.041158536585365856,0.49333333333333335
S4_heavy_tail_null,0.5,0.2,91,1580,0.0379746835443038,0.596078431372549
S4_heavy_tail_null,0.5,0.05,92,5,0.2,0.0016313213703099511
S4_heavy_tail_null,0.5,0.1,92,1051,0.03139866793529972,0.41517128874388254
S4_heavy_tail_null,0.5,0.15,92,1391,0.03378864126527678,0.5481239804241436
S4_heavy_tail_null,0.5,0.2,92,1595,0.035736677115987464,0.6272430668841762
S4_heavy_tail_null,0.5,0.05,93,629,0.034976152623211444,0.2451534733441034
S4_heavy_tail_null,0.5,0.1,93,1272,0.02908805031446541,0.49878836833602586
S4_heavy_tail_null,0.5,0.15,93,1535,0.028664495114006514,0.6021809369951535
S4_heavy_tail_null,0.5,0.2,93,1687,0.03141671606401897,0.659935379644588
S4_heavy_tail_null,0.5,0.05,94,371,0.04851752021563342,0.13952569169960474
S4_heavy_tail_null,0.5,0.1,94,1108,0.032490974729241874,0.42371541501976284
S4_heavy_tail_null,0.5,0.15,94,1488,0.030913978494623656,0.5699604743083004
S4_heavy_tail_null,0.5,0.2,94,1662,0.03730445246690734,0.6324110671936759
S4_heavy_tail_null,0.5,0.05,95,0,0.0,0.0
S4_heavy_tail_null,0.5,0.1,95,1025,0.0351219512195122,0.39782783588093323
S4_heavy_tail_null,0.5,0.15,95,1352,0.03772189349112426,0.5233306516492358
S4_heavy_tail_null,0.5,0.2,95,1592,0.038944723618090454,0.6154465004022526
S4_heavy_tail_null,0.5,0.05,96,547,0.03656307129798903,0.21224325412807088
S4_heavy_tail_null,0.5,0.1,96,1214,0.02800658978583196,0.4752315747080145
S4_heavy_tail_null,0.5,0.15,96,1512,0.026455026455026454,0.5928312525171164
S4_heavy_tail_null,0.5,0.2,96,1687,0.03082394783639597,0.6584776480064438
S4_heavy_tail_null,0.5,0.05,97,1,1.0,0.0
S4_heavy_tail_null,0.5,0.1,97,951,0.04100946372239748,0.3656776263031275
S4_heavy_tail_null,0.5,0.15,97,1360,0.03897058823529412,0.5240577385725742
S4_heavy_tail_null,0.5,0.2,97,1578,0.04182509505703422,0.6062550120288693
S4_heavy_tail_null,0.5,0.05,98,4,0.5,0.0008130081300813008
S4_heavy_tail_null,0.5,0.1,98,960,0.03125,0.3780487804878049
S4_heavy_tail_null,0.5,0.15,98,1394,0.032281205164992825,0.5483739837398374
S4_heavy_tail_null,0.5,0.2,98,1571,0.036919159770846595,0.615040650406504
S4_heavy_tail_null,0.5,0.05,99,304,0.05263157894736842,0.11442193087008343
S4_heavy_tail_null,0.5,0.1,99,1150,0.030434782608695653,0.44298768375049663
S4_heavy_tail_null,0.5,0.15,99,1449,0.035196687370600416,0.5554231227651967
S4_heavy_tail_null,0.5,0.2,99,1659,0.0379746835443038,0.634088200238379
S4_heavy_tail_null,0.7,0.05,0,121,0.15702479338842976,0.0676841406768414
S4_heavy_tail_null,0.7,0.1,0,479,0.08977035490605428,0.28931652289316523
S4_heavy_tail_null,0.7,0.15,0,735,0.07755102040816327,0.44990046449900467
S4_heavy_tail_null,0.7,0.2,0,847,0.0755608028335301,0.5195753151957532
S4_heavy_tail_null,0.7,0.05,1,2,1.0,0.0
S4_heavy_tail_null,0.7,0.1,1,115,0.16521739130434782,0.06290956749672345
S4_heavy_tail_null,0.7,0.15,1,562,0.09074733096085409,0.3348623853211009
S4_heavy_tail_null,0.7,0.2,1,738,0.07994579945799458,0.44495412844036697
S4_heavy_tail_null,0.7,0.05,2,0,0.0,0.0
S4_heavy_tail_null,0.7,0.1,2,413,0.08232445520581114,0.25799863852961197
S4_heavy_tail_null,0.7,0.15,2,635,0.07716535433070866,0.39891082368958475
S4_heavy_tail_null,0.7,0.2,2,767,0.07170795306388526,0.4846834581347856
S4_heavy_tail_null,0.7,0.05,3,0,0.0,0.0
S4_heavy_tail_null,0.7,0.1,3,297,0.10437710437710437,0.18119891008174388
S4_heavy_tail_null,0.7,0.15,3,587,0.0919931856899489,0.3630790190735695
S4_heavy_tail_null,0.7,0.2,3,724,0.09116022099447514,0.4482288828337875
S4_heavy_tail_null,0.7,0.05,4,32,0.28125,0.015364061456245824
S4_heavy_tail_null,0.7,0.1,4,401,0.08977556109725686,0.24382097528390115
S4_heavy_tail_null,0.7,0.15,4,661,0.0832072617246596,0.40480961923847697
S4_heavy_tail_null,0.7,0.2,4,824,0.07888349514563107,0.5070140280561122
S4_heavy_tail_null,0.7,0.05,5,25,0.4,0.009986684420772303
S4_heavy_tail_null,0.7,0.1,5,387,0.08010335917312661,0.237017310252996
S4_heavy_tail_null,0.7,0.15,5,663,0.08144796380090498,0.4054593874833555
S4_heavy_tail_null,0.7,0.2,5,806,0.07816377171215881,0.49467376830892146
S4_heavy_tail_null,0.7,0.05,6,0,0.0,0.0
S4_heavy_tail_null,0.7,0.1,6,348,0.09195402298850575,0.21236559139784947
S4_heavy_tail_null,0.7,0.15,6,611,0.08183306055646482,0.37701612903225806
S4_heavy_tail_null,0.7,0.2,6,786,0.08142493638676845,0.4852150537634409
S4_heavy_tail_null,0.7,0.05,7,1,1.0,0.0
S4_heavy_tail_null,0.7,0.1,7,257,0.12062256809338522,0.15586206896551724
S4_heavy_tail_null,0.7,0.15,7,558,0.07885304659498207,0.3544827586206897
S4_heavy_tail_null,0.7,0.2,7,726,0.07851239669421488,0.4613793103448276
S4_heavy_tail_null,0.7,0.05,8,0,0.0,0.0
S4_heavy_tail_null,0.7,0.1,8,96,0.16666666666666666,0.053015241882041084
S4_heavy_tail_null,0.7,0.15,8,571,0.09106830122591944,0.34393638170974156
S4_heavy_tail_null,0.7,0.2,8,746,0.09249329758713137,0.4486414844267727
S4_heavy_tail_null,0.7,0.05,9,0,0.0,0.0
S4_heavy_tail_null,0.7,0.1,9,183,0.09289617486338798,0.1089238845144357
S4_heavy_tail_null,0.7,0.15,9,544,0.07904411764705882,0.328740157480315
S4_heavy_tail_null,0.7,0.2,9,794,0.0743073047858942,0.4822834645669291
S4_heavy_tail_null,0.7,0.05,10,90,0.17777777777777778,0.049136786188579015
S4_heavy_tail_null,0.7,0.1,10,497,0.08048289738430583,0.30345285524568394
S4_heavy_tail_null,0.7,0.15,10,745,0.06711409395973154,0.46148738379814075
S4_heavy_tail_null,0.7,0.2,10,872,0.07110091743119266,0.5378486055776892
S4_heavy_tail_null,0.7,0.05,11,1,1.0,0.0
S4_heavy_tail_null,0.7,0.1,11,369,0.11382113821138211,0.21975806451612903
S4_heavy_tail_null,0.7,0.15,11,634,0.08990536277602523,0.38776881720430106
S4_heavy_tail_null,0.7,0.2,11,817,0.08935128518971848,0.5
S4_heavy_tail_null,0.7,0.05,12,0,0.0,0.0
S4_heavy_tail_null,0.7,0.1,12,440,0.10681818181818181,0.2666214382632293
S4_heavy_tail_null,0.7,0.15,12,689,0.0841799709724238,0.4280868385345997
S4_heavy_tail_null,0.7,0.2,12,861,0.07897793263646923,0.5379918588873813
S4_heavy_tail_null,0.7,0.05,13,1,0.0,0.00065359477124183
S4_heavy_tail_null,0.7,0.1,13,229,0.10480349344978165,0.13398692810457516
S4_heavy_tail_null,0.7,0.15,13,540,0.07777777777777778,0.3254901960784314
S4_heavy_tail_null,0.7,0.2,13,732,0.07377049180327869,0.44313725490196076
S4_heavy_tail_null,0.7,0.05,14,6,0.5,0.0019723865877712033
S4_heavy_tail_null,0.7,0.1,14,322,0.09627329192546584,0.1913214990138067
S4_heavy_tail_null,0.7,0.15,14,631,0.08399366085578447,0.3800131492439185
S4_heavy_tail_null,0.7,0.2,14,805,0.08944099378881988,0.4819197896120973
S4_heavy_tail_null,0.7,0.05,15,0,0.0,0.0
S4_heavy_tail_null,0.7,0.1,15,326,0.10429447852760736,0.19531772575250836
S4_heavy_tail_null,0.7,0.15,15,638,0.08934169278996865,0.388628762541806
S4_heavy_tail_null,0.7,0.2,15,813,0.08364083640836409,0.4983277591973244
S4_heavy_tail_null,0.7,0.05,16,0,0.0,0.0
S4_heavy_tail_null,0.7,0.1,16,308,0.10064935064935066,0.18211702827087442
S4_heavy_tail_null,0.7,0.15,16,612,0.0915032679738562,0.36554898093359633
S4_heavy_tail_null,0.7,0.2,16,819,0.08058608058608059,0.49506903353057197
S4_heavy_tail_null,0.7,0.05,17,17,0.35294117647058826,0.00739247311827957
S4_heavy_tail_null,0.7,0.1,17,278,0.11870503597122302,0.1646505376344086
S4_heavy_tail_null,0.7,0.15,17,566,0.08303886925795052,0.3487903225806452
S4_heavy_tail_null,0.7,0.2,17,750,0.076,0.4657258064516129
S4_heavy_tail_null,0.7,0.05,18,7,0.42857142857142855,0.0027155465037338763
S4_heavy_tail_null,0.7,0.1,18,411,0.08029197080291971,0.25661914460285135
S4_heavy_tail_null,0.7,0.15,18,661,0.07564296520423601,0.4147997284453496
S4_heavy_tail_null,0.7,0.2,18,805,0.08074534161490683,0.5023761031907671
S4_heavy_tail_null,0.7,0.05,19,3,0.6666666666666666,0.0006729475100942127
S4_heavy_tail_null,0.7,0.1,19,392,0.08673469387755102,0.24091520861372812
S4_heavy_tail_null,0.7,0.15,19,629,0.08108108108108109,0.38896366083445494
S4_heavy_tail_null,0.7,0.2,19,775,0.07870967741935483,0.48048452220726784
S4_heavy_tail_null,0.7,0.05,20,5,0.4,0.00202020202020202
S4_heavy_tail_null,0.7,0.1,20,278,0.10071942446043165,0.16835016835016836
S4_heavy_tail_null,0.7,0.15,20,597,0.09380234505862646,0.3643097643097643
S4_heavy_tail_null,0.7,0.2,20,763,0.09043250327653997,0.46734006734006733
S4_heavy_tail_null,0.7,0.05,21,138,0.13768115942028986,0.07917498336660013
S4_heavy_tail_null,0.7,0.1,21,564,0.07446808510638298,0.3473053892215569
S4_heavy_tail_null,0.7,0.15,21,805,0.06583850931677018,0.5003326679973387
S4_heavy_tail_null,0.7,0.2,21,944,0.06567796610169492,0.5868263473053892
S4_heavy_tail_null,0.7,0.05,22,2,1.0,0.0
S4_heavy_tail_null,0.7,0.1,22,272,0.1213235294117647,0.15651604453176163
S4_heavy_tail_null,0.7,0.15,22,633,0.07740916271721959,0.38244924688932547
S4_heavy_tail_null,0.7,0.2,22,781,0.08066581306017925,0.4702030124426981
S4_heavy_tail_null,0.7,0.05,23,1,1.0,0.0
S4_heavy_tail_null,0.7,0.1,23,4,0.75,0.0006622516556291391
S4_heavy_tail_null,0.7,0.15,23,475,0.10736842105263159,0.280794701986755
S4_heavy_tail_null,0.7,0.2,23,708,0.096045197740113,0.423841059602649
S4_heavy_tail_null,0.7,0.05,24,1,1.0,0.0
S4_heavy_tail_null,0.7,0.1,24,286,0.1048951048951049,0.17215870880968392
S4_heavy_tail_null,0.7,0.15,24,643,0.08087091757387248,0.39744451916610624
S4_heavy_tail_null,0.7,0.2,24,793,0.0832282471626734,0.48890383322125086
S4_heavy_tail_null,0.7,0.05,25,0,0.0,0.0
S4_heavy_tail_null,0.7,0.1,25,333,0.11411411411411411,0.19798657718120805
S4_heavy_tail_null,0.7,0.15,25,622,0.09646302250803858,0.37718120805369126
S4_heavy_tail_null,0.7,0.2,25,779,0.08985879332477535,0.47583892617449663
S4_heavy_tail_null,0.7,0.05,26,2,0.0,0.0013605442176870747
S4_heavy_tail_null,0.7,0.1,26,398,0.08040201005025126,0.24897959183673468
S4_heavy_tail_null,0.7,0.15,26,638,0.07836990595611286,0.4
S4_heavy_tail_null,0.7,0.2,26,789,0.07731305449936629,0.49523809523809526
S4_heavy_tail_null,0.7,0.05,27,0,0.0,0.0
S4_heavy_tail_null,0.7,0.1,27,438,0.0821917808219178,0.2776243093922652
S4_heavy_tail_null,0.7,0.15,27,690,0.07391304347826087,0.44129834254143646
S4_heavy_tail_null,0.7,0.2,27,862,0.0777262180974478,0.5490331491712708
S4_heavy_tail_null,0.7,0.05,28,1,1.0,0.0
S4_heavy_tail_null,0.7,0.1,28,125,0.112,0.07464694014794888
S4_heavy_tail_null,0.7,0.15,28,543,0.07734806629834254,0.3369199731002018
S4_heavy_tail_null,0.7,0.2,28,710,0.08450704225352113,0.4371217215870881
S4_heavy_tail_null,0.7,0.05,29,97,0.15463917525773196,0.054376657824933686
S4_heavy_tail_null,0.7,0.1,29,510,0.07450980392156863,0.3129973474801061
S4_heavy_tail_null,0.7,0.15,29,707,0.07637906647807638,0.4330238726790451
S4_heavy_tail_null,0.7,0.2,29,859,0.0710128055878929,0.5291777188328912
S4_heavy_tail_null,0.7,0.05,30,0,0.0,0.0
S4_heavy_tail_null,0.7,0.1,30,142,0.1267605633802817,0.08367071524966262
S4_heavy_tail_null,0.7,0.15,30,435,0.0896551724137931,0.26720647773279355
S4_heavy_tail_null,0.7,0.2,30,627,0.09250398724082935,0.38394062078272606
S4_heavy_tail_null,0.7,0.05,31,15,0.26666666666666666,0.007367716008037508
S4_heavy_tail_null,0.7,0.1,31,538,0.06133828996282528,0.3382451440053583
S4_heavy_tail_null,0.7,0.15,31,756,0.05952380952380952,0.47622237106496984
S4_heavy_tail_null,0.7,0.2,31,896,0.06473214285714286,0.5612860013395847
S4_heavy_tail_null,0.7,0.05,32,1,0.0,0.0006510416666666666
S4_heavy_tail_null,0.7,0.1,32,256,0.109375,0.1484375
S4_heavy_tail_null,0.7,0.15,32,579,0.0846286701208981,0.3450520833333333
S4_heavy_tail_null,0.7,0.2,32,814,0.085995085995086,0.484375
S4_heavy_tail_null,0.7,0.05,33,2,1.0,0.0
S4_heavy_tail_null,0.7,0.1,33,230,0.12608695652173912,0.13571910871033085
S4_heavy_tail_null,0.7,0.15,33,588,0.09013605442176871,0.3612424037812289
S4_heavy_tail_null,0.7,0.2,33,779,0.08472400513478819,0.4814314652261985
S4_heavy_tail_null,0.7,0.05,34,12,0.3333333333333333,0.0053475935828877
S4_heavy_tail_null,0.7,0.1,34,433,0.09468822170900693,0.2620320855614973
S4_heavy_tail_null,0.7,0.15,34,705,0.07801418439716312,0.4344919786096257
S4_heavy_tail_null,0.7,0.2,34,872,0.07454128440366972,0.5394385026737968
S4_heavy_tail_null,0.7,0.05,35,19,0.21052631578947367,0.009836065573770493
S4_heavy_tail_null,0.7,0.1,35,342,0.10818713450292397,0.2
S4_heavy_tail_null,0.7,0.15,35,633,0.08688783570300158,0.37901639344262295
S4_heavy_tail_null,0.7,0.2,35,745,0.08590604026845637,0.4465573770491803
S4_heavy_tail_null,0.7,0.05,36,80,0.1875,0.04380053908355795
S4_heavy_tail_null,0.7,0.1,36,516,0.08527131782945736,0.31805929919137466
S4_heavy_tail_null,0.7,0.15,36,723,0.07883817427385892,0.44878706199460916
S4_heavy_tail_null,0.7,0.2,36,874,0.08237986270022883,0.5404312668463612
S4_heavy_tail_null,0.7,0.05,37,3,1.0,0.0
S4_heavy_tail_null,0.7,0.1,37,354,0.08757062146892655,0.2175084175084175
S4_heavy_tail_null,0.7,0.15,37,630,0.07936507936507936,0.39057239057239057
S4_heavy_tail_null,0.7,0.2,37,827,0.07859733978234583,0.5131313131313131
S4_heavy_tail_null,0.7,0.05,38,33,0.21212121212121213,0.016709511568123392
S4_heavy_tail_null,0.7,0.1,38,640,0.0671875,0.38367609254498714
S4_heavy_tail_null,0.7,0.15,38,858,0.06293706293706294,0.5167095115681234
S4_heavy_tail_null,0.7,0.2,38,961,0.060353798126951096,0.5803341902313625
S4_heavy_tail_null,0.7,0.05,39,3,0.6666666666666666,0.0006720430107526882
S4_heavy_tail_null,0.7,0.1,39,347,0.1037463976945245,0.20900537634408603
S4_heavy_tail_null,0.7,0.15,39,616,0.08116883116883117,0.3803763440860215
S4_heavy_tail_null,0.7,0.2,39,782,0.08056265984654731,0.4831989247311828
S4_heavy_tail_null,0.7,0.05,40,0,0.0,0.0
S4_heavy_tail_null,0.7,0.1,40,196,0.14285714285714285,0.11103767349636484
S4_heavy_tail_null,0.7,0.15,40,553,0.09584086799276673,0.3304692663582287
S4_heavy_tail_null,0.7,0.2,40,712,0.09410112359550561,0.426305353602115
S4_heavy_tail_null,0.7,0.05,41,0,0.0,0.0
S4_heavy_tail_null,0.7,0.1,41,205,0.11219512195121951,0.12255892255892256
S4_heavy_tail_null,0.7,0.15,41,537,0.0931098696461825,0.32794612794612793
S4_heavy_tail_null,0.7,0.2,41,767,0.09126466753585398,0.46936026936026937
S4_heavy_tail_null,0.7,0.05,42,57,0.19298245614035087,0.03054448871181939
S4_heavy_tail_null,0.7,0.1,42,439,0.0774487471526196,0.2689243027888446
S4_heavy_tail_null,0.7,0.15,42,664,0.07228915662650602,0.40903054448871184
S4_heavy_tail_null,0.7,0.2,42,833,0.07082833133253301,0.5139442231075697
S4_heavy_tail_null,0.7,0.05,43,35,0.2571428571428571,0.017543859649122806
S4_heavy_tail_null,0.7,0.1,43,490,0.0673469387755102,0.3083670715249663
S4_heavy_tail_null,0.7,0.15,43,743,0.06460296096904442,0.4689608636977058
S4_heavy_tail_null,0.7,0.2,43,884,0.06787330316742081,0.5560053981106613
S4_heavy_tail_null,0.7,0.05,44,45,0.26666666666666666,0.02185430463576159
S4_heavy_tail_null,0.7,0.1,44,480,0.09166666666666666,0.28874172185430463
S4_heavy_tail_null,0.7,0.15,44,721,0.08044382801664356,0.4390728476821192
S4_heavy_tail_null,0.7,0.2,44,841,0.07253269916765755,0.5165562913907285
S4_heavy_tail_null,0.7,0.05,45,11,0.45454545454545453,0.00390625
S4_heavy_tail_null,0.7,0.1,45,288,0.10416666666666667,0.16796875
S4_heavy_tail_null,0.7,0.15,45,553,0.09041591320072333,0.3274739583333333
S4_heavy_tail_null,0.7,0.2,45,773,0.08538163001293661,0.4602864583333333
S4_heavy_tail_null,0.7,0.05,46,21,0.38095238095238093,0.008928571428571428
S4_heavy_tail_null,0.7,0.1,46,428,0.07710280373831775,0.27129120879120877
S4_heavy_tail_null,0.7,0.15,46,687,0.08151382823871907,0.4333791208791209
S4_heavy_tail_null,0.7,0.2,46,819,0.07936507936507936,0.5178571428571429
S4_heavy_tail_null,0.7,0.05,47,0,0.0,0.0
S4_heavy_tail_null,0.7,0.1,47,103,0.1941747572815534,0.05456936226166995
S4_heavy_tail_null,0.7,0.15,47,590,0.08644067796610169,0.35437212360289283
S4_heavy_tail_null,0.7,0.2,47,770,0.08441558441558442,0.4635108481262327
S4_heavy_tail_null,0.7,0.05,48,6,0.5,0.002005347593582888
S4_heavy_tail_null,0.7,0.1,48,333,0.12612612612612611,0.1945187165775401
S4_heavy_tail_null,0.7,0.15,48,619,0.09208400646203554,0.37566844919786097
S4_heavy_tail_null,0.7,0.2,48,814,0.08845208845208845,0.4959893048128342
S4_heavy_tail_null,0.7,0.05,49,1,1.0,0.0
S4_heavy_tail_null,0.7,0.1,49,1,1.0,0.0
S4_heavy_tail_null,0.7,0.15,49,498,0.10040160642570281,0.30601092896174864
S4_heavy_tail_null,0.7,0.2,49,729,0.08916323731138547,0.453551912568306
S4_heavy_tail_null,0.7,0.05,50,0,0.0,0.0
S4_heavy_tail_null,0.7,0.1,50,14,0.35714285714285715,0.006028131279303416
S4_heavy_tail_null,0.7,0.15,50,502,0.10159362549800798,0.30207635632953783
S4_heavy_tail_null,0.7,0.2,50,725,0.0896551724137931,0.4420629604822505
S4_heavy_tail_null,0.7,0.05,51,0,0.0,0.0
S4_heavy_tail_null,0.7,0.1,51,48,0.2708333333333333,0.022697795071335927
S4_heavy_tail_null,0.7,0.15,51,539,0.09647495361781076,0.3158236057068742
S4_heavy_tail_null,0.7,0.2,51,788,0.08375634517766498,0.4682230869001297
S4_heavy_tail_null,0.7,0.05,52,1,1.0,0.0
S4_heavy_tail_null,0.7,0.1,52,79,0.20253164556962025,0.042140468227424746
S4_heavy_tail_null,0.7,0.15,52,537,0.0893854748603352,0.32709030100334446
S4_heavy_tail_null,0.7,0.2,52,733,0.07776261937244201,0.45217391304347826
S4_heavy_tail_null,0.7,0.05,53,1,1.0,0.0
S4_heavy_tail_null,0.7,0.1,53,223,0.08520179372197309,0.13554817275747508
S4_heavy_tail_null,0.7,0.15,53,621,0.07729468599033816,0.38073089700996676
S4_heavy_tail_null,0.7,0.2,53,775,0.07741935483870968,0.4750830564784053
S4_heavy_tail_null,0.7,0.05,54,0,0.0,0.0
S4_heavy_tail_null,0.7,0.1,54,390,0.08205128205128205,0.24238320920785375
S4_heavy_tail_null,0.7,0.15,54,654,0.06422018348623854,0.4143534190927556
S4_heavy_tail_null,0.7,0.2,54,777,0.06306306306306306,0.4928909952606635
S4_heavy_tail_null,0.7,0.05,55,0,0.0,0.0
S4_heavy_tail_null,0.7,0.1,55,0,0.0,0.0
S4_heavy_tail_null,0.7,0.15,55,392,0.09438775510204081,0.24348422496570646
S4_heavy_tail_null,0.7,0.2,55,578,0.0847750865051903,0.3628257887517147
S4_heavy_tail_null,0.7,0.05,56,0,0.0,0.0
S4_heavy_tail_null,0.7,0.1,56,312,0.09615384615384616,0.18613861386138614
S4_heavy_tail_null,0.7,0.15,56,606,0.07590759075907591,0.3696369636963696
S4_heavy_tail_null,0.7,0.2,56,776,0.08118556701030928,0.47062706270627064
S4_heavy_tail_null,0.7,0.05,57,0,0.0,0.0
S4_heavy_tail_null,0.7,0.1,57,300,0.11,0.1826265389876881
S4_heavy_tail_null,0.7,0.15,57,580,0.08793103448275862,0.36183310533515733
S4_heavy_tail_null,0.7,0.2,57,705,0.08226950354609928,0.4425444596443228
S4_heavy_tail_null,0.7,0.05,58,1,1.0,0.0
S4_heavy_tail_null,0.7,0.1,58,2,1.0,0.0
S4_heavy_tail_null,0.7,0.15,58,498,0.1144578313253012,0.293218085106383
S4_heavy_tail_null,0.7,0.2,58,670,0.1,0.4009308510638298
S4_heavy_tail_null,0.7,0.05,59,40,0.2,0.021319120586275817
S4_heavy_tail_null,0.7,0.1,59,400,0.0675,0.24850099933377748
S4_heavy_tail_null,0.7,0.15,59,642,0.07165109034267912,0.39706862091938705
S4_heavy_tail_null,0.7,0.2,59,807,0.07558859975216853,0.49700199866755496
S4_heavy_tail_null,0.7,0.05,60,1,1.0,0.0
S4_heavy_tail_null,0.7,0.1,60,367,0.09536784741144415,0.21586475942782835
S4_heavy_tail_null,0.7,0.15,60,611,0.08183306055646482,0.3647594278283485
S4_heavy_tail_null,0.7,0.2,60,816,0.09558823529411764,0.4798439531859558
S4_heavy_tail_null,0.7,0.05,61,63,0.12698412698412698,0.03678929765886288
S4_heavy_tail_null,0.7,0.1,61,501,0.06387225548902195,0.3137123745819398
S4_heavy_tail_null,0.7,0.15,61,711,0.07172995780590717,0.4414715719063545
S4_heavy_tail_null,0.7,0.2,61,862,0.07540603248259861,0.5331103678929766
S4_heavy_tail_null,0.7,0.05,62,0,0.0,0.0
S4_heavy_tail_null,0.7,0.1,62,286,0.1048951048951049,0.17379497623896809
S4_heavy_tail_null,0.7,0.15,62,537,0.09497206703910614,0.329938900203666
S4_heavy_tail_null,0.7,0.2,62,700,0.08714285714285715,0.43380855397148677
S4_heavy_tail_null,0.7,0.05,63,0,0.0,0.0
S4_heavy_tail_null,0.7,0.1,63,0,0.0,0.0
S4_heavy_tail_null,0.7,0.15,63,499,0.08817635270541083,0.3080568720379147
S4_heavy_tail_null,0.7,0.2,63,738,0.08536585365853659,0.45700744752877454
S4_heavy_tail_null,0.7,0.05,64,0,0.0,0.0
S4_heavy_tail_null,0.7,0.1,64,323,0.07739938080495357,0.19787516600265603
S4_heavy_tail_null,0.7,0.15,64,581,0.07056798623063683,0.35856573705179284
S4_heavy_tail_null,0.7,0.2,64,788,0.07741116751269035,0.48273572377158036
S4_heavy_tail_null,0.7,0.05,65,0,0.0,0.0
S4_heavy_tail_null,0.7,0.1,65,160,0.19375,0.08799454297407913
S4_heavy_tail_null,0.7,0.15,65,529,0.10964083175803403,0.32128240109140516
S4_heavy_tail_null,0.7,0.2,65,713,0.09396914446002805,0.4406548431105048
S4_heavy_tail_null,0.7,0.05,66,14,0.07142857142857142,0.00847457627118644
S4_heavy_tail_null,0.7,0.1,66,458,0.09170305676855896,0.2711864406779661
S4_heavy_tail_null,0.7,0.15,66,709,0.08321579689703808,0.423728813559322
S4_heavy_tail_null,0.7,0.2,66,856,0.07827102803738317,0.5143415906127771
S4_heavy_tail_null,0.7,0.05,67,0,0.0,0.0
S4_heavy_tail_null,0.7,0.1,67,440,0.075,0.2653194263363755
S4_heavy_tail_null,0.7,0.15,67,731,0.06839945280437756,0.4439374185136897
S4_heavy_tail_null,0.7,0.2,67,856,0.07242990654205607,0.5176010430247718
S4_heavy_tail_null,0.7,0.05,68,50,0.22,0.026192075218267292
S4_heavy_tail_null,0.7,0.1,68,509,0.06679764243614932,0.31900604432505036
S4_heavy_tail_null,0.7,0.15,68,710,0.07746478873239436,0.4398925453324379
S4_heavy_tail_null,0.7,0.2,68,838,0.07995226730310262,0.5177971793149765
S4_heavy_tail_null,0.7,0.05,69,1,1.0,0.0
S4_heavy_tail_null,0.7,0.1,69,360,0.09722222222222222,0.21681120747164775
S4_heavy_tail_null,0.7,0.15,69,625,0.0816,0.3829219479653102
S4_heavy_tail_null,0.7,0.2,69,793,0.07692307692307693,0.4883255503669113
S4_heavy_tail_null,0.7,0.05,70,0,0.0,0.0
S4_heavy_tail_null,0.7,0.1,70,255,0.10980392156862745,0.15368991198375084
S4_heavy_tail_null,0.7,0.15,70,526,0.09315589353612168,0.3229519295870007
S4_heavy_tail_null,0.7,0.2,70,759,0.08827404479578392,0.4685172647257955
S4_heavy_tail_null,0.7,0.05,71,148,0.08783783783783784,0.08709677419354839
S4_heavy_tail_null,0.7,0.1,71,526,0.06273764258555133,0.31806451612903225
S4_heavy_tail_null,0.7,0.15,71,747,0.06693440428380187,0.44967741935483874
S4_heavy_tail_null,0.7,0.2,71,859,0.06053550640279395,0.5206451612903226
S4_heavy_tail_null,0.7,0.05,72,2,1.0,0.0
S4_heavy_tail_null,0.7,0.1,72,335,0.11343283582089553,0.19488188976377951
S4_heavy_tail_null,0.7,0.15,72,620,0.07741935483870968,0.3753280839895013
S4_heavy_tail_null,0.7,0.2,72,828,0.07729468599033816,0.5013123359580053
S4_heavy_tail_null,0.7,0.05,73,19,0.42105263157894735,0.0071151358344113845
S4_heavy_tail_null,0.7,0.1,73,426,0.09154929577464789,0.2503234152652005
S4_heavy_tail_null,0.7,0.15,73,664,0.08283132530120482,0.39391979301423025
S4_heavy_tail_null,0.7,0.2,73,856,0.08177570093457943,0.5084087968952135
S4_heavy_tail_null,0.7,0.05,74,0,0.0,0.0
S4_heavy_tail_null,0.7,0.1,74,362,0.11878453038674033,0.21656483367277665
S4_heavy_tail_null,0.7,0.15,74,586,0.09556313993174062,0.35980991174473864
S4_heavy_tail_null,0.7,0.2,74,833,0.09003601440576231,0.5145960624575696
S4_heavy_tail_null,0.7,0.05,75,0,0.0,0.0
S4_heavy_tail_null,0.7,0.1,75,207,0.11594202898550725,0.1230665770006725
S4_heavy_tail_null,0.7,0.15,75,559,0.09123434704830054,0.34162743779421656
S4_heavy_tail_null,0.7,0.2,75,757,0.07926023778071334,0.468728984532616
S4_heavy_tail_null,0.7,0.05,76,2,1.0,0.0
S4_heavy_tail_null,0.7,0.1,76,118,0.1440677966101695,0.06614276358873608
S4_heavy_tail_null,0.7,0.15,76,543,0.09392265193370165,0.32220039292730845
S4_heavy_tail_null,0.7,0.2,76,764,0.09424083769633508,0.4531761624099542
S4_heavy_tail_null,0.7,0.05,77,6,0.6666666666666666,0.0013227513227513227
S4_heavy_tail_null,0.7,0.1,77,291,0.11683848797250859,0.16997354497354497
S4_heavy_tail_null,0.7,0.15,77,571,0.09281961471103327,0.3425925925925926
S4_heavy_tail_null,0.7,0.2,77,801,0.08489388264669163,0.48478835978835977
S4_heavy_tail_null,0.7,0.05,78,0,0.0,0.0
S4_heavy_tail_null,0.7,0.1,78,236,0.13135593220338984,0.13294422827496757
S4_heavy_tail_null,0.7,0.15,78,624,0.09455128205128205,0.3664072632944228
S4_heavy_tail_null,0.7,0.2,78,776,0.09536082474226804,0.45525291828793774
S4_heavy_tail_null,0.7,0.05,79,0,0.0,0.0
S4_heavy_tail_null,0.7,0.1,79,292,0.10273972602739725,0.17293729372937294
S4_heavy_tail_null,0.7,0.15,79,620,0.07741935483870968,0.37755775577557754
S4_heavy_tail_null,0.7,0.2,79,793,0.07313997477931904,0.48514851485148514
S4_heavy_tail_null,0.7,0.05,80,0,0.0,0.0
S4_heavy_tail_null,0.7,0.1,80,258,0.11627906976744186,0.15240641711229946
S4_heavy_tail_null,0.7,0.15,80,574,0.08188153310104529,0.3522727272727273
S4_heavy_tail_null,0.7,0.2,80,759,0.07905138339920949,0.4672459893048128
S4_heavy_tail_null,0.7,0.05,81,5,0.4,0.0019801980198019802
S4_heavy_tail_null,0.7,0.1,81,456,0.09649122807017543,0.27194719471947193
S4_heavy_tail_null,0.7,0.15,81,765,0.08496732026143791,0.46204620462046203
S4_heavy_tail_null,0.7,0.2,81,899,0.08231368186874305,0.5445544554455446
S4_heavy_tail_null,0.7,0.05,82,1,1.0,0.0
S4_heavy_tail_null,0.7,0.1,82,130,0.12307692307692308,0.07922168172341904
S4_heavy_tail_null,0.7,0.15,82,468,0.07905982905982906,0.2995135510771369
S4_heavy_tail_null,0.7,0.2,82,669,0.07623318385650224,0.4294649061848506
S4_heavy_tail_null,0.7,0.05,83,0,0.0,0.0
S4_heavy_tail_null,0.7,0.1,83,415,0.07951807228915662,0.25298013245033113
S4_heavy_tail_null,0.7,0.15,83,716,0.07541899441340782,0.4384105960264901
S4_heavy_tail_null,0.7,0.2,83,866,0.07390300230946882,0.5311258278145695
S4_heavy_tail_null,0.7,0.05,84,0,0.0,0.0
S4_heavy_tail_null,0.7,0.1,84,2,0.5,0.00065359477124183
S4_heavy_tail_null,0.7,0.15,84,384,0.109375,0.2235294117647059
S4_heavy_tail_null,0.7,0.2,84,674,0.08605341246290801,0.40261437908496733
S4_heavy_tail_null,0.7,0.05,85,4,0.75,0.000664451827242525
S4_heavy_tail_null,0.7,0.1,85,290,0.1103448275862069,0.17142857142857143
S4_heavy_tail_null,0.7,0.15,85,599,0.08013355592654424,0.3661129568106312
S4_heavy_tail_null,0.7,0.2,85,765,0.08496732026143791,0.46511627906976744
S4_heavy_tail_null,0.7,0.05,86,0,0.0,0.0
S4_heavy_tail_null,0.7,0.1,86,376,0.09574468085106383,0.2189311010946555
S4_heavy_tail_null,0.7,0.15,86,728,0.08104395604395605,0.4307791371538957
S4_heavy_tail_null,0.7,0.2,86,881,0.07945516458569807,0.5222150676110754
S4_heavy_tail_null,0.7,0.05,87,21,0.38095238095238093,0.008338678640153944
S4_heavy_tail_null,0.7,0.1,87,429,0.08158508158508158,0.25272610647851185
S4_heavy_tail_null,0.7,0.15,87,688,0.07267441860465117,0.40923669018601666
S4_heavy_tail_null,0.7,0.2,87,868,0.06912442396313365,0.5182809493264914
S4_heavy_tail_null,0.7,0.05,88,2,1.0,0.0
S4_heavy_tail_null,0.7,0.1,88,3,1.0,0.0
S4_heavy_tail_null,0.7,0.15,88,540,0.10925925925925926,0.31644736842105264
S4_heavy_tail_null,0.7,0.2,88,747,0.09236947791164658,0.44605263157894737
S4_heavy_tail_null,0.7,0.05,89,2,1.0,0.0
S4_heavy_tail_null,0.7,0.1,89,4,0.75,0.0006544502617801048
S4_heavy_tail_null,0.7,0.15,89,547,0.08592321755027423,0.32722513089005234
S4_heavy_tail_null,0.7,0.2,89,780,0.08461538461538462,0.46727748691099474
S4_heavy_tail_null,0.7,0.05,90,6,0.3333333333333333,0.002616088947024199
S4_heavy_tail_null,0.7,0.1,90,505,0.08118811881188119,0.30346631785480704
S4_heavy_tail_null,0.7,0.15,90,743,0.07267833109017496,0.45062132112491826
S4_heavy_tail_null,0.7,0.2,90,910,0.07802197802197802,0.5487246566383257
S4_heavy_tail_null,0.7,0.05,91,1,0.0,0.0006583278472679394
S4_heavy_tail_null,0.7,0.1,91,356,0.09269662921348315,0.21263989466754443
S4_heavy_tail_null,0.7,0.15,91,596,0.08053691275167785,0.3607636603028308
S4_heavy_tail_null,0.7,0.2,91,763,0.08256880733944955,0.4608294930875576
S4_heavy_tail_null,0.7,0.05,92,0,0.0,0.0
S4_heavy_tail_null,0.7,0.1,92,64,0.203125,0.03469387755102041
S4_heavy_tail_null,0.7,0.15,92,526,0.09695817490494296,0.3231292517006803
S4_heavy_tail_null,0.7,0.2,92,728,0.09065934065934066,0.45034013605442175
S4_heavy_tail_null,0.7,0.05,93,22,0.2727272727272727,0.010818120351588911
S4_heavy_tail_null,0.7,0.1,93,295,0.08135593220338982,0.1832319134550372
S4_heavy_tail_null,0.7,0.15,93,625,0.0704,0.3928329952670723
S4_heavy_tail_null,0.7,0.2,93,797,0.06900878293601004,0.5016903313049358
S4_heavy_tail_null,0.7,0.05,94,77,0.2077922077922078,0.04183813443072702
S4_heavy_tail_null,0.7,0.1,94,501,0.10578842315369262,0.30727023319615915
S4_heavy_tail_null,0.7,0.15,94,688,0.09302325581395349,0.4279835390946502
S4_heavy_tail_null,0.7,0.2,94,836,0.08971291866028708,0.5219478737997256
S4_heavy_tail_null,0.7,0.05,95,2,1.0,0.0
S4_heavy_tail_null,0.7,0.1,95,222,0.1036036036036036,0.1364883401920439
S4_heavy_tail_null,0.7,0.15,95,580,0.08275862068965517,0.36488340192043894
S4_heavy_tail_null,0.7,0.2,95,738,0.08807588075880758,0.4615912208504801
S4_heavy_tail_null,0.7,0.05,96,2,1.0,0.0
S4_heavy_tail_null,0.7,0.1,96,387,0.09043927648578812,0.23388704318936876
S4_heavy_tail_null,0.7,0.15,96,693,0.0735930735930736,0.42657807308970097
S4_heavy_tail_null,0.7,0.2,96,832,0.0733173076923077,0.5122923588039867
S4_heavy_tail_null,0.7,0.05,97,217,0.08755760368663594,0.13589567604667124
S4_heavy_tail_null,0.7,0.1,97,518,0.07142857142857142,0.33013040494166096
S4_heavy_tail_null,0.7,0.15,97,720,0.06805555555555555,0.4605353466026081
S4_heavy_tail_null,0.7,0.2,97,852,0.07746478873239436,0.5394646533973919
S4_heavy_tail_null,0.7,0.05,98,31,0.22580645161290322,0.016238159675236806
S4_heavy_tail_null,0.7,0.1,98,422,0.06635071090047394,0.2665764546684709
S4_heavy_tail_null,0.7,0.15,98,691,0.06367583212735166,0.43775372124492556
S4_heavy_tail_null,0.7,0.2,98,847,0.06257378984651712,0.5372124492557511
S4_heavy_tail_null,0.7,0.05,99,0,0.0,0.0
S4_heavy_tail_null,0.7,0.1,99,387,0.09043927648578812,0.23466666666666666
S4_heavy_tail_null,0.7,0.15,99,667,0.0704647676161919,0.41333333333333333
S4_heavy_tail_null,0.7,0.2,99,840,0.06904761904761905,0.5213333333333333
S4_heavy_tail_null,0.9,0.05,0,0,0.0,0.0
S4_heavy_tail_null,0.9,0.1,0,7,0.5714285714285714,0.006160164271047228
S4_heavy_tail_null,0.9,0.15,0,67,0.3582089552238806,0.08829568788501027
S4_heavy_tail_null,0.9,0.2,0,122,0.36065573770491804,0.1601642710472279
S4_heavy_tail_null,0.9,0.05,1,0,0.0,0.0
S4_heavy_tail_null,0.9,0.1,1,0,0.0,0.0
S4_heavy_tail_null,0.9,0.15,1,0,0.0,0.0
S4_heavy_tail_null,0.9,0.2,1,48,0.5416666666666666,0.04365079365079365
S4_heavy_tail_null,0.9,0.05,2,12,0.5,0.011811023622047244
S4_heavy_tail_null,0.9,0.1,2,25,0.32,0.03346456692913386
S4_heavy_tail_null,0.9,0.15,2,62,0.25806451612903225,0.09055118110236221
S4_heavy_tail_null,0.9,0.2,2,123,0.18699186991869918,0.1968503937007874
S4_heavy_tail_null,0.9,0.05,3,4,0.75,0.002070393374741201
S4_heavy_tail_null,0.9,0.1,3,10,0.7,0.006211180124223602
S4_heavy_tail_null,0.9,0.15,3,17,0.6470588235294118,0.012422360248447204
S4_heavy_tail_null,0.9,0.2,3,129,0.3798449612403101,0.16563146997929606
S4_heavy_tail_null,0.9,0.05,4,5,1.0,0.0
S4_heavy_tail_null,0.9,0.1,4,20,0.55,0.01882845188284519
S4_heavy_tail_null,0.9,0.15,4,40,0.475,0.043933054393305436
S4_heavy_tail_null,0.9,0.2,4,70,0.37142857142857144,0.09205020920502092
S4_heavy_tail_null,0.9,0.05,5,0,0.0,0.0
S4_heavy_tail_null,0.9,0.1,5,4,0.75,0.0019880715705765406
S4_heavy_tail_null,0.9,0.15,5,13,0.5384615384615384,0.011928429423459244
S4_heavy_tail_null,0.9,0.2,5,101,0.2871287128712871,0.14314115308151093
S4_heavy_tail_null,0.9,0.05,6,1,1.0,0.0
S4_heavy_tail_null,0.9,0.1,6,8,0.5,0.00816326530612245
S4_heavy_tail_null,0.9,0.15,6,23,0.43478260869565216,0.026530612244897958
S4_heavy_tail_null,0.9,0.2,6,113,0.3008849557522124,0.16122448979591836
S4_heavy_tail_null,0.9,0.05,7,2,1.0,0.0
S4_heavy_tail_null,0.9,0.1,7,3,1.0,0.0
S4_heavy_tail_null,0.9,0.15,7,7,0.5714285714285714,0.0063025210084033615
S4_heavy_tail_null,0.9,0.2,7,87,0.40229885057471265,0.1092436974789916
S4_heavy_tail_null,0.9,0.05,8,0,0.0,0.0
S4_heavy_tail_null,0.9,0.1,8,0,0.0,0.0
S4_heavy_tail_null,0.9,0.15,8,0,0.0,0.0
S4_heavy_tail_null,0.9,0.2,8,0,0.0,0.0
S4_heavy_tail_null,0.9,0.05,9,1,1.0,0.0
S4_heavy_tail_null,0.9,0.1,9,12,0.9166666666666666,0.002070393374741201
S4_heavy_tail_null,0.9,0.15,9,15,0.8666666666666667,0.004140786749482402
S4_heavy_tail_null,0.9,0.2,9,44,0.4772727272727273,0.047619047619047616
S4_heavy_tail_null,0.9,0.05,10,7,0.7142857142857143,0.00392156862745098
S4_heavy_tail_null,0.9,0.1,10,15,0.6666666666666666,0.00980392156862745
S4_heavy_tail_null,0.9,0.15,10,41,0.4878048780487805,0.041176470588235294
S4_heavy_tail_null,0.9,0.2,10,55,0.43636363636363634,0.060784313725490195
S4_heavy_tail_null,0.9,0.05,11,0,0.0,0.0
S4_heavy_tail_null,0.9,0.1,11,3,1.0,0.0
S4_heavy_tail_null,0.9,0.15,11,5,0.8,0.001953125
S4_heavy_tail_null,0.9,0.2,11,15,0.6666666666666666,0.009765625
S4_heavy_tail_null,0.9,0.05,12,2,1.0,0.0
S4_heavy_tail_null,0.9,0.1,12,2,1.0,0.0
S4_heavy_tail_null,0.9,0.15,12,42,0.4523809523809524,0.04883227176220807
S4_heavy_tail_null,0.9,0.2,12,119,0.31092436974789917,0.1740976645435244
S4_heavy_tail_null,0.9,0.05,13,2,0.5,0.001968503937007874
S4_heavy_tail_null,0.9,0.1,13,7,0.2857142857142857,0.00984251968503937
S4_heavy_tail_null,0.9,0.15,13,45,0.4,0.0531496062992126
S4_heavy_tail_null,0.9,0.2,13,109,0.3302752293577982,0.1437007874015748
S4_heavy_tail_null,0.9,0.05,14,5,1.0,0.0
S4_heavy_tail_null,0.9,0.1,14,26,0.6923076923076923,0.0150093808630394
S4_heavy_tail_null,0.9,0.15,14,35,0.6285714285714286,0.024390243902439025
S4_heavy_tail_null,0.9,0.2,14,58,0.46551724137931033,0.058161350844277676
S4_heavy_tail_null,0.9,0.05,15,6,0.6666666666666666,0.004123711340206186
S4_heavy_tail_null,0.9,0.1,15,18,0.5555555555555556,0.016494845360824743
S4_heavy_tail_null,0.9,0.15,15,90,0.35555555555555557,0.11958762886597939
S4_heavy_tail_null,0.9,0.2,15,133,0.2932330827067669,0.19381443298969073
S4_heavy_tail_null,0.9,0.05,16,1,1.0,0.0
S4_heavy_tail_null,0.9,0.1,16,2,1.0,0.0
S4_heavy_tail_null,0.9,0.15,16,10,0.8,0.003898635477582846
S4_heavy_tail_null,0.9,0.2,16,57,0.43859649122807015,0.06237816764132553
S4_heavy_tail_null,0.9,0.05,17,0,0.0,0.0
S4_heavy_tail_null,0.9,0.1,17,14,0.5714285714285714,0.012552301255230125
S4_heavy_tail_null,0.9,0.15,17,36,0.5833333333333334,0.03138075313807531
S4_heavy_tail_null,0.9,0.2,17,122,0.319672131147541,0.17364016736401675
S4_heavy_tail_null,0.9,0.05,18,1,1.0,0.0
S4_heavy_tail_null,0.9,0.1,18,13,0.5384615384615384,0.013015184381778741
S4_heavy_tail_null,0.9,0.15,18,92,0.29347826086956524,0.14099783080260303
S4_heavy_tail_null,0.9,0.2,18,161,0.3167701863354037,0.2386117136659436
S4_heavy_tail_null,0.9,0.05,19,3,0.6666666666666666,0.0020242914979757085
S4_heavy_tail_null,0.9,0.1,19,9,0.6666666666666666,0.006072874493927126
S4_heavy_tail_null,0.9,0.15,19,36,0.4166666666666667,0.04251012145748988
S4_heavy_tail_null,0.9,0.2,19,77,0.33766233766233766,0.10323886639676114
S4_heavy_tail_null,0.9,0.05,20,7,0.8571428571428571,0.0020325203252032522
S4_heavy_tail_null,0.9,0.1,20,59,0.3220338983050847,0.08130081300813008
S4_heavy_tail_null,0.9,0.15,20,138,0.2536231884057971,0.20934959349593496
S4_heavy_tail_null,0.9,0.2,20,175,0.24,0.2703252032520325
S4_heavy_tail_null,0.9,0.05,21,5,1.0,0.0
S4_heavy_tail_null,0.9,0.1,21,43,0.4883720930232558,0.043137254901960784
S4_heavy_tail_null,0.9,0.15,21,79,0.4430379746835443,0.08627450980392157
S4_heavy_tail_null,0.9,0.2,21,142,0.31690140845070425,0.19019607843137254
S4_heavy_tail_null,0.9,0.05,22,1,1.0,0.0
S4_heavy_tail_null,0.9,0.1,22,4,0.75,0.0018552875695732839
S4_heavy_tail_null,0.9,0.15,22,32,0.5625,0.025974025974025976
S4_heavy_tail_null,0.9,0.2,22,136,0.29411764705882354,0.17810760667903525
S4_heavy_tail_null,0.9,0.05,23,1,1.0,0.0
S4_heavy_tail_null,0.9,0.1,23,6,0.5,0.005964214711729622
S4_heavy_tail_null,0.9,0.15,23,19,0.42105263157894735,0.02186878727634195
S4_heavy_tail_null,0.9,0.2,23,99,0.3333333333333333,0.1312127236580517
S4_heavy_tail_null,0.9,0.05,24,2,1.0,0.0
S4_heavy_tail_null,0.9,0.1,24,45,0.4,0.0536779324055666
S4_heavy_tail_null,0.9,0.15,24,91,0.26373626373626374,0.13320079522862824
S4_heavy_tail_null,0.9,0.2,24,166,0.24096385542168675,0.2504970178926441
S4_heavy_tail_null,0.9,0.05,25,0,0.0,0.0
S4_heavy_tail_null,0.9,0.1,25,0,0.0,0.0
S4_heavy_tail_null,0.9,0.15,25,7,0.7142857142857143,0.004073319755600814
S4_heavy_tail_null,0.9,0.2,25,58,0.3793103448275862,0.07331975560081466
S4_heavy_tail_null,0.9,0.05,26,21,0.38095238095238093,0.026530612244897958
S4_heavy_tail_null,0.9,0.1,26,66,0.24242424242424243,0.10204081632653061
S4_heavy_tail_null,0.9,0.15,26,132,0.18181818181818182,0.22040816326530613
S4_heavy_tail_null,0.9,0.2,26,175,0.17714285714285713,0.2938775510204082
S4_heavy_tail_null,0.9,0.05,27,1,1.0,0.0
S4_heavy_tail_null,0.9,0.1,27,1,1.0,0.0
S4_heavy_tail_null,0.9,0.15,27,2,1.0,0.0
S4_heavy_tail_null,0.9,0.2,27,36,0.4444444444444444,0.044444444444444446
S4_heavy_tail_null,0.9,0.05,28,3,0.3333333333333333,0.0038461538461538464
S4_heavy_tail_null,0.9,0.1,28,13,0.46153846153846156,0.013461538461538462
S4_heavy_tail_null,0.9,0.15,28,29,0.41379310344827586,0.032692307692307694
S4_heavy_tail_null,0.9,0.2,28,105,0.3142857142857143,0.13846153846153847
S4_heavy_tail_null,0.9,0.05,29,1,1.0,0.0
S4_heavy_tail_null,0.9,0.1,29,14,0.42857142857142855,0.015444015444015444
S4_heavy_tail_null,0.9,0.15,29,35,0.45714285714285713,0.03667953667953668
S4_heavy_tail_null,0.9,0.2,29,98,0.3163265306122449,0.12934362934362933
S4_heavy_tail_null,0.9,0.05,30,11,0.9090909090909091,0.001953125
S4_heavy_tail_null,0.9,0.1,30,25,0.64,0.017578125
S4_heavy_tail_null,0.9,0.15,30,115,0.33043478260869563,0.150390625
S4_heavy_tail_null,0.9,0.2,30,162,0.30864197530864196,0.21875
S4_heavy_tail_null,0.9,0.05,31,4,0.75,0.0019723865877712033
S4_heavy_tail_null,0.9,0.1,31,21,0.7142857142857143,0.011834319526627219
S4_heavy_tail_null,0.9,0.15,31,103,0.3300970873786408,0.13609467455621302
S4_heavy_tail_null,0.9,0.2,31,144,0.3055555555555556,0.19723865877712032
S4_heavy_tail_null,0.9,0.05,32,0,0.0,0.0
S4_heavy_tail_null,0.9,0.1,32,4,1.0,0.0
S4_heavy_tail_null,0.9,0.15,32,14,0.5714285714285714,0.011928429423459244
S4_heavy_tail_null,0.9,0.2,32,70,0.38571428571428573,0.08548707753479125
S4_heavy_tail_null,0.9,0.05,33,0,0.0,0.0
S4_heavy_tail_null,0.9,0.1,33,0,0.0,0.0
S4_heavy_tail_null,0.9,0.15,33,0,0.0,0.0
S4_heavy_tail_null,0.9,0.2,33,138,0.2971014492753623,0.17863720073664824
S4_heavy_tail_null,0.9,0.05,34,2,1.0,0.0
S4_heavy_tail_null,0.9,0.1,34,9,0.7777777777777778,0.003992015968063872
S4_heavy_tail_null,0.9,0.15,34,32,0.46875,0.033932135728542916
S4_heavy_tail_null,0.9,0.2,34,82,0.36585365853658536,0.10379241516966067
S4_heavy_tail_null,0.9,0.05,35,10,0.6,0.008016032064128256
S4_heavy_tail_null,0.9,0.1,35,70,0.34285714285714286,0.09218436873747494
S4_heavy_tail_null,0.9,0.15,35,134,0.29850746268656714,0.18837675350701402
S4_heavy_tail_null,0.9,0.2,35,183,0.26229508196721313,0.27054108216432865
S4_heavy_tail_null,0.9,0.05,36,5,1.0,0.0
S4_heavy_tail_null,0.9,0.1,36,31,0.41935483870967744,0.03550295857988166
S4_heavy_tail_null,0.9,0.15,36,105,0.3142857142857143,0.14201183431952663
S4_heavy_tail_null,0.9,0.2,36,149,0.2684563758389262,0.21499013806706113
S4_heavy_tail_null,0.9,0.05,37,0,0.0,0.0
S4_heavy_tail_null,0.9,0.1,37,4,1.0,0.0
S4_heavy_tail_null,0.9,0.15,37,4,1.0,0.0
S4_heavy_tail_null,0.9,0.2,37,65,0.36923076923076925,0.08266129032258064
S4_heavy_tail_null,0.9,0.05,38,1,1.0,0.0
S4_heavy_tail_null,0.9,0.1,38,2,0.5,0.0019011406844106464
S4_heavy_tail_null,0.9,0.15,38,50,0.44,0.053231939163498096
S4_heavy_tail_null,0.9,0.2,38,165,0.28484848484848485,0.22433460076045628
S4_heavy_tail_null,0.9,0.05,39,2,1.0,0.0
S4_heavy_tail_null,0.9,0.1,39,5,0.8,0.0021141649048625794
S4_heavy_tail_null,0.9,0.15,39,51,0.37254901960784315,0.06765327695560254
S4_heavy_tail_null,0.9,0.2,39,100,0.28,0.1522198731501057
S4_heavy_tail_null,0.9,0.05,40,5,1.0,0.0
S4_heavy_tail_null,0.9,0.1,40,5,1.0,0.0
S4_heavy_tail_null,0.9,0.15,40,60,0.5166666666666667,0.05846774193548387
S4_heavy_tail_null,0.9,0.2,40,88,0.3977272727272727,0.10685483870967742
S4_heavy_tail_null,0.9,0.05,41,0,0.0,0.0
S4_heavy_tail_null,0.9,0.1,41,3,1.0,0.0
S4_heavy_tail_null,0.9,0.15,41,67,0.3880597014925373,0.08384458077709611
S4_heavy_tail_null,0.9,0.2,41,98,0.37755102040816324,0.12474437627811862
S4_heavy_tail_null,0.9,0.05,42,7,0.5714285714285714,0.005703422053231939
S4_heavy_tail_null,0.9,0.1,42,9,0.4444444444444444,0.009505703422053232
S4_heavy_tail_null,0.9,0.15,42,60,0.3,0.07984790874524715
S4_heavy_tail_null,0.9,0.2,42,136,0.2426470588235294,0.1958174904942966
S4_heavy_tail_null,0.9,0.05,43,0,0.0,0.0
S4_heavy_tail_null,0.9,0.1,43,1,1.0,0.0
S4_heavy_tail_null,0.9,0.15,43,5,0.6,0.003952569169960474
S4_heavy_tail_null,0.9,0.2,43,131,0.2900763358778626,0.18379446640316205
S4_heavy_tail_null,0.9,0.05,44,8,0.5,0.008064516129032258
S4_heavy_tail_null,0.9,0.1,44,51,0.39215686274509803,0.0625
S4_heavy_tail_null,0.9,0.15,44,84,0.35714285714285715,0.10887096774193548
S4_heavy_tail_null,0.9,0.2,44,124,0.28225806451612906,0.17943548387096775
S4_heavy_tail_null,0.9,0.05,45,1,1.0,0.0
S4_heavy_tail_null,0.9,0.1,45,1,1.0,0.0
S4_heavy_tail_null,0.9,0.15,45,41,0.4634146341463415,0.043137254901960784
S4_heavy_tail_null,0.9,0.2,45,82,0.3170731707317073,0.10980392156862745
S4_heavy_tail_null,0.9,0.05,46,1,1.0,0.0
S4_heavy_tail_null,0.9,0.1,46,17,0.47058823529411764,0.020179372197309416
S4_heavy_tail_null,0.9,0.15,46,88,0.3409090909090909,0.13004484304932734
S4_heavy_tail_null,0.9,0.2,46,156,0.2948717948717949,0.24663677130044842
S4_heavy_tail_null,0.9,0.05,47,1,1.0,0.0
S4_heavy_tail_null,0.9,0.1,47,1,1.0,0.0
S4_heavy_tail_null,0.9,0.15,47,23,0.43478260869565216,0.024714828897338403
S4_heavy_tail_null,0.9,0.2,47,89,0.2696629213483146,0.12357414448669202
S4_heavy_tail_null,0.9,0.05,48,2,1.0,0.0
S4_heavy_tail_null,0.9,0.1,48,39,0.46153846153846156,0.04208416833667335
S4_heavy_tail_null,0.9,0.15,48,82,0.3048780487804878,0.11422845691382766
S4_heavy_tail_null,0.9,0.2,48,130,0.27692307692307694,0.18837675350701402
S4_heavy_tail_null,0.9,0.05,49,6,0.6666666666666666,0.003937007874015748
S4_heavy_tail_null,0.9,0.1,49,17,0.5882352941176471,0.013779527559055118
S4_heavy_tail_null,0.9,0.15,49,31,0.45161290322580644,0.03346456692913386
S4_heavy_tail_null,0.9,0.2,49,109,0.30275229357798167,0.14960629921259844
S4_heavy_tail_null,0.9,0.05,50,0,0.0,0.0
S4_heavy_tail_null,0.9,0.1,50,0,0.0,0.0
S4_heavy_tail_null,0.9,0.15,50,8,0.5,0.007984031936127744
S4_heavy_tail_null,0.9,0.2,50,54,0.35185185185185186,0.06986027944111776
S4_heavy_tail_null,0.9,0.05,51,1,1.0,0.0
S4_heavy_tail_null,0.9,0.1,51,4,0.75,0.002
S4_heavy_tail_null,0.9,0.15,51,6,0.5,0.006
S4_heavy_tail_null,0.9,0.2,51,98,0.29591836734693877,0.138
S4_heavy_tail_null,0.9,0.05,52,1,1.0,0.0
S4_heavy_tail_null,0.9,0.1,52,3,1.0,0.0
S4_heavy_tail_null,0.9,0.15,52,50,0.4,0.05893909626719057
S4_heavy_tail_null,0.9,0.2,52,95,0.3263157894736842,0.12573673870333987
S4_heavy_tail_null,0.9,0.05,53,0,0.0,0.0
S4_heavy_tail_null,0.9,0.1,53,12,0.5833333333333334,0.00927643784786642
S4_heavy_tail_null,0.9,0.15,53,86,0.36046511627906974,0.10204081632653061
S4_heavy_tail_null,0.9,0.2,53,124,0.29838709677419356,0.1614100185528757
S4_heavy_tail_null,0.9,0.05,54,4,0.75,0.0020833333333333333
S4_heavy_tail_null,0.9,0.1,54,11,0.8181818181818182,0.004166666666666667
S4_heavy_tail_null,0.9,0.15,54,51,0.5098039215686274,0.052083333333333336
S4_heavy_tail_null,0.9,0.2,54,134,0.3283582089552239,0.1875
S4_heavy_tail_null,0.9,0.05,55,1,1.0,0.0
S4_heavy_tail_null,0.9,0.1,55,14,0.7142857142857143,0.008048289738430584
S4_heavy_tail_null,0.9,0.15,55,64,0.34375,0.08450704225352113
S4_heavy_tail_null,0.9,0.2,55,140,0.3,0.19718309859154928
S4_heavy_tail_null,0.9,0.05,56,6,0.8333333333333334,0.0020325203252032522
S4_heavy_tail_null,0.9,0.1,56,38,0.47368421052631576,0.04065040650406504
S4_heavy_tail_null,0.9,0.15,56,68,0.39705882352941174,0.08333333333333333
S4_heavy_tail_null,0.9,0.2,56,111,0.36936936936936937,0.14227642276422764
S4_heavy_tail_null,0.9,0.05,57,0,0.0,0.0
S4_heavy_tail_null,0.9,0.1,57,6,1.0,0.0
S4_heavy_tail_null,0.9,0.15,57,30,0.7,0.018329938900203666
S4_heavy_tail_null,0.9,0.2,57,66,0.4696969696969697,0.07128309572301425
S4_heavy_tail_null,0.9,0.05,58,1,1.0,0.0
S4_heavy_tail_null,0.9,0.1,58,3,1.0,0.0
S4_heavy_tail_null,0.9,0.15,58,31,0.5161290322580645,0.03048780487804878
S4_heavy_tail_null,0.9,0.2,58,69,0.37681159420289856,0.08739837398373984
S4_heavy_tail_null,0.9,0.05,59,3,1.0,0.0
S4_heavy_tail_null,0.9,0.1,59,3,1.0,0.0
S4_heavy_tail_null,0.9,0.15,59,12,0.75,0.006134969325153374
S4_heavy_tail_null,0.9,0.2,59,14,0.7142857142857143,0.0081799591002045
S4_heavy_tail_null,0.9,0.05,60,8,0.625,0.006289308176100629
S4_heavy_tail_null,0.9,0.1,60,16,0.5,0.016771488469601678
S4_heavy_tail_null,0.9,0.15,60,90,0.35555555555555557,0.12159329140461216
S4_heavy_tail_null,0.9,0.2,60,159,0.2830188679245283,0.2389937106918239
S4_heavy_tail_null,0.9,0.05,61,2,1.0,0.0
S4_heavy_tail_null,0.9,0.1,61,2,1.0,0.0
S4_heavy_tail_null,0.9,0.15,61,5,1.0,0.0
S4_heavy_tail_null,0.9,0.2,61,108,0.3611111111111111,0.12994350282485875
S4_heavy_tail_null,0.9,0.05,62,1,1.0,0.0
S4_heavy_tail_null,0.9,0.1,62,3,1.0,0.0
S4_heavy_tail_null,0.9,0.15,62,20,0.45,0.022964509394572025
S4_heavy_tail_null,0.9,0.2,62,92,0.30434782608695654,0.1336116910229645
S4_heavy_tail_null,0.9,0.05,63,1,1.0,0.0
S4_heavy_tail_null,0.9,0.1,63,1,1.0,0.0
S4_heavy_tail_null,0.9,0.15,63,6,1.0,0.0
S4_heavy_tail_null,0.9,0.2,63,13,0.6923076923076923,0.008130081300813009
S4_heavy_tail_null,0.9,0.05,64,1,1.0,0.0
S4_heavy_tail_null,0.9,0.1,64,2,1.0,0.0
S4_heavy_tail_null,0.9,0.15,64,43,0.37209302325581395,0.05357142857142857
S4_heavy_tail_null,0.9,0.2,64,70,0.38571428571428573,0.08531746031746032
S4_heavy_tail_null,0.9,0.05,65,0,0.0,0.0
S4_heavy_tail_null,0.9,0.1,65,12,0.3333333333333333,0.015873015873015872
S4_heavy_tail_null,0.9,0.15,65,45,0.4,0.05357142857142857
S4_heavy_tail_null,0.9,0.2,65,98,0.32653061224489793,0.13095238095238096
S4_heavy_tail_null,0.9,0.05,66,25,0.56,0.02131782945736434
S4_heavy_tail_null,0.9,0.1,66,36,0.4722222222222222,0.03682170542635659
S4_heavy_tail_null,0.9,0.15,66,133,0.2631578947368421,0.18992248062015504
S4_heavy_tail_null,0.9,0.2,66,184,0.2608695652173913,0.26356589147286824
S4_heavy_tail_null,0.9,0.05,67,0,0.0,0.0
S4_heavy_tail_null,0.9,0.1,67,0,0.0,0.0
S4_heavy_tail_null,0.9,0.15,67,6,0.6666666666666666,0.0038240917782026767
S4_heavy_tail_null,0.9,0.2,67,23,0.5217391304347826,0.021032504780114723
S4_heavy_tail_null,0.9,0.05,68,2,1.0,0.0
S4_heavy_tail_null,0.9,0.1,68,5,0.8,0.002044989775051125
S4_heavy_tail_null,0.9,0.15,68,40,0.475,0.04294478527607362
S4_heavy_tail_null,0.9,0.2,68,124,0.3225806451612903,0.17177914110429449
S4_heavy_tail_null,0.9,0.05,69,5,0.8,0.001937984496124031
S4_heavy_tail_null,0.9,0.1,69,19,0.42105263157894735,0.02131782945736434
S4_heavy_tail_null,0.9,0.15,69,70,0.4,0.08139534883720931
S4_heavy_tail_null,0.9,0.2,69,167,0.30538922155688625,0.2248062015503876
S4_heavy_tail_null,0.9,0.05,70,0,0.0,0.0
S4_heavy_tail_null,0.9,0.1,70,1,1.0,0.0
S4_heavy_tail_null,0.9,0.15,70,1,1.0,0.0
S4_heavy_tail_null,0.9,0.2,70,6,0.5,0.006198347107438017
S4_heavy_tail_null,0.9,0.05,71,0,0.0,0.0
S4_heavy_tail_null,0.9,0.1,71,0,0.0,0.0
S4_heavy_tail_null,0.9,0.15,71,79,0.27848101265822783,0.11264822134387352
S4_heavy_tail_null,0.9,0.2,71,103,0.24271844660194175,0.1541501976284585
S4_heavy_tail_null,0.9,0.05,72,0,0.0,0.0
S4_heavy_tail_null,0.9,0.1,72,0,0.0,0.0
S4_heavy_tail_null,0.9,0.15,72,67,0.3582089552238806,0.08498023715415019
S4_heavy_tail_null,0.9,0.2,72,131,0.366412213740458,0.16403162055335968
S4_heavy_tail_null,0.9,0.05,73,3,0.6666666666666666,0.0019455252918287938
S4_heavy_tail_null,0.9,0.1,73,18,0.5555555555555556,0.01556420233463035
S4_heavy_tail_null,0.9,0.15,73,37,0.5135135135135135,0.03501945525291829
S4_heavy_tail_null,0.9,0.2,73,142,0.28169014084507044,0.19844357976653695
S4_heavy_tail_null,0.9,0.05,74,3,1.0,0.0
S4_heavy_tail_null,0.9,0.1,74,12,0.8333333333333334,0.003937007874015748
S4_heavy_tail_null,0.9,0.15,74,91,0.32967032967032966,0.12007874015748031
S4_heavy_tail_null,0.9,0.2,74,151,0.2582781456953642,0.2204724409448819
S4_heavy_tail_null,0.9,0.05,75,0,0.0,0.0
S4_heavy_tail_null,0.9,0.1,75,0,0.0,0.0
S4_heavy_tail_null,0.9,0.15,75,0,0.0,0.0
S4_heavy_tail_null,0.9,0.2,75,3,0.6666666666666666,0.002061855670103093
S4_heavy_tail_null,0.9,0.05,76,4,1.0,0.0
S4_heavy_tail_null,0.9,0.1,76,11,0.5454545454545454,0.009746588693957114
S4_heavy_tail_null,0.9,0.15,76,30,0.4,0.03508771929824561
S4_heavy_tail_null,0.9,0.2,76,104,0.2980769230769231,0.14230019493177387
S4_heavy_tail_null,0.9,0.05,77,8,0.75,0.004032258064516129
S4_heavy_tail_null,0.9,0.1,77,9,0.7777777777777778,0.004032258064516129
S4_heavy_tail_null,0.9,0.15,77,40,0.5,0.04032258064516129
S4_heavy_tail_null,0.9,0.2,77,131,0.2900763358778626,0.1875
S4_heavy_tail_null,0.9,0.05,78,4,1.0,0.0
S4_heavy_tail_null,0.9,0.1,78,11,0.9090909090909091,0.0019305019305019305
S4_heavy_tail_null,0.9,0.15,78,30,0.5333333333333333,0.02702702702702703
S4_heavy_tail_null,0.9,0.2,78,95,0.3473684210526316,0.11969111969111969
S4_heavy_tail_null,0.9,0.05,79,6,0.5,0.006060606060606061
S4_heavy_tail_null,0.9,0.1,79,19,0.47368421052631576,0.020202020202020204
S4_heavy_tail_null,0.9,0.15,79,42,0.42857142857142855,0.048484848484848485
S4_heavy_tail_null,0.9,0.2,79,110,0.2636363636363636,0.16363636363636364
S4_heavy_tail_null,0.9,0.05,80,0,0.0,0.0
S4_heavy_tail_null,0.9,0.1,80,2,1.0,0.0
S4_heavy_tail_null,0.9,0.15,80,12,0.5833333333333334,0.010438413361169102
S4_heavy_tail_null,0.9,0.2,80,66,0.3484848484848485,0.08977035490605428
S4_heavy_tail_null,0.9,0.05,81,1,1.0,0.0
S4_heavy_tail_null,0.9,0.1,81,1,1.0,0.0
S4_heavy_tail_null,0.9,0.15,81,7,0.8571428571428571,0.001984126984126984
S4_heavy_tail_null,0.9,0.2,81,77,0.2727272727272727,0.1111111111111111
S4_heavy_tail_null,0.9,0.05,82,2,1.0,0.0
S4_heavy_tail_null,0.9,0.1,82,9,0.8888888888888888,0.0021008403361344537
S4_heavy_tail_null,0.9,0.15,82,19,0.8421052631578947,0.0063025210084033615
S4_heavy_tail_null,0.9,0.2,82,35,0.5142857142857142,0.03571428571428571
S4_heavy_tail_null,0.9,0.05,83,6,0.8333333333333334,0.002105263157894737
S4_heavy_tail_null,0.9,0.1,83,69,0.36231884057971014,0.09263157894736843
S4_heavy_tail_null,0.9,0.15,83,133,0.2631578947368421,0.2063157894736842
S4_heavy_tail_null,0.9,0.2,83,180,0.25,0.28421052631578947
S4_heavy_tail_null,0.9,0.05,84,1,1.0,0.0
S4_heavy_tail_null,0.9,0.1,84,2,1.0,0.0
S4_heavy_tail_null,0.9,0.15,84,2,1.0,0.0
S4_heavy_tail_null,0.9,0.2,84,3,1.0,0.0
S4_heavy_tail_null,0.9,0.05,85,1,1.0,0.0
S4_heavy_tail_null,0.9,0.1,85,1,1.0,0.0
S4_heavy_tail_null,0.9,0.15,85,72,0.3194444444444444,0.09333333333333334
S4_heavy_tail_null,0.9,0.2,85,96,0.2708333333333333,0.13333333333333333
S4_heavy_tail_null,0.9,0.05,86,2,0.5,0.0018867924528301887
S4_heavy_tail_null,0.9,0.1,86,2,0.5,0.0018867924528301887
S4_heavy_tail_null,0.9,0.15,86,5,0.8,0.0018867924528301887
S4_heavy_tail_null,0.9,0.2,86,44,0.36363636363636365,0.052830188679245285
S4_heavy_tail_null,0.9,0.05,87,0,0.0,0.0
S4_heavy_tail_null,0.9,0.1,87,7,0.5714285714285714,0.005905511811023622
S4_heavy_tail_null,0.9,0.15,87,85,0.2823529411764706,0.12007874015748031
S4_heavy_tail_null,0.9,0.2,87,157,0.24203821656050956,0.234251968503937
S4_heavy_tail_null,0.9,0.05,88,4,1.0,0.0
S4_heavy_tail_null,0.9,0.1,88,26,0.5769230769230769,0.020833333333333332
S4_heavy_tail_null,0.9,0.15,88,95,0.3157894736842105,0.12310606060606061
S4_heavy_tail_null,0.9,0.2,88,161,0.2546583850931677,0.22727272727272727
S4_heavy_tail_null,0.9,0.05,89,1,1.0,0.0
S4_heavy_tail_null,0.9,0.1,89,3,0.6666666666666666,0.0018315018315018315
S4_heavy_tail_null,0.9,0.15,89,73,0.3424657534246575,0.08791208791208792
S4_heavy_tail_null,0.9,0.2,89,103,0.2912621359223301,0.1336996336996337
S4_heavy_tail_null,0.9,0.05,90,0,0.0,0.0
S4_heavy_tail_null,0.9,0.1,90,2,1.0,0.0
S4_heavy_tail_null,0.9,0.15,90,15,0.3333333333333333,0.019342359767891684
S4_heavy_tail_null,0.9,0.2,90,115,0.26956521739130435,0.16247582205029013
S4_heavy_tail_null,0.9,0.05,91,0,0.0,0.0
S4_heavy_tail_null,0.9,0.1,91,1,1.0,0.0
S4_heavy_tail_null,0.9,0.15,91,1,1.0,0.0
S4_heavy_tail_null,0.9,0.2,91,77,0.37662337662337664,0.0967741935483871
S4_heavy_tail_null,0.9,0.05,92,0,0.0,0.0
S4_heavy_tail_null,0.9,0.1,92,3,0.6666666666666666,0.002053388090349076
S4_heavy_tail_null,0.9,0.15,92,9,0.6666666666666666,0.006160164271047228
S4_heavy_tail_null,0.9,0.2,92,15,0.6,0.012320328542094456
S4_heavy_tail_null,0.9,0.05,93,6,0.8333333333333334,0.0022026431718061676
S4_heavy_tail_null,0.9,0.1,93,13,0.46153846153846156,0.015418502202643172
S4_heavy_tail_null,0.9,0.15,93,43,0.32558139534883723,0.06387665198237885
S4_heavy_tail_null,0.9,0.2,93,97,0.30927835051546393,0.14757709251101322
S4_heavy_tail_null,0.9,0.05,94,3,1.0,0.0
S4_heavy_tail_null,0.9,0.1,94,3,1.0,0.0
S4_heavy_tail_null,0.9,0.15,94,18,0.5555555555555556,0.016293279022403257
S4_heavy_tail_null,0.9,0.2,94,64,0.421875,0.07535641547861507
S4_heavy_tail_null,0.9,0.05,95,3,0.6666666666666666,0.002105263157894737
S4_heavy_tail_null,0.9,0.1,95,3,0.6666666666666666,0.002105263157894737
S4_heavy_tail_null,0.9,0.15,95,4,0.75,0.002105263157894737
S4_heavy_tail_null,0.9,0.2,95,100,0.31,0.14526315789473684
S4_heavy_tail_null,0.9,0.05,96,2,0.5,0.002044989775051125
S4_heavy_tail_null,0.9,0.1,96,16,0.625,0.012269938650306749
S4_heavy_tail_null,0.9,0.15,96,36,0.3888888888888889,0.044989775051124746
S4_heavy_tail_null,0.9,0.2,96,103,0.24271844660194175,0.15950920245398773
S4_heavy_tail_null,0.9,0.05,97,3,1.0,0.0
S4_heavy_tail_null,0.9,0.1,97,25,0.52,0.02494802494802495
S4_heavy_tail_null,0.9,0.15,97,86,0.37209302325581395,0.11226611226611227
S4_heavy_tail_null,0.9,0.2,97,144,0.2986111111111111,0.20997920997921
S4_heavy_tail_null,0.9,0.05,98,0,0.0,0.0
S4_heavy_tail_null,0.9,0.1,98,4,1.0,0.0
S4_heavy_tail_null,0.9,0.15,98,6,0.8333333333333334,0.002207505518763797
S4_heavy_tail_null,0.9,0.2,98,16,0.5625,0.01545253863134658
S4_heavy_tail_null,0.9,0.05,99,7,0.8571428571428571,0.0019569471624266144
S4_heavy_tail_null,0.9,0.1,99,12,0.5833333333333334,0.009784735812133072
S4_heavy_tail_null,0.9,0.15,99,54,0.37037037037037035,0.06653620352250489
S4_heavy_tail_null,0.9,0.2,99,123,0.25203252032520324,0.18003913894324852
