cluster_id,score_supervised_full
0,3.967875072813967e-05
1,7.685804150465337e-05
2,3.405721320674709e-05
3,3.967875072813967e-05
4,3.8990345011901275e-05
5,1.598543895487628e-05
6,4.302413096533109e-05
7,0.00011385148675463644
8,5.5395712172398854e-05
9,5.557638056356535e-05
10,5.947523027958221e-05
11,4.302413096533109e-05
12,5.4572048926937234e-05
13,3.481201745946954e-05
14,3.277771705274918e-05
15,4.3174335854520414e-05
16,3.481201745946954e-05
17,4.540121430718667e-05
18,8.461174909592153e-05
19,4.6212434981040124e-05
20,7.979131884753436e-05
21,7.979131884753436e-05
22,2.766418635191514e-05
23,4.6212434981040124e-05
24,6.311047894783117e-05
25,5.5792538903736045e-05
26,5.5792538903736045e-05
27,4.8750673950532886e-05
28,4.302413096533109e-05
29,5.5792538903736045e-05
30,8.461174909592153e-05
31,7.979131884753436e-05
32,4.302413096533109e-05
33,3.277771705274918e-05
34,3.277771705274918e-05
35,5.5792538903736045e-05
36,7.979131884753436e-05
37,5.5792538903736045e-05
38,4.6212434981040124e-05
39,5.5792538903736045e-05
40,3.277771705274918e-05
41,7.185804978386369e-05
42,5.557638056356535e-05
43,4.6212434981040124e-05
44,3.277771705274918e-05
45,3.277771705274918e-05
46,6.207004696356294e-05
47,3.277771705274918e-05
48,5.4572048926937234e-05
49,7.979131884753436e-05
50,4.302413096533109e-05
51,3.277771705274918e-05
52,4.302413096533109e-05
53,5.557638056356535e-05
54,4.12241412491815e-05
55,5.5792538903736045e-05
56,4.6212434981040124e-05
57,4.6212434981040124e-05
58,4.6212434981040124e-05
59,5.7950877811758916e-05
60,6.311047894783117e-05
61,4.6212434981040124e-05
62,5.5792538903736045e-05
63,2.2928130484507014e-05
64,7.550686202559025e-05
65,5.5792538903736045e-05
66,8.461174909592153e-05
67,4.3174335854520414e-05
68,5.5792538903736045e-05
69,8.377229314746813e-05
70,5.557638056356535e-05
71,4.6212434981040124e-05
72,5.5792538903736045e-05
73,0.0003025025566233976
74,3.481201745946954e-05
75,3.277771705274918e-05
76,4.6212434981040124e-05
77,5.5792538903736045e-05
78,7.979131884753436e-05
79,5.5792538903736045e-05
80,4.6212434981040124e-05
81,4.6212434981040124e-05
82,5.5792538903736045e-05
83,3.3592120947808416e-05
84,2.2910964969801e-05
85,8.461174909592153e-05
86,8.187194711530321e-05
87,4.6212434981040124e-05
88,0.00011199839482081399
89,4.6212434981040124e-05
90,5.5395712172398854e-05
91,8.903408457757796e-05
92,7.550686202559025e-05
93,4.6212434981040124e-05
94,4.6212434981040124e-05
95,5.5792538903736045e-05
96,1.4261121226533763e-05
97,7.28019850736344e-05
98,4.345683190502227e-05
99,4.6212434981040124e-05
100,3.277771705274918e-05
101,5.9795711670638015e-05
102,3.277771705274918e-05
103,5.5792538903736045e-05
104,5.5792538903736045e-05
105,3.277771705274918e-05
106,3.481201745946954e-05
107,3.277771705274918e-05
108,8.461174909592153e-05
109,3.277771705274918e-05
110,7.979131884753436e-05
111,2.8972054349718028e-05
112,5.4572048926937234e-05
113,5.5792538903736045e-05
114,7.979131884753436e-05
115,7.979131884753436e-05
116,7.979131884753436e-05
117,7.979131884753436e-05
118,0.007985496962145597
119,3.277771705274918e-05
120,5.5792538903736045e-05
121,7.979131884753436e-05
122,5.557638056356535e-05
123,5.5792538903736045e-05
124,8.461174909592153e-05
125,4.6212434981040124e-05
126,5.5792538903736045e-05
127,8.256086862671982e-05
128,4.4942084313084635e-05
129,3.7268898122535716e-05
130,5.5792538903736045e-05
131,5.5395712172398854e-05
132,7.979131884753436e-05
133,5.5792538903736045e-05
134,5.5792538903736045e-05
135,5.5792538903736045e-05
136,4.6212434981040124e-05
137,3.277771705274918e-05
138,7.979131884753436e-05
139,0.00011377875226582844
140,5.5792538903736045e-05
141,6.513956585773506e-05
142,4.3174335854520414e-05
143,3.277771705274918e-05
144,3.277771705274918e-05
145,4.6212434981040124e-05
146,7.979131884753436e-05
147,4.265362923090977e-05
148,7.979131884753436e-05
149,7.2255895756446e-05
150,8.377229314746813e-05
151,6.808799083971378e-05
152,4.6212434981040124e-05
153,7.979131884753436e-05
154,5.5792538903736045e-05
155,4.6212434981040124e-05
156,5.5792538903736045e-05
157,3.277771705274918e-05
158,3.277771705274918e-05
159,7.979131884753436e-05
160,4.6212434981040124e-05
161,8.461174909592153e-05
162,5.2244306560046665e-05
163,3.277771705274918e-05
164,5.4572048926937234e-05
165,7.925489277977144e-05
166,5.5792538903736045e-05
167,7.979131884753436e-05
168,5.8314499154218505e-05
169,5.8314499154218505e-05
170,3.277771705274918e-05
171,7.550686202559025e-05
172,7.979131884753436e-05
173,8.461174909592153e-05
174,8.461174909592153e-05
175,0.0002330979487484183
176,3.0255617066206472e-05
177,8.461174909592153e-05
178,8.461174909592153e-05
179,7.979131884753436e-05
180,7.979131884753436e-05
181,8.461174909592153e-05
182,0.00030545812665143965
183,8.461174909592153e-05
184,4.6212434981040124e-05
185,4.6212434981040124e-05
186,3.277771705274918e-05
187,5.5792538903736045e-05
188,0.0003680166677697605
189,4.345683190502227e-05
190,3.277771705274918e-05
191,7.979131884753436e-05
192,5.8638781860524305e-05
193,4.6212434981040124e-05
194,0.000336570251892822
195,4.4942084313084635e-05
196,3.385538082762965e-05
197,7.979131884753436e-05
198,4.6212434981040124e-05
199,3.1009259797583566e-05
200,8.461174909592153e-05
201,7.979131884753436e-05
202,5.5792538903736045e-05
203,5.3110626375474524e-05
204,7.979131884753436e-05
205,4.6212434981040124e-05
206,4.58530908941785e-05
207,0.00012493514143268545
208,3.277771705274918e-05
209,4.6212434981040124e-05
210,3.7268898122535716e-05
211,4.0077807963177526e-05
212,7.550686202559025e-05
213,7.748497970225357e-05
214,5.5792538903736045e-05
215,6.969628452572194e-05
216,3.277771705274918e-05
217,0.0019019051238467167
218,6.13591852446686e-05
219,3.277771705274918e-05
220,7.979131884753436e-05
221,8.461174909592153e-05
222,7.925489277977144e-05
223,8.461174909592153e-05
224,8.461174909592153e-05
225,6.171940104249608e-05
226,6.513956585773506e-05
227,7.235874269882865e-05
228,3.277771705274918e-05
229,3.277771705274918e-05
230,0.00010888083821761426
231,8.104515545186897e-05
232,8.461174909592153e-05
233,0.00010123106000170549
234,3.277771705274918e-05
235,3.277771705274918e-05
236,9.770631554043817e-05
237,3.7268898122535716e-05
238,3.277771705274918e-05
239,6.311047894783117e-05
240,5.8314499154218505e-05
241,7.550686202559025e-05
242,0.00020177324672249433
243,7.2255895756446e-05
244,8.461174909592153e-05
245,4.6212434981040124e-05
246,3.277771705274918e-05
247,7.979131884753436e-05
248,1.598543895487628e-05
249,6.207004696356294e-05
250,4.6212434981040124e-05
251,5.8314499154218505e-05
252,4.6212434981040124e-05
253,4.804819881456474e-05
254,3.375378603664333e-05
255,8.461174909592153e-05
256,0.00010641293291276661
257,3.385538082762965e-05
258,6.13591852446686e-05
259,0.0002455494573848309
260,7.979131884753436e-05
261,5.5792538903736045e-05
262,3.277771705274918e-05
263,1.936119087399575e-05
264,4.6212434981040124e-05
265,8.461174909592153e-05
266,2.2928130484507014e-05
267,3.277771705274918e-05
268,6.513956585773506e-05
269,5.5792538903736045e-05
270,4.540121430718667e-05
271,7.979131884753436e-05
272,3.481201745946954e-05
273,7.28019850736344e-05
274,4.540121430718667e-05
275,5.5395712172398854e-05
276,6.261794758204323e-05
277,9.807814677941251e-05
278,5.5792538903736045e-05
279,9.147434781029516e-05
280,4.302413096533109e-05
281,3.967875072813967e-05
282,2.766418635191514e-05
283,3.0255617066206472e-05
284,0.00010123106000170549
285,7.979131884753436e-05
286,7.2255895756446e-05
287,7.979131884753436e-05
288,5.5792538903736045e-05
289,0.00014169272607839618
290,4.6212434981040124e-05
291,4.4925008434438004e-05
292,4.31050791975336e-05
293,0.00018013491494213915
294,3.277771705274918e-05
295,6.042372352576697e-05
296,5.4572048926937234e-05
297,5.0011130906210825e-05
298,4.6212434981040124e-05
299,7.979131884753436e-05
300,8.461174909592153e-05
301,7.979131884753436e-05
302,0.00382313041636476
303,3.277771705274918e-05
304,4.6212434981040124e-05
305,5.8638781860524305e-05
306,8.973180154236289e-05
307,8.461174909592153e-05
308,4.804819881456474e-05
309,0.0012244856453179648
310,6.513956585773506e-05
311,3.83419436782336e-05
312,3.277771705274918e-05
313,5.4572048926937234e-05
314,4.6212434981040124e-05
315,3.385538082762965e-05
316,3.277771705274918e-05
317,3.277771705274918e-05
318,0.00010624918024110253
319,0.0001058518524602981
320,5.5792538903736045e-05
321,5.5792538903736045e-05
322,5.4572048926937234e-05
323,4.4942084313084635e-05
324,5.5792538903736045e-05
325,3.0255617066206472e-05
326,3.277771705274918e-05
327,7.979131884753436e-05
328,5.4572048926937234e-05
329,3.277771705274918e-05
330,3.277771705274918e-05
331,8.461174909592153e-05
332,2.2928130484507014e-05
333,7.979131884753436e-05
334,7.925489277977144e-05
335,6.152891779582762e-05
336,8.65730487676849e-05
337,7.979131884753436e-05
338,7.979131884753436e-05
339,7.979131884753436e-05
340,7.979131884753436e-05
341,8.364843932278847e-05
342,0.00010123106000170549
343,8.104515545186897e-05
344,4.6212434981040124e-05
345,5.5792538903736045e-05
346,9.200210300381848e-05
347,5.557638056356535e-05
348,4.6212434981040124e-05
349,3.0255617066206472e-05
350,0.00010123106000170549
351,3.0255617066206472e-05
352,2.3098747460176342e-05
353,2.838863166581576e-05
354,5.8638781860524305e-05
355,9.807814677941251e-05
356,0.0001271179421258383
357,4.4942084313084635e-05
358,4.4942084313084635e-05
359,0.00010123106000170549
360,4.302413096533109e-05
361,8.461174909592153e-05
362,3.277771705274918e-05
363,5.8314499154218505e-05
364,3.0255617066206472e-05
365,6.202134922890732e-05
366,0.0049459519519495995
367,7.979131884753436e-05
368,2.2928130484507014e-05
369,5.7950877811758916e-05
370,6.207004696356294e-05
371,2.4702558605647176e-05
372,5.8638781860524305e-05
373,5.331076351241896e-05
374,5.557638056356535e-05
375,3.277771705274918e-05
376,8.461174909592153e-05
377,0.00030292868530836723
378,3.385538082762965e-05
379,5.8638781860524305e-05
380,5.0011130906210825e-05
381,7.550686202559025e-05
382,0.001139863785269852
383,5.8638781860524305e-05
384,0.00012407716205664956
385,3.277771705274918e-05
386,4.265362923090977e-05
387,4.3174335854520414e-05
388,4.302413096533109e-05
389,0.0001271179421258383
390,3.277771705274918e-05
391,4.6212434981040124e-05
392,3.7268898122535716e-05
393,4.265362923090977e-05
394,8.903408457757796e-05
395,6.306404573996624e-05
396,0.00027047915356602997
397,3.277771705274918e-05
398,5.5792538903736045e-05
399,3.7268898122535716e-05
400,6.207004696356294e-05
401,8.461174909592153e-05
402,3.277771705274918e-05
403,0.00010011199397978165
404,5.8638781860524305e-05
405,4.302413096533109e-05
406,0.00011215318460695191
407,6.49235666344826e-05
408,3.7268898122535716e-05
409,7.2255895756446e-05
410,5.5792538903736045e-05
411,5.504049423174341e-05
412,5.5792538903736045e-05
413,8.163163818141763e-05
414,6.666875759850904e-05
415,3.3592120947808416e-05
416,6.317633328144562e-05
417,0.0009987057392735461
418,0.0004176699630213463
419,3.385538082762965e-05
420,7.2255895756446e-05
421,7.198583946249376e-05
422,3.481201745946954e-05
423,1.3592359195304871e-05
424,0.0003211968192076902
425,4.3174335854520414e-05
426,5.5792538903736045e-05
427,4.6212434981040124e-05
428,0.02857674391613645
429,8.06776094295201e-05
430,5.4816529290689644e-05
431,4.540121430718667e-05
432,4.6212434981040124e-05
433,4.119889980053241e-05
434,0.00016888219956490646
435,2.991326042129376e-05
436,4.3174335854520414e-05
437,4.6212434981040124e-05
438,3.277771705274918e-05
439,0.0002741292514550378
440,5.5792538903736045e-05
441,6.254724436291979e-05
442,0.0005104093119375333
443,3.384255231453151e-05
444,7.550686202559025e-05
445,4.6212434981040124e-05
446,0.0001793367896715296
447,5.5395712172398854e-05
448,2.799959205851564e-05
449,8.461174909592153e-05
450,3.0255617066206472e-05
451,5.8314499154218505e-05
452,3.0255617066206472e-05
453,4.228200969516861e-05
454,3.385538082762965e-05
455,3.277771705274918e-05
456,0.0002623221822023043
457,7.979131884753436e-05
458,7.979131884753436e-05
459,3.055990683315593e-05
460,6.207004696356294e-05
461,5.36103447491116e-05
462,0.0006502698264437214
463,6.513956585773506e-05
464,3.277771705274918e-05
465,8.461174909592153e-05
466,5.5792538903736045e-05
467,5.5395712172398854e-05
468,2.7814137691742592e-05
469,8.461174909592153e-05
470,3.385538082762965e-05
471,5.5792538903736045e-05
472,0.00018124913400348263
473,9.04483784131937e-05
474,5.5792538903736045e-05
475,0.00012241146217449112
476,4.4942084313084635e-05
477,5.5792538903736045e-05
478,7.979131884753436e-05
479,7.979131884753436e-05
480,3.277771705274918e-05
481,0.00014891328835510694
482,5.8314499154218505e-05
483,0.00010123106000170549
484,3.0255617066206472e-05
485,7.979131884753436e-05
486,4.12241412491815e-05
487,0.0002846873539061456
488,9.658805169834887e-05
489,6.152891779582762e-05
490,3.967875072813967e-05
491,5.0011130906210825e-05
492,7.131448915376548e-05
493,7.979131884753436e-05
494,8.461174909592153e-05
495,4.4942084313084635e-05
496,7.2255895756446e-05
497,7.550686202559025e-05
498,8.461174909592153e-05
499,5.8638781860524305e-05
500,5.8638781860524305e-05
501,5.5395712172398854e-05
502,4.6212434981040124e-05
503,5.5792538903736045e-05
504,4.302413096533109e-05
505,7.979131884753436e-05
506,4.6212434981040124e-05
507,4.302413096533109e-05
508,4.265362923090977e-05
509,5.703924312132512e-05
510,0.00018920626020479126
511,4.6212434981040124e-05
512,3.277771705274918e-05
513,0.00010123106000170549
514,0.00020326421443720328
515,3.277771705274918e-05
516,0.0001271179421258383
517,0.0001378021092709269
518,3.277771705274918e-05
519,3.0289588023278406e-05
520,0.00018808397907529704
521,8.21753286038977e-05
522,6.161753578218189e-05
523,4.6212434981040124e-05
524,0.00010123106000170549
525,5.8638781860524305e-05
526,3.0255617066206472e-05
527,7.979131884753436e-05
528,0.00010123106000170549
529,0.00014801786647137166
530,8.65730487676849e-05
531,3.259287076554125e-05
532,8.264374276045487e-05
533,5.9991265075787155e-05
534,4.265362923090977e-05
535,3.3592120947808416e-05
536,8.461174909592153e-05
537,4.348843892317304e-05
538,6.276076309546007e-05
539,3.967875072813967e-05
540,1.677959564596976e-05
541,3.095384398380035e-05
542,6.152891779582762e-05
543,7.979131884753436e-05
544,7.979131884753436e-05
545,4.6212434981040124e-05
546,4.6212434981040124e-05
547,5.5792538903736045e-05
548,6.207004696356294e-05
549,3.3592120947808416e-05
550,6.513956585773506e-05
551,5.5395712172398854e-05
552,7.638765853006796e-05
553,5.8314499154218505e-05
554,3.277771705274918e-05
555,2.789369078842333e-05
556,8.461174909592153e-05
557,7.476399167200968e-05
558,6.044100428818637e-05
559,3.277771705274918e-05
560,5.4572048926937234e-05
561,0.00010698606321076253
562,4.3788696102688724e-05
563,4.302413096533109e-05
564,2.2928130484507014e-05
565,5.8638781860524305e-05
566,0.00010624918024110253
567,7.550686202559025e-05
568,8.461174909592153e-05
569,8.461174909592153e-05
570,0.0005306977116028992
571,7.550686202559025e-05
572,6.278414344494603e-05
573,5.012886575238491e-05
574,0.00010629123517067669
575,0.00012879129243929916
576,3.481201745946954e-05
577,3.481201745946954e-05
578,7.550686202559025e-05
579,3.277771705274918e-05
580,6.032201904938622e-05
581,0.0001271179421258383
582,6.13591852446686e-05
583,6.152891779582762e-05
584,0.00010624918024110253
585,5.9123212113154646e-05
586,3.481201745946954e-05
587,5.5792538903736045e-05
588,2.2928130484507014e-05
589,3.7268898122535716e-05
590,5.5792538903736045e-05
591,7.979131884753436e-05
592,0.00010676032722531388
593,8.461174909592153e-05
594,3.277771705274918e-05
595,4.6212434981040124e-05
596,4.6212434981040124e-05
597,5.5792538903736045e-05
598,5.5792538903736045e-05
599,3.0255617066206472e-05
600,3.0255617066206472e-05
601,0.00010123106000170549
602,5.8638781860524305e-05
603,7.979131884753436e-05
604,0.0003969734250343094
605,0.00011060830140845776
606,8.377229314746813e-05
607,8.2465528119237e-05
608,3.3592120947808416e-05
609,7.38372805327794e-05
610,5.8638781860524305e-05
611,4.343769795746226e-05
612,6.558752447831502e-05
613,8.461174909592153e-05
614,4.049299915039708e-05
615,8.461174909592153e-05
616,3.095597248911481e-05
617,0.0001157554153488073
618,5.8638781860524305e-05
619,3.0255617066206472e-05
620,5.8314499154218505e-05
621,5.8638781860524305e-05
622,4.6212434981040124e-05
623,5.4572048926937234e-05
624,7.979131884753436e-05
625,8.461174909592153e-05
626,3.759067437657187e-05
627,5.8638781860524305e-05
628,0.00017263987762538256
629,0.0001373289721651699
630,9.308810618712917e-05
631,3.481201745946954e-05
632,3.481201745946954e-05
633,5.4572048926937234e-05
634,8.461174909592153e-05
635,4.6212434981040124e-05
636,4.6212434981040124e-05
637,8.492951655427605e-05
638,7.979131884753436e-05
639,5.8314499154218505e-05
640,0.000361978976043625
641,5.0011130906210825e-05
642,5.5792538903736045e-05
643,4.6212434981040124e-05
644,8.461174909592153e-05
645,8.062429143000713e-05
646,5.9991265075787155e-05
647,3.385538082762965e-05
648,3.277771705274918e-05
649,0.00022999415887193502
650,6.49235666344826e-05
651,0.00010123106000170549
652,3.0255617066206472e-05
653,4.4942084313084635e-05
654,8.461174909592153e-05
655,8.461174909592153e-05
656,9.226716797849218e-05
657,4.6212434981040124e-05
658,0.00033192400032681615
659,5.5395712172398854e-05
660,3.3592120947808416e-05
661,4.540121430718667e-05
662,3.385538082762965e-05
663,3.796873220207798e-05
664,0.00010698606321076253
665,6.207004696356294e-05
666,6.207004696356294e-05
667,3.277771705274918e-05
668,7.979131884753436e-05
669,5.5792538903736045e-05
670,9.554133022395848e-06
671,5.330724714203592e-05
672,6.207004696356294e-05
673,2.2928130484507014e-05
674,0.00023279212144673177
675,4.6212434981040124e-05
676,3.385538082762965e-05
677,7.925489277977144e-05
678,8.461174909592153e-05
679,7.2255895756446e-05
680,5.8314499154218505e-05
681,0.00029184180766472653
682,5.0287250032167234e-05
683,5.331076351241896e-05
684,7.308835386430944e-05
685,8.461174909592153e-05
686,0.0004317529189829879
687,4.713120963622944e-05
688,3.967875072813967e-05
689,4.540121430718667e-05
690,4.540121430718667e-05
691,8.461174909592153e-05
692,4.274333134007662e-05
693,5.8314499154218505e-05
694,0.0011322507923030858
695,4.6212434981040124e-05
696,8.461174909592153e-05
697,4.4942084313084635e-05
698,0.00010402633103644738
699,4.302413096533109e-05
700,0.00011215318460695191
701,3.3592120947808416e-05
702,7.537847758247131e-05
703,7.725898107994192e-05
704,5.5395712172398854e-05
705,5.0169723462314274e-05
706,3.385538082762965e-05
707,3.481201745946954e-05
708,0.00021800091049274501
709,0.00010412952753062951
710,0.00011815369092920147
711,6.513956585773506e-05
712,4.274333134007662e-05
713,5.5792538903736045e-05
714,3.277771705274918e-05
715,7.979131884753436e-05
716,5.5792538903736045e-05
717,3.481201745946954e-05
718,6.904089812618992e-05
719,4.4942084313084635e-05
720,2.2928130484507014e-05
721,4.6212434981040124e-05
722,6.207004696356294e-05
723,7.2255895756446e-05
724,5.5395712172398854e-05
725,2.2928130484507014e-05
726,0.00014273555286887683
727,6.690674097610275e-05
728,5.5395712172398854e-05
729,6.649570961888201e-05
730,4.804819881456474e-05
731,0.0001536008185416529
732,8.461174909592153e-05
733,7.979131884753436e-05
734,0.00012993542566096085
735,3.9257232430787426e-05
736,4.302413096533109e-05
737,3.277771705274918e-05
738,3.0255617066206472e-05
739,5.8638781860524305e-05
740,3.385538082762965e-05
741,5.557638056356535e-05
742,5.8638781860524305e-05
743,0.00012576789219033107
744,0.0001149318869747159
745,4.804819881456474e-05
746,7.550686202559025e-05
747,7.435193324133953e-05
748,0.0001271179421258383
749,2.2928130484507014e-05
750,3.277771705274918e-05
751,0.00012983498277143599
752,0.00010123106000170549
753,0.00011090470963039631
754,3.277771705274918e-05
755,5.5792538903736045e-05
756,0.00031400192349269535
757,5.8314499154218505e-05
758,3.385538082762965e-05
759,3.385538082762965e-05
760,0.00033583944813793875
761,7.550686202559025e-05
762,7.550686202559025e-05
763,0.013676209659882553
764,4.243568963229137e-05
765,3.481201745946954e-05
766,8.461174909592153e-05
767,4.4942084313084635e-05
768,7.925489277977144e-05
769,7.550686202559025e-05
770,0.0971716114007185
771,0.00012642616615833892
772,8.461174909592153e-05
773,4.4942084313084635e-05
774,5.5792538903736045e-05
775,2.2928130484507014e-05
776,0.002372321024344695
777,9.335343508110161e-05
778,8.62841484258932e-05
779,4.540121430718667e-05
780,0.0001683899550176391
781,0.00011608106814254176
782,4.3174335854520414e-05
783,9.66151099717712e-05
784,0.00010123106000170549
785,7.979131884753436e-05
786,3.3592120947808416e-05
787,5.8314499154218505e-05
788,5.8638781860524305e-05
789,5.8638781860524305e-05
790,3.0255617066206472e-05
791,0.00010123106000170549
792,0.00024252866096183474
793,3.0255617066206472e-05
794,8.317032021130539e-05
795,7.550686202559025e-05
796,9.028466344706362e-05
797,0.00027640960856947447
798,3.3592120947808416e-05
799,0.00012835006574848468
800,7.979131884753436e-05
801,8.289465191651534e-05
802,6.152891779582762e-05
803,5.5395712172398854e-05
804,8.461174909592153e-05
805,8.461174909592153e-05
806,4.6212434981040124e-05
807,3.385538082762965e-05
808,0.00010123106000170549
809,4.6212434981040124e-05
810,2.9606732194763872e-05
811,6.512622173436822e-05
812,4.540121430718667e-05
813,5.204306512286194e-05
814,7.2255895756446e-05
815,0.000342441490628509
816,5.4572048926937234e-05
817,5.5792538903736045e-05
818,3.277771705274918e-05
819,3.277771705274918e-05
820,5.5792538903736045e-05
821,3.7268898122535716e-05
822,0.00011202067298118039
823,5.5114938718459614e-05
824,7.537847758247131e-05
825,6.207004696356294e-05
826,0.00012929544452859772
827,0.00025387677261261776
828,0.001024404836032475
829,6.376371242716023e-05
830,4.7848253952898715e-05
831,3.277771705274918e-05
832,7.550686202559025e-05
833,3.3592120947808416e-05
834,0.0001271179421258383
835,3.481201745946954e-05
836,0.0002560902325764599
837,3.7268898122535716e-05
838,3.0255617066206472e-05
839,0.0001271179421258383
840,0.0002259098421770079
841,0.0001036706495112654
842,6.513956585773506e-05
843,4.540121430718667e-05
844,4.6212434981040124e-05
845,6.755341617767076e-05
846,6.422453243557856e-05
847,3.481201745946954e-05
848,7.2255895756446e-05
849,4.6212434981040124e-05
850,5.5792538903736045e-05
851,7.979131884753436e-05
852,3.385538082762965e-05
853,4.302413096533109e-05
854,5.8314499154218505e-05
855,5.8638781860524305e-05
856,5.557638056356535e-05
857,0.00010011199397978165
858,5.9991265075787155e-05
859,7.550686202559025e-05
860,3.481201745946954e-05
861,5.557638056356535e-05
862,9.864856595194695e-05
863,5.5792538903736045e-05
864,4.6212434981040124e-05
865,5.4572048926937234e-05
866,3.7268898122535716e-05
867,6.198048268085365e-05
868,3.277771705274918e-05
869,4.5391283253676936e-05
870,4.2616604105591255e-05
871,0.0002451731688521511
872,7.550686202559025e-05
873,3.277771705274918e-05
874,8.461174909592153e-05
875,3.385538082762965e-05
876,3.967875072813967e-05
877,7.187280332040441e-05
878,6.297618167928773e-05
879,0.00010966271330801905
880,0.00010123106000170549
881,4.33014111988438e-05
882,0.00011124608952710016
883,7.185736378070893e-05
884,0.0001271179421258383
885,8.903408457757796e-05
886,3.759067437657187e-05
887,3.277771705274918e-05
888,5.5792538903736045e-05
889,0.0001237763857925531
890,2.2928130484507014e-05
891,5.8314499154218505e-05
892,1.3711408421132944e-05
893,7.537847758247131e-05
894,5.8638781860524305e-05
895,5.5792538903736045e-05
896,0.00024481799664329603
897,0.0002973819909402687
898,0.0001458257278903822
899,9.318797328595068e-05
900,3.967875072813967e-05
901,0.00017810582424290469
902,0.0001714263559962587
903,0.00010123106000170549
904,5.8314499154218505e-05
905,5.5792538903736045e-05
906,6.641381392603776e-05
907,7.562431313004786e-05
908,5.557638056356535e-05
909,4.540121430718667e-05
910,3.277771705274918e-05
911,5.4572048926937234e-05
912,8.137715032324791e-05
913,0.00010115494177366924
914,4.3174335854520414e-05
915,1.4261121226533763e-05
916,7.308835386430944e-05
917,5.9795711670638015e-05
918,8.903408457757796e-05
919,6.513956585773506e-05
920,5.5792538903736045e-05
921,7.979131884753436e-05
922,5.4572048926937234e-05
923,6.207004696356294e-05
924,3.277771705274918e-05
925,7.979131884753436e-05
926,9.745930596232808e-05
927,7.550686202559025e-05
928,3.3592120947808416e-05
929,0.00010983884032524338
930,5.324010415267974e-05
931,0.43700636149722566
932,3.277771705274918e-05
933,7.979131884753436e-05
934,4.4942084313084635e-05
935,5.4572048926937234e-05
936,3.702104080416058e-05
937,0.00011272008059849524
938,0.00010123106000170549
939,0.00010123106000170549
940,0.00010123106000170549
941,0.00010002372579605706
942,7.979131884753436e-05
943,3.0255617066206472e-05
944,1.3068476665480337e-05
945,4.540121430718667e-05
946,0.00022036955236575737
947,5.5395712172398854e-05
948,4.302413096533109e-05
949,5.331076351241896e-05
950,0.0001542218380836669
951,9.858703122030309e-05
952,6.152891779582762e-05
953,5.557638056356535e-05
954,0.0010577393276053862
955,6.875368781563539e-05
956,0.0001271179421258383
957,0.00018272796568327026
958,5.5792538903736045e-05
959,8.377229314746813e-05
960,3.759067437657187e-05
961,0.00011388715806033147
962,7.912323388204173e-05
963,4.302413096533109e-05
964,0.00011103243818651994
965,7.979131884753436e-05
966,3.0255617066206472e-05
967,0.00010123106000170549
968,8.094384935282226e-05
969,4.661056117510218e-05
970,9.02473310859632e-05
971,0.00010652662512241129
972,3.277771705274918e-05
973,9.492480001802941e-06
974,8.461174909592153e-05
975,4.7146685011349875e-05
976,0.0002410710672780529
977,1.603162507756613e-05
978,5.9123212113154646e-05
979,5.474731009596402e-05
980,3.277771705274918e-05
981,8.461174909592153e-05
982,4.6212434981040124e-05
983,7.979131884753436e-05
984,7.979131884753436e-05
985,0.0003483786689513814
986,4.492017014917123e-05
987,0.0001106668647882574
988,7.537847758247131e-05
989,0.00012315787382531892
990,7.063831766824574e-05
991,4.6212434981040124e-05
992,2.2928130484507014e-05
993,5.5792538903736045e-05
994,3.277771705274918e-05
995,3.277771705274918e-05
996,4.6212434981040124e-05
997,3.0255617066206472e-05
998,4.3174335854520414e-05
999,4.265362923090977e-05
1000,5.1359639053547114e-05
1001,3.385538082762965e-05
1002,0.00015489576917341683
1003,0.00012272280192868952
1004,0.0005641691651402841
1005,0.00013684858234785688
1006,8.461174909592153e-05
1007,0.00017789698993460538
1008,0.0004493552405218233
1009,9.336986253071724e-05
1010,0.0001237878099813612
1011,4.302413096533109e-05
1012,3.277771705274918e-05
1013,5.4572048926937234e-05
1014,0.00011085588226455741
1015,0.00010676032722531388
1016,5.8638781860524305e-05
1017,5.8638781860524305e-05
1018,0.00010260134470433215
1019,6.185396116177626e-05
1020,4.540121430718667e-05
1021,7.923909239323135e-05
1022,5.557638056356535e-05
1023,7.721615104938559e-05
1024,5.5792538903736045e-05
1025,6.635790756504486e-05
1026,5.5792538903736045e-05
1027,3.0255617066206472e-05
1028,4.302413096533109e-05
1029,7.979131884753436e-05
1030,7.979131884753436e-05
1031,3.3592120947808416e-05
1032,4.345683190502227e-05
1033,3.3592120947808416e-05
1034,5.6474742493132504e-05
1035,0.001646760795754651
1036,5.0846250163418864e-05
1037,4.866500561206874e-05
1038,2.690549468832903e-05
1039,0.0002966037929941962
1040,4.1966085262602735e-05
1041,4.6212434981040124e-05
1042,3.277771705274918e-05
1043,3.385538082762965e-05
1044,5.8314499154218505e-05
1045,0.00010624918024110253
1046,3.277771705274918e-05
1047,0.0001796612139475639
1048,5.618080220499279e-05
1049,7.028855061248653e-05
1050,5.9991265075787155e-05
1051,0.0001271179421258383
1052,7.620540491138825e-05
1053,9.105607481153056e-05
1054,7.315678131120148e-05
1055,6.13591852446686e-05
1056,8.65730487676849e-05
1057,0.00010676032722531388
1058,5.647214904658875e-05
1059,3.277771705274918e-05
1060,4.6212434981040124e-05
1061,4.6212434981040124e-05
1062,7.979131884753436e-05
1063,8.461174909592153e-05
1064,7.979131884753436e-05
1065,3.7268898122535716e-05
1066,4.4942084313084635e-05
1067,0.00018177516273036771
1068,6.173641809136839e-05
1069,5.5792538903736045e-05
1070,0.00010123106000170549
1071,5.8314499154218505e-05
1072,0.00010123106000170549
1073,3.385538082762965e-05
1074,0.0001390525352732615
1075,0.00020483978400680157
1076,3.7268898122535716e-05
1077,5.5792538903736045e-05
1078,5.557638056356535e-05
1079,9.926942606078202e-05
1080,0.00020546234702321665
1081,3.481201745946954e-05
1082,7.550686202559025e-05
1083,4.2294968733115215e-05
1084,7.550686202559025e-05
1085,2.8987662522744367e-05
1086,3.277771705274918e-05
1087,3.7268898122535716e-05
1088,7.085285583691119e-05
1089,3.96939784653469e-05
1090,0.00017263987762538256
1091,5.196226252329758e-05
1092,2.2928130484507014e-05
1093,3.385538082762965e-05
1094,5.8638781860524305e-05
1095,3.7268898122535716e-05
1096,0.00010108307695163695
1097,6.372369229750144e-05
1098,5.474731009596402e-05
1099,0.000105868935247839
1100,0.00010123106000170549
1101,4.6212434981040124e-05
1102,0.00012004873548676688
1103,0.0001360204908811579
1104,7.550686202559025e-05
1105,3.96939784653469e-05
1106,5.079154255348592e-05
1107,0.00017609661688966187
1108,3.385538082762965e-05
1109,5.8314499154218505e-05
1110,0.0001939748540804122
1111,8.377229314746813e-05
1112,5.9991265075787155e-05
1113,0.00011442727976494261
1114,5.8314499154218505e-05
1115,0.00011235732241881347
1116,3.481201745946954e-05
1117,4.711357135869515e-05
1118,7.2255895756446e-05
1119,5.5792538903736045e-05
1120,7.916083129897814e-05
1121,5.6979278729870664e-05
1122,5.227464280130798e-05
1123,8.903408457757796e-05
1124,7.2255895756446e-05
1125,4.4942084313084635e-05
1126,6.068493638510794e-05
1127,3.277771705274918e-05
1128,3.481201745946954e-05
1129,7.550686202559025e-05
1130,0.00014125254998062346
1131,8.903408457757796e-05
1132,5.5395712172398854e-05
1133,6.513956585773506e-05
1134,0.0001793367896715296
1135,4.302413096533109e-05
1136,5.5792538903736045e-05
1137,4.6212434981040124e-05
1138,7.979131884753436e-05
1139,3.277771705274918e-05
1140,6.885776125085591e-05
1141,8.461174909592153e-05
1142,0.00019034027108648832
1143,0.0011267660361706441
1144,0.00017165223519027663
1145,5.5792538903736045e-05
1146,5.5792538903736045e-05
1147,5.5395712172398854e-05
1148,3.277771705274918e-05
1149,8.461174909592153e-05
1150,5.5792538903736045e-05
1151,2.2928130484507014e-05
1152,3.385538082762965e-05
1153,4.029306366847051e-05
1154,3.385538082762965e-05
1155,3.385538082762965e-05
1156,5.8638781860524305e-05
1157,0.00022371084749035267
1158,5.5792538903736045e-05
1159,6.934657995183662e-05
1160,0.0001271179421258383
1161,0.00014281734029645125
1162,5.682944361623713e-05
1163,5.137447650110571e-05
1164,0.0001591733648841353
1165,0.0002729007572476069
1166,3.095597248911481e-05
1167,0.0005083826666034315
1168,8.461174909592153e-05
1169,3.277771705274918e-05
1170,0.00011211410608067379
1171,4.540121430718667e-05
1172,0.00010564430410492937
1173,0.00018337353183544563
1174,8.163163818141763e-05
1175,0.00010123106000170549
1176,5.8638781860524305e-05
1177,0.00013409937767629033
1178,0.0006838425200803542
1179,6.171940104249608e-05
1180,8.317032021130539e-05
1181,6.372369229750144e-05
1182,5.5792538903736045e-05
1183,9.293388550810361e-05
1184,7.2255895756446e-05
1185,6.207004696356294e-05
1186,5.5792538903736045e-05
1187,5.474731009596402e-05
1188,6.743621936915326e-05
1189,7.2255895756446e-05
1190,3.277771705274918e-05
1191,0.00014080229000923455
1192,4.525962661004629e-05
1193,0.00023826643636332096
1194,7.550686202559025e-05
1195,0.0001215946268143488
1196,8.461174909592153e-05
1197,4.049299915039708e-05
1198,7.550686202559025e-05
1199,8.783704809503694e-05
1200,4.6212434981040124e-05
1201,0.00010123106000170549
1202,3.277771705274918e-05
1203,6.311047894783117e-05
1204,8.21753286038977e-05
1205,0.00016806340802291112
1206,3.277771705274918e-05
1207,4.9865366882059595e-05
1208,3.7268898122535716e-05
1209,8.461174909592153e-05
1210,7.979131884753436e-05
1211,7.979131884753436e-05
1212,0.00033675748094548263
1213,0.0001267387457428421
1214,0.0002316666245866822
1215,3.095597248911481e-05
1216,0.0001377214401452502
1217,4.6212434981040124e-05
1218,2.2928130484507014e-05
1219,7.979131884753436e-05
1220,0.00016609645925044918
1221,5.8638781860524305e-05
1222,9.420338511509298e-06
1223,0.0001360799720759923
1224,5.5395712172398854e-05
1225,0.0001599091834509015
1226,5.5792538903736045e-05
1227,4.3490068723408913e-05
1228,7.51826686341732e-05
1229,0.00014801786647137166
1230,5.5395712172398854e-05
1231,8.973180154236289e-05
1232,5.4572048926937234e-05
1233,7.979131884753436e-05
1234,0.0002947564850021923
1235,8.59725138775585e-05
1236,0.00022698675026117248
1237,5.5609549668026416e-05
1238,7.120485679641653e-05
1239,4.58530908941785e-05
1240,8.573312202321696e-05
1241,5.8314499154218505e-05
1242,0.000150152912736075
1243,3.7268898122535716e-05
1244,0.00013409937767629033
1245,0.002173094035602073
1246,4.348843892317304e-05
1247,5.840006114550923e-05
1248,3.277771705274918e-05
1249,0.0001793367896715296
1250,3.967875072813967e-05
1251,0.0002846873539061456
1252,0.00018337353183544563
1253,8.21753286038977e-05
1254,5.5395712172398854e-05
1255,2.307433345601657e-05
1256,3.967875072813967e-05
1257,5.5792538903736045e-05
1258,0.00014250177083807532
1259,7.2255895756446e-05
1260,4.3174335854520414e-05
1261,0.00014131488454231453
1262,3.277771705274918e-05
1263,5.474731009596402e-05
1264,9.312475009364513e-05
1265,0.0001271179421258383
1266,0.00010123106000170549
1267,3.385538082762965e-05
1268,8.65730487676849e-05
1269,0.0001035298149419728
1270,0.00014177537067852687
1271,0.00015157957698952804
1272,3.967875072813967e-05
1273,5.474731009596402e-05
1274,5.5395712172398854e-05
1275,0.00023296976090844267
1276,4.4942084313084635e-05
1277,9.421477132279127e-05
1278,4.58530908941785e-05
1279,0.00010676032722531388
1280,0.00024267993561595652
1281,0.00014498715019083152
1282,0.0001112294446635979
1283,0.0006499630706952015
1284,3.481201745946954e-05
1285,0.00010285494993309307
1286,0.00011385148675463644
1287,4.302413096533109e-05
1288,6.666875759850904e-05
1289,0.00011677067627036118
1290,1.2068723482691513e-05
1291,0.00017263987762538256
1292,7.847439110192912e-05
1293,8.461174909592153e-05
1294,5.4572048926937234e-05
1295,8.187194711530321e-05
1296,4.020182239716498e-05
1297,0.00014891328835510694
1298,5.5792538903736045e-05
1299,5.8638781860524305e-05
1300,5.8314499154218505e-05
1301,5.611921681138895e-05
1302,5.8314499154218505e-05
1303,5.8638781860524305e-05
1304,3.0255617066206472e-05
1305,0.00010123106000170549
1306,3.385538082762965e-05
1307,7.550686202559025e-05
1308,3.277771705274918e-05
1309,4.6212434981040124e-05
1310,5.8638781860524305e-05
1311,3.385538082762965e-05
1312,4.3490068723408913e-05
1313,0.00023789691126480206
1314,0.00012289506858799415
1315,0.00011494540218616807
1316,5.5792538903736045e-05
1317,0.00026984118021257646
1318,6.152891779582762e-05
1319,0.00010402633103644738
1320,0.0001831765719885851
1321,0.00015579096774711036
1322,8.891418453031046e-05
1323,8.461174909592153e-05
1324,3.277771705274918e-05
1325,5.212381906138974e-05
1326,3.9168375899813794e-05
1327,0.00016563792383586518
1328,4.302413096533109e-05
1329,5.647214904658875e-05
1330,9.312751632252093e-05
1331,0.0001851202404636747
1332,4.92278037294053e-05
1333,7.550686202559025e-05
1334,5.8314499154218505e-05
1335,7.979131884753436e-05
1336,3.385538082762965e-05
1337,3.385538082762965e-05
1338,0.00010123106000170549
1339,8.971884285101737e-05
1340,4.33014111988438e-05
1341,4.440303617338259e-05
1342,3.385538082762965e-05
1343,0.003433971549570866
1344,0.0001036706495112654
1345,5.611921681138895e-05
1346,9.184913814027467e-05
1347,0.00014427530778427793
1348,0.0001388438616675123
1349,6.207004696356294e-05
1350,5.8314499154218505e-05
1351,5.5792538903736045e-05
1352,0.0001243021635036275
1353,7.979131884753436e-05
1354,2.269892004934222e-05
1355,0.00011550975191629649
1356,0.00023789691126480206
1357,3.3592120947808416e-05
1358,9.19432765964234e-05
1359,3.277771705274918e-05
1360,0.00022869642795272097
1361,0.0001831765719885851
1362,0.0002445267817033158
1363,0.001262722188349719
1364,0.0002021528959797774
1365,0.00011544920800016988
1366,7.380952334546898e-05
1367,0.00010123106000170549
1368,3.385538082762965e-05
1369,0.00023685115733599837
1370,0.00015399912466195466
1371,5.8314499154218505e-05
1372,0.00030454954798824624
1373,6.152891779582762e-05
1374,3.3592120947808416e-05
1375,9.775932662418157e-05
1376,6.513956585773506e-05
1377,9.420338511509298e-06
1378,7.550686202559025e-05
1379,5.658822694895177e-05
1380,3.796873220207798e-05
1381,2.2928130484507014e-05
1382,5.4572048926937234e-05
1383,3.277771705274918e-05
1384,7.979131884753436e-05
1385,8.461174909592153e-05
1386,8.461174909592153e-05
1387,8.461174909592153e-05
1388,8.461174909592153e-05
1389,4.6212434981040124e-05
1390,8.461174909592153e-05
1391,5.5792538903736045e-05
1392,8.461174909592153e-05
1393,7.979131884753436e-05
1394,0.0002621688536110105
1395,0.01058446324178279
1396,0.00010923497467573196
1397,7.052172292491227e-05
1398,5.8638781860524305e-05
1399,0.00019516333203463515
1400,5.181998362744796e-05
1401,7.449619637016165e-05
1402,6.885776125085591e-05
1403,4.4942084313084635e-05
1404,7.979131884753436e-05
1405,0.0016975339983367863
1406,0.00021178483829577545
1407,4.4942084313084635e-05
1408,0.00010123106000170549
1409,0.00010123106000170549
1410,5.8314499154218505e-05
1411,3.0255617066206472e-05
1412,0.00010123106000170549
1413,3.0255617066206472e-05
1414,3.0255617066206472e-05
1415,5.8638781860524305e-05
1416,3.385538082762965e-05
1417,0.0002259098421770079
1418,9.847321258654658e-05
1419,5.5792538903736045e-05
1420,6.207004696356294e-05
1421,6.560962583896511e-05
1422,5.29985642969153e-05
1423,5.655368623360845e-05
1424,0.00016510811258116075
1425,0.00018406000858239757
1426,3.0255617066206472e-05
1427,5.8314499154218505e-05
1428,3.385538082762965e-05
1429,4.029306366847051e-05
1430,5.8314499154218505e-05
1431,0.00010061295096839792
1432,0.00013925092291683442
1433,0.0002150432875846437
1434,0.00013977234572729277
1435,0.00027124013715059336
1436,0.0001105351293772899
1437,0.00017633383526487163
1438,0.00028909447391594646
1439,0.0001752175352203001
1440,5.860738218731846e-05
1441,0.0002846873539061456
1442,7.315678131120148e-05
1443,0.00206365013616723
1444,3.997974628493006e-05
1445,6.979985194182254e-05
1446,3.385538082762965e-05
1447,5.8638781860524305e-05
1448,4.206141072044657e-05
1449,3.385538082762965e-05
1450,5.8314499154218505e-05
1451,4.3174335854520414e-05
1452,7.974281346090544e-05
1453,7.394181084487615e-05
1454,5.581614589317157e-05
1455,4.6212434981040124e-05
1456,0.0003595650861051405
1457,6.207004696356294e-05
1458,0.023592033532866086
1459,6.278414344494603e-05
1460,3.3592120947808416e-05
1461,5.4415531757121104e-05
1462,5.8638781860524305e-05
1463,0.0002725802745246432
1464,0.00035258860209168785
1465,7.637201325850766e-05
1466,0.0001461311138510404
1467,0.00011090470963039631
1468,4.302413096533109e-05
1469,0.0003499939229631451
1470,0.00010389361138411173
1471,3.385538082762965e-05
1472,5.8638781860524305e-05
1473,5.8638781860524305e-05
1474,0.00013974122047674589
1475,0.00010435839771655383
1476,0.00010237456388711999
1477,5.3751114197496824e-05
1478,4.348843892317304e-05
1479,3.7268898122535716e-05
1480,0.0003010048476555541
1481,5.8638781860524305e-05
1482,6.328924871001314e-05
1483,0.01920648714526577
1484,3.8672813681961915e-05
1485,0.0003284709920796512
1486,9.958403784503601e-05
1487,0.00013761363821518561
1488,0.00040542932506553483
1489,0.0001074553805960376
1490,8.461174909592153e-05
1491,6.207004696356294e-05
1492,5.3812794545092764e-05
1493,0.00010123106000170549
1494,4.890537374411857e-05
1495,3.385538082762965e-05
1496,5.8314499154218505e-05
1497,7.979131884753436e-05
1498,0.00013565429342386954
1499,0.00017345958367651667
1500,0.00010676032722531388
1501,0.0002351918191262562
1502,0.00010123106000170549
1503,0.00022130539441155692
1504,5.9991265075787155e-05
1505,4.302413096533109e-05
1506,5.9991265075787155e-05
1507,7.637299697175712e-05
1508,7.550686202559025e-05
1509,4.540121430718667e-05
1510,0.0006740833822625215
1511,3.0255617066206472e-05
1512,3.7268898122535716e-05
1513,8.461174909592153e-05
1514,0.00010676032722531388
1515,3.7268898122535716e-05
1516,3.277771705274918e-05
1517,8.461174909592153e-05
1518,6.885776125085591e-05
1519,4.6212434981040124e-05
1520,4.4942084313084635e-05
1521,6.561370380453399e-05
1522,8.040629840885195e-05
1523,0.00010495986747394483
1524,0.0001837206486807322
1525,0.00012580252710476432
1526,0.0001536678492213975
1527,6.492772155914468e-05
1528,0.00040490791861004695
1529,8.070216107124118e-05
1530,5.4572048926937234e-05
1531,0.00014977607039182484
1532,3.0255617066206472e-05
1533,5.8638781860524305e-05
1534,3.385538082762965e-05
1535,3.385538082762965e-05
1536,0.0002497862426084264
1537,4.017812713835781e-05
1538,5.4572048926937234e-05
1539,3.817377101886471e-05
1540,0.0002674595851449246
1541,3.0255617066206472e-05
1542,7.748626227026433e-05
1543,0.00023296976090844267
1544,0.00011999108208937115
1545,5.5792538903736045e-05
1546,0.00015951873420529708
1547,8.822183143752703e-05
1548,9.42666327799156e-05
1549,0.0002455886807145711
1550,5.0846250163418864e-05
1551,0.0002501948688576694
1552,0.00012261513189216867
1553,0.002173094035602073
1554,0.00017210291461328695
1555,0.00018108435889510643
1556,4.878367541594049e-05
1557,8.63689497896803e-05
1558,7.979131884753436e-05
1559,3.385538082762965e-05
1560,5.8638781860524305e-05
1561,5.8638781860524305e-05
1562,3.385538082762965e-05
1563,5.9795711670638015e-05
1564,0.0002364048833535223
1565,3.277771705274918e-05
1566,4.5398219625858754e-05
1567,0.0001122245870885044
1568,4.365395497757531e-05
1569,0.00021122771790181328
1570,4.274333134007662e-05
1571,0.0001058518524602981
1572,6.311047894783117e-05
1573,0.00035054067598892276
1574,0.00037408110986055887
1575,3.7268898122535716e-05
1576,7.2255895756446e-05
1577,5.8638781860524305e-05
1578,7.550686202559025e-05
1579,0.0002426450014375135
1580,6.892826014332516e-05
1581,0.00032354577879224435
1582,6.0032898483241e-05
1583,4.3149508725217574e-05
1584,4.124126119853297e-05
1585,0.0004174618441634955
1586,8.204747383967652e-05
1587,0.0029203118484922527
1588,0.00032332188890207863
1589,6.044100428818637e-05
1590,7.030473348444031e-05
1591,5.4572048926937234e-05
1592,5.831539177067955e-05
1593,0.0001078243653161328
1594,8.259629838130304e-05
1595,5.8638781860524305e-05
1596,4.557783788873416e-05
1597,4.3174335854520414e-05
1598,4.302413096533109e-05
1599,0.00010310661178990386
1600,6.10363826780882e-05
1601,4.302413096533109e-05
1602,4.540121430718667e-05
1603,5.557638056356535e-05
1604,0.00011758126136365584
1605,9.089301719230192e-05
1606,0.00010249908165811336
1607,0.00011272008059849524
1608,8.903408457757796e-05
1609,5.5792538903736045e-05
1610,2.690549468832903e-05
1611,4.4942084313084635e-05
1612,5.079154255348592e-05
1613,3.277771705274918e-05
1614,5.5792538903736045e-05
1615,9.534601148564988e-05
1616,6.207004696356294e-05
1617,5.348781796732358e-05
1618,5.5792538903736045e-05
1619,2.9976966121411488e-05
1620,4.348843892317304e-05
1621,0.00018505585674062636
1622,0.00018936422312128856
1623,0.00012845732971589283
1624,0.0001703343245053474
1625,3.385538082762965e-05
1626,6.179985012033572e-05
1627,4.274333134007662e-05
1628,8.328713697479586e-05
1629,0.00018726430675879553
1630,0.00013502169975498503
1631,3.277771705274918e-05
1632,3.96939784653469e-05
1633,3.277771705274918e-05
1634,0.00038206796227449765
1635,8.461174909592153e-05
1636,3.0255617066206472e-05
1637,3.385538082762965e-05
1638,0.00013409937767629033
1639,3.0255617066206472e-05
1640,3.385538082762965e-05
1641,3.385538082762965e-05
1642,3.0255617066206472e-05
1643,5.8314499154218505e-05
1644,0.00010824644096032439
1645,0.0005544295705331509
1646,8.461174909592153e-05
1647,2.690549468832903e-05
1648,5.49997124246633e-05
1649,0.00015475519109884144
1650,0.00012428748071186623
1651,5.3101744023724e-05
1652,3.385538082762965e-05
1653,5.8314499154218505e-05
1654,8.461174909592153e-05
1655,0.00035354564090729846
1656,9.890855048173198e-05
1657,0.00010622755134184357
1658,9.296455617463473e-05
1659,0.00012261513189216867
1660,0.00018526443143467386
1661,0.0004638764121134424
1662,0.0001689537899123164
1663,0.00019096033431141425
1664,4.768576975654557e-05
1665,0.000126529470526879
1666,4.345683190502227e-05
1667,3.3592120947808416e-05
1668,8.903408457757796e-05
1669,6.91151281825522e-05
1670,5.4299891474371865e-05
1671,0.00010941483012963218
1672,0.00014891328835510694
1673,0.00014307570952315314
1674,5.8638781860524305e-05
1675,5.8638781860524305e-05
1676,7.120485679641653e-05
1677,0.0002650874652260474
1678,7.829477204298029e-05
1679,0.00016985868196959733
1680,0.00018051487334577642
1681,5.8314499154218505e-05
1682,7.550686202559025e-05
1683,0.00010003802292417723
1684,0.00027320460149674443
1685,0.00017665431907167372
1686,9.201212405253071e-05
1687,0.00021178483829577545
1688,8.48446299829408e-05
1689,8.461174909592153e-05
1690,5.8638781860524305e-05
1691,3.385538082762965e-05
1692,5.8314499154218505e-05
1693,7.28019850736344e-05
1694,0.000181327862697658
1695,8.93150456114762e-05
1696,9.147434781029516e-05
1697,3.0255617066206472e-05
1698,4.564230824718677e-05
1699,0.00034331569420504405
1700,0.0004344090755253948
1701,9.889765642505389e-05
1702,0.000271214775880207
1703,4.609749377377217e-05
1704,0.00011755183304777504
1705,4.302413096533109e-05
1706,4.563306705090627e-05
1707,0.00014782680669012647
1708,3.385538082762965e-05
1709,0.00025667380614420495
1710,6.207004696356294e-05
1711,3.277771705274918e-05
1712,0.00021578984329750125
1713,3.385538082762965e-05
1714,4.206141072044657e-05
1715,0.00013127329617234178
1716,0.00015178694947852496
1717,1.1680319040102105e-05
1718,2.485876459063797e-05
1719,0.00010768920083166657
1720,4.302413096533109e-05
1721,0.00010285494993309307
1722,6.207004696356294e-05
1723,6.596515537137256e-05
1724,8.7533074086874e-05
1725,6.70724039561737e-05
1726,2.9606732194763872e-05
1727,6.314355556755704e-05
1728,0.00023289573451693499
1729,0.0007260335052431813
1730,7.979131884753436e-05
1731,4.6212434981040124e-05
1732,7.979131884753436e-05
1733,8.461174909592153e-05
1734,0.00010676032722531388
1735,3.277771705274918e-05
1736,4.6212434981040124e-05
1737,4.2616604105591255e-05
1738,4.015886082359876e-05
1739,0.0032955638825666557
1740,0.023390998292470308
1741,5.647214904658875e-05
1742,0.00014328021019405427
1743,0.0004850021801674677
1744,4.866500561206874e-05
1745,7.754686022747875e-05
1746,4.899054553668105e-05
1747,0.00011159899846886802
1748,3.4699255858358074e-05
1749,7.550686202559025e-05
1750,5.4572048926937234e-05
1751,0.0007246934742651587
1752,7.979131884753436e-05
1753,0.00014782680669012647
1754,4.4942084313084635e-05
1755,0.00018699122517997234
1756,6.885776125085591e-05
1757,4.688342355680308e-05
1758,3.0255617066206472e-05
1759,4.198288198574451e-05
1760,0.00010123106000170549
1761,5.8638781860524305e-05
1762,0.00013409937767629033
1763,3.385538082762965e-05
1764,5.8314499154218505e-05
1765,7.550686202559025e-05
1766,0.00015126627574380124
1767,8.331212311274244e-05
1768,6.734007431004452e-05
1769,0.00010123106000170549
1770,0.00011849038151904266
1771,0.00015965005668783387
1772,4.302413096533109e-05
1773,3.997974628493006e-05
1774,0.0005415413784144152
1775,0.0003595650861051405
1776,5.8638781860524305e-05
1777,0.0004068078833741355
1778,0.0013433826420605084
1779,0.00010793600592351086
1780,8.826299935458482e-05
1781,5.6979278729870664e-05
1782,0.00010285494993309307
1783,7.979131884753436e-05
1784,9.225106825633695e-05
1785,0.00015716751190247193
1786,1.5769923060268684e-05
1787,0.0010266275410268303
1788,0.00010578993574434534
1789,4.635802167813667e-05
1790,0.00033192400032681615
1791,0.00017573469571471287
1792,0.00011975003979431775
1793,4.276888458575597e-05
1794,0.00010525340086751025
1795,3.967875072813967e-05
1796,4.2616604105591255e-05
1797,6.152891779582762e-05
1798,8.232484204025883e-05
1799,0.00024267993561595652
1800,0.00010285494993309307
1801,8.837125243429936e-05
1802,0.012418917197094198
1803,4.302413096533109e-05
1804,0.0001309955140310502
1805,5.8828458920769055e-05
1806,8.004893139192744e-05
1807,5.5395712172398854e-05
1808,0.0003248088299582011
1809,0.00025990817300135564
1810,6.207004696356294e-05
1811,0.00012922443001094398
1812,5.8314499154218505e-05
1813,3.0255617066206472e-05
1814,0.00013489901781813354
1815,0.00017473178652377056
1816,3.481201745946954e-05
1817,7.315678131120148e-05
1818,2.690549468832903e-05
1819,7.63682503550745e-05
1820,0.00011628260561661637
1821,0.000357253418954052
1822,7.550686202559025e-05
1823,5.188311961423207e-05
1824,6.165022470185748e-05
1825,6.513956585773506e-05
1826,8.104515545186897e-05
1827,8.461174909592153e-05
1828,4.557783788873416e-05
1829,0.00033922211241242743
1830,6.313624522731648e-05
1831,3.277771705274918e-05
1832,5.8638781860524305e-05
1833,5.8638781860524305e-05
1834,0.00012166408529716192
1835,3.7268898122535716e-05
1836,9.147434781029516e-05
1837,4.345683190502227e-05
1838,3.0255617066206472e-05
1839,3.277771705274918e-05
1840,0.00013478100389556513
1841,4.540121430718667e-05
1842,3.5385292024746406e-05
1843,9.348724296855478e-05
1844,5.5792538903736045e-05
1845,8.377229314746813e-05
1846,0.0002718173006660477
1847,0.0002174355358067643
1848,0.00011801311462953388
1849,5.7030387164630984e-05
1850,5.8638781860524305e-05
1851,0.0001517545526195837
1852,0.0001802149647762654
1853,0.0001931097053078884
1854,3.2268339112304376e-05
1855,0.00010814771744759665
1856,3.7268898122535716e-05
1857,0.00013487886521773538
1858,5.8638781860524305e-05
1859,3.385538082762965e-05
1860,0.00018690252387696987
1861,4.3174335854520414e-05
1862,2.2928130484507014e-05
1863,0.00010676032722531388
1864,8.864739849120717e-05
1865,8.726653973917383e-05
1866,4.3174335854520414e-05
1867,0.00011223782716165973
1868,0.0002032616035470534
1869,5.0011130906210825e-05
1870,7.2255895756446e-05
1871,0.0003134615854609531
1872,6.36726894276312e-05
1873,0.00040815012454198884
1874,4.302413096533109e-05
1875,5.5395712172398854e-05
1876,7.550686202559025e-05
1877,4.6212434981040124e-05
1878,5.5792538903736045e-05
1879,5.5792538903736045e-05
1880,5.4572048926937234e-05
1881,8.461174909592153e-05
1882,3.882709262779388e-05
1883,7.979131884753436e-05
1884,5.100519161975763e-05
1885,5.5792538903736045e-05
1886,7.979131884753436e-05
1887,3.277771705274918e-05
1888,4.184325709365018e-05
1889,7.979131884753436e-05
1890,5.5792538903736045e-05
1891,4.4942084313084635e-05
1892,0.00010285494993309307
1893,0.00011864024125617872
1894,4.964916703258035e-06
1895,6.709179057628461e-05
1896,0.00014094908355325489
1897,4.059720519628086e-05
1898,6.978569598598917e-05
1899,4.119889980053241e-05
1900,7.417130834330593e-05
1901,0.00024586766613273636
1902,0.00018707670530670496
1903,3.385538082762965e-05
1904,0.00016563792383586518
1905,0.00010971655450957453
1906,5.0011130906210825e-05
1907,3.277771705274918e-05
1908,0.00010676032722531388
1909,7.979131884753436e-05
1910,7.979131884753436e-05
1911,8.461174909592153e-05
1912,0.0001065265331783908
1913,0.00010921858783288114
1914,0.00010000136202862249
1915,6.885776125085591e-05
1916,7.979131884753436e-05
1917,3.385538082762965e-05
1918,5.8638781860524305e-05
1919,0.00017790128745548948
1920,0.00014307570952315314
1921,3.385538082762965e-05
1922,5.8638781860524305e-05
1923,5.8314499154218505e-05
1924,0.00010123106000170549
1925,0.00016510811258116075
1926,4.7146685011349875e-05
1927,0.00010105222863551621
1928,0.00016011876005713163
1929,3.7268898122535716e-05
1930,5.49997124246633e-05
1931,5.0011130906210825e-05
1932,6.513956585773506e-05
1933,6.880868120502932e-05
1934,5.860738218731846e-05
1935,3.1698721019455404e-05
1936,6.076591839724955e-05
1937,0.00013488336125877016
1938,7.176916997205485e-05
1939,4.302413096533109e-05
1940,5.5395712172398854e-05
1941,0.00016409710776182847
1942,0.00020633495689510676
1943,0.00013409937767629033
1944,5.557638056356535e-05
1945,6.91421597904877e-05
1946,0.0002059251244966964
1947,0.00016510811258116075
1948,0.0002947174241119042
1949,0.00048474825765568017
1950,0.00010654695793264428
1951,0.0003122396653985394
1952,0.00014764364101972193
1953,0.00019505427482558385
1954,7.239782307866175e-05
1955,0.00016602133724911644
1956,4.326154660866236e-05
1957,6.718118066016431e-05
1958,0.0002185515123945554
1959,8.578742343452388e-05
1960,5.4572048926937234e-05
1961,3.277771705274918e-05
1962,0.00011815215149463317
1963,5.5609549668026416e-05
1964,0.00014176216093322115
1965,3.3592120947808416e-05
1966,0.0003321371728844153
1967,0.00011671659838397509
1968,0.0002846873539061456
1969,0.00038206796227449765
1970,3.277771705274918e-05
1971,4.198288198574451e-05
1972,5.8638781860524305e-05
1973,0.00012616106491783338
1974,0.00010123106000170549
1975,6.734007431004452e-05
1976,7.133799966256849e-05
1977,4.198288198574451e-05
1978,0.00017052668621452463
1979,0.0002176659631598128
1980,5.5792538903736045e-05
1981,3.1564015413878695e-05
1982,5.514631391735799e-05
1983,0.00017988444058785968
1984,0.004228338486159933
1985,9.769289479584256e-05
1986,5.8638781860524305e-05
1987,0.0004006343014463476
1988,8.137715032324791e-05
1989,0.0003284709920796512
1990,0.0002664965172143636
1991,5.8314499154218505e-05
1992,4.440303617338259e-05
1993,0.0002760914218038482
1994,5.2519497586107256e-05
1995,5.5792538903736045e-05
1996,7.550686202559025e-05
1997,5.5792538903736045e-05
1998,0.0011668624919943637
1999,5.8314499154218505e-05
2000,5.246797023457128e-05
2001,0.00018316595426230624
2002,7.01841951645979e-05
2003,5.245253657789607e-05
2004,0.00039977070810694686
2005,3.9257232430787426e-05
2006,7.72749837133253e-05
2007,0.0006160332289538975
2008,0.00012922443001094398
2009,0.00010002372579605706
2010,0.0003770941622221719
2011,0.0002444583913574115
2012,7.550686202559025e-05
2013,0.00027250266819975295
2014,0.00022627566243791579
2015,0.00043265253403702245
2016,0.00010123106000170549
2017,5.8314499154218505e-05
2018,4.771015311548059e-05
2019,5.474731009596402e-05
2020,7.309613701481862e-05
2021,0.00017731247481235607
2022,0.0001364697003932616
2023,7.669604150320404e-05
2024,0.0001271179421258383
2025,3.0255617066206472e-05
2026,4.302413096533109e-05
2027,4.565769966307606e-05
2028,0.0002316666245866822
2029,3.967875072813967e-05
2030,4.302413096533109e-05
2031,0.00010624918024110253
2032,0.00010285494993309307
2033,5.9123212113154646e-05
2034,0.0002824545136398593
2035,0.00012289506858799415
2036,0.004403687391147827
2037,5.5792538903736045e-05
2038,5.5792538903736045e-05
2039,7.979131884753436e-05
2040,4.6212434981040124e-05
2041,7.979131884753436e-05
2042,4.4942084313084635e-05
2043,7.979131884753436e-05
2044,7.979131884753436e-05
2045,3.277771705274918e-05
2046,6.885776125085591e-05
2047,0.00015668626998850815
2048,0.0004309023735860863
2049,0.0024674093414379663
2050,6.282277449983814e-05
2051,9.51962268234832e-05
2052,0.0001406924742453823
2053,3.0056835509573306e-05
2054,6.152891779582762e-05
2055,0.00017405628059844402
2056,0.0001580926811134303
2057,0.0005859077265035896
2058,0.00023258071245184735
2059,3.481201745946954e-05
2060,0.00011659386975691376
2061,3.0255617066206472e-05
2062,3.095597248911481e-05
2063,9.348277666300437e-05
2064,0.00015766499320689516
2065,0.00011348139842064571
2066,8.355396793440837e-05
2067,0.00021206192865561398
2068,0.0003284709920796512
2069,5.5792538903736045e-05
2070,0.0001396101098271708
2071,2.2928130484507014e-05
2072,9.421477132279127e-05
2073,3.387140989661226e-05
2074,6.207004696356294e-05
2075,5.3751114197496824e-05
2076,8.64638034271779e-05
2077,5.3812794545092764e-05
2078,0.00010123106000170549
2079,0.00010123106000170549
2080,5.8638781860524305e-05
2081,5.8314499154218505e-05
2082,3.385538082762965e-05
2083,9.845730132904311e-05
2084,0.00013409937767629033
2085,3.385538082762965e-05
2086,9.732186427173e-05
2087,0.00036553026209582435
2088,8.903408457757796e-05
2089,6.152891779582762e-05
2090,4.396418747958366e-05
2091,8.306125632668427e-05
2092,5.9795711670638015e-05
2093,0.00034229119279896206
2094,8.461174909592153e-05
2095,0.00010676032722531388
2096,0.0001330381551970241
2097,7.637299697175712e-05
2098,0.00010672864880951195
2099,3.3592120947808416e-05
2100,0.00010123106000170549
2101,3.385538082762965e-05
2102,5.5792538903736045e-05
2103,0.000311687517297106
2104,5.8314499154218505e-05
2105,0.00010123106000170549
2106,0.0015743031657071858
2107,4.540121430718667e-05
2108,3.0255617066206472e-05
2109,0.00012768589789776959
2110,0.0006330580079013556
2111,0.00011347117815165124
2112,0.0003113828278376437
2113,0.0002079667819576086
2114,0.0003037947734991734
2115,0.0006989979643234473
2116,0.00010529294119043637
2117,0.00033922211241242743
2118,0.00023830861851498208
2119,0.0002092313600281418
2120,0.06692208798224411
2121,0.00012455582015687228
2122,0.000575068502312161
2123,0.00012779213801242581
2124,0.0001462551722286257
2125,0.0005754682786166685
2126,6.935289773724652e-05
2127,3.955195416413731e-05
2128,9.226716797849218e-05
2129,0.00010013260820762467
2130,0.00011270912348577027
2131,7.550686202559025e-05
2132,7.2255895756446e-05
2133,9.147434781029516e-05
2134,0.00014658190710286264
2135,4.885510316365683e-05
2136,3.2268339112304376e-05
2137,3.3592120947808416e-05
2138,0.0002937283195631475
2139,0.0002313048254713654
2140,0.00014738472271910542
2141,7.979131884753436e-05
2142,5.831539177067955e-05
2143,3.0255617066206472e-05
2144,5.8638781860524305e-05
2145,0.00010123106000170549
2146,0.00021827000116942313
2147,3.3592120947808416e-05
2148,5.0011130906210825e-05
2149,8.903408457757796e-05
2150,9.5395872078085e-05
2151,3.385538082762965e-05
2152,0.00010698606321076253
2153,3.095597248911481e-05
2154,6.181624827835053e-05
2155,5.8828458920769055e-05
2156,5.006884969782265e-05
2157,0.00016359628212472748
2158,0.0002863919724632682
2159,0.07923333848676206
2160,0.0003700496623366619
2161,7.550686202559025e-05
2162,9.973771239777515e-05
2163,0.0002875395960450272
2164,0.0001455373559145688
2165,0.0009550825975252461
2166,3.277771705274918e-05
2167,0.00010123106000170549
2168,3.0255617066206472e-05
2169,0.00011235732241881347
2170,0.00017108351863750375
2171,0.00013801555117041209
2172,3.2371656852592966e-05
2173,0.00025302759983843426
2174,5.8638781860524305e-05
2175,5.5792538903736045e-05
2176,0.0062857924109306585
2177,5.981988429819078e-05
2178,4.58530908941785e-05
2179,4.866500561206874e-05
2180,0.00014703930218061984
2181,0.0007039021735003921
2182,0.00027124013715059336
2183,0.0003321371728844153
2184,5.557638056356535e-05
2185,0.0002413420033394005
2186,0.0002948037521033305
2187,0.00011337798547063406
2188,0.00018337353183544563
2189,7.979131884753436e-05
2190,3.0255617066206472e-05
2191,4.859914527908723e-05
2192,0.0003511848980843309
2193,0.00011218942308816102
2194,9.693306732718476e-05
2195,0.00016365579828738345
2196,0.00010698606321076253
2197,6.708287472074995e-05
2198,0.0001407426401741191
2199,5.685663803917779e-05
2200,2.041167430069391e-05
2201,0.005506545322189257
2202,0.0003045702645364033
2203,0.0001257387791709272
2204,0.0001546192902107368
2205,0.00013876232184073436
2206,6.662282945054689e-05
2207,7.753323610025322e-05
2208,7.550686202559025e-05
2209,6.202134922890732e-05
2210,9.942918008004167e-05
2211,0.00019165388959192445
2212,6.596515537137256e-05
2213,0.00016643667817888954
2214,4.089475868316064e-05
2215,2.2928130484507014e-05
2216,7.308835386430944e-05
2217,4.4337204726129745e-05
2218,3.4521330029452514e-05
2219,4.243568963229137e-05
2220,8.461174909592153e-05
2221,4.4942084313084635e-05
2222,6.207004696356294e-05
2223,2.2928130484507014e-05
2224,3.102504940981917e-05
2225,0.00012012461030679724
2226,0.00016313839200264428
2227,4.4642321996571134e-05
2228,0.00014380258190662594
2229,0.000548876404494585
2230,3.806700808637036e-05
2231,2.0533808981621863e-05
2232,7.325058884123859e-05
2233,0.0001980197177504834
2234,6.0062376654229394e-05
2235,0.00016563792383586518
2236,8.439782006139596e-05
2237,5.358583125833033e-05
2238,6.139100737383458e-05
2239,3.967875072813967e-05
2240,0.04253204332108567
2241,0.00010943100757633415
2242,0.00011245314439395875
2243,7.310797822451345e-05
2244,0.00018288071672514197
2245,0.00013137963202262766
2246,0.0005041031386741187
2247,0.00010123106000170549
2248,1.5999039698166446e-05
2249,0.000929967161381881
2250,7.906634618413464e-05
2251,0.00011538017339196258
2252,0.00015426067322742287
2253,0.0006451113340353801
2254,0.00012022984907365168
2255,0.2795311511306271
2256,8.903408457757796e-05
2257,3.277771705274918e-05
2258,8.461174909592153e-05
2259,6.662173515142865e-05
2260,5.5792538903736045e-05
2261,2.690549468832903e-05
2262,0.0021880961788389532
2263,0.00010676032722531388
2264,2.2928130484507014e-05
2265,3.277771705274918e-05
2266,4.4942084313084635e-05
2267,0.00010676032722531388
2268,0.00010676032722531388
2269,7.979131884753436e-05
2270,4.112322742299538e-05
2271,3.385538082762965e-05
2272,5.8314499154218505e-05
2273,5.8314499154218505e-05
2274,3.385538082762965e-05
2275,6.275070208399784e-05
2276,3.385538082762965e-05
2277,4.198288198574451e-05
2278,3.0255617066206472e-05
2279,6.884102824199941e-05
2280,5.8638781860524305e-05
2281,2.4786502473276847e-05
2282,5.459649651090733e-05
2283,0.000200802804676159
2284,6.658703380627313e-05
2285,0.0003628390465818969
2286,0.00014911075584006083
2287,5.557638056356535e-05
2288,0.0001309630719017116
2289,0.00010123106000170549
2290,6.857747622975817e-05
2291,0.0001133592055888689
2292,7.034573595393618e-05
2293,0.00017664852670522607
2294,0.00014782680669012647
2295,5.9761691379971204e-05
2296,2.2928130484507014e-05
2297,0.000136515886234654
2298,0.00023458525893128114
2299,0.00017929480274579067
2300,5.504049423174341e-05
2301,0.0006858279897880461
2302,0.0001780115926388378
2303,0.00012805849023677266
2304,0.00011316976391806249
2305,0.00013117954891269463
2306,0.0005191765083128359
2307,9.20989165415949e-05
2308,0.0002361079928775343
2309,7.2255895756446e-05
2310,8.21753286038977e-05
2311,9.184913814027467e-05
2312,3.277771705274918e-05
2313,4.6212434981040124e-05
2314,0.00010676032722531388
2315,0.0005486457773008143
2316,0.00010484664511758752
2317,0.0001582625685159016
2318,4.4449569326821216e-05
2319,8.592845586403257e-05
2320,0.00025263787917266214
2321,0.00026695785025003695
2322,5.206075128712911e-05
2323,0.00014891328835510694
2324,0.00017609661688966187
2325,5.8314499154218505e-05
2326,0.0002705661149900614
2327,5.112798478297178e-05
2328,3.277771705274918e-05
2329,6.176223939149837e-05
2330,5.8314499154218505e-05
2331,0.00019689309235916636
2332,4.302413096533109e-05
2333,0.00013524738106693816
2334,5.8314499154218505e-05
2335,0.00015036311376339024
2336,3.481201745946954e-05
2337,7.550686202559025e-05
2338,4.6212434981040124e-05
2339,3.7268898122535716e-05
2340,0.16033200632558342
2341,0.019976942753232634
2342,0.00018466251333699578
2343,0.0003330335871648364
2344,7.612456134782065e-05
2345,0.00015633392930081304
2346,4.540121430718667e-05
2347,0.00010173882457985013
2348,0.0005852422721194727
2349,2.2928130484507014e-05
2350,3.385538082762965e-05
2351,3.385538082762965e-05
2352,0.00011215318460695191
2353,0.00010136599872038187
2354,7.052172292491227e-05
2355,7.367215634192614e-05
2356,3.7268898122535716e-05
2357,9.795843451120469e-05
2358,0.00018051487334577642
2359,0.0069965135646789045
2360,3.385538082762965e-05
2361,5.217576884250111e-05
2362,3.7976171732803525e-05
2363,7.235874269882865e-05
2364,4.6212434981040124e-05
2365,3.92461784901852e-05
2366,0.0006004352449123513
2367,8.737731961491936e-05
2368,0.00010627294962598771
2369,0.00015742169787580763
2370,0.00021965877463291068
2371,0.000706783343559027
2372,0.0002846873539061456
2373,6.885776125085591e-05
2374,0.0004270869223280098
2375,3.7268898122535716e-05
2376,8.064597621543378e-05
2377,0.0005022858919459237
2378,0.0001031940255329468
2379,0.0010465078028448873
2380,0.0004084530699167842
2381,4.124126119853297e-05
2382,7.550686202559025e-05
2383,0.00014420979823715472
2384,5.9123212113154646e-05
2385,0.001479744339970273
2386,5.9991265075787155e-05
2387,0.00017662944890134395
2388,3.481201745946954e-05
2389,5.557638056356535e-05
2390,5.5395712172398854e-05
2391,6.278414344494603e-05
2392,0.0001683899550176391
2393,9.944440492057307e-05
2394,5.703924312132512e-05
2395,0.00013950664632108225
2396,4.751822287433002e-05
2397,1.4431770304309618e-05
2398,0.00039566737907040353
2399,0.0002271220080064694
2400,4.3174335854520414e-05
2401,4.6212434981040124e-05
2402,4.6212434981040124e-05
2403,0.00010676032722531388
2404,4.6212434981040124e-05
2405,0.0004134221351212138
2406,0.0001396101098271708
2407,5.5792538903736045e-05
2408,5.348781796732358e-05
2409,8.461174909592153e-05
2410,8.461174909592153e-05
2411,5.5792538903736045e-05
2412,2.2928130484507014e-05
2413,8.461174909592153e-05
2414,2.2928130484507014e-05
2415,0.00011881563369176128
2416,0.00015740293043976338
2417,0.0001220196783737613
2418,6.171940104249608e-05
2419,8.377229314746813e-05
2420,0.00015462889971548668
2421,0.00015293078706159864
2422,0.00012797827860402977
2423,0.00011176236268597472
2424,0.00012253029840276174
2425,0.00012845607868828857
2426,0.00033392008129774195
2427,6.734497538343294e-05
2428,0.00012260251377889446
2429,4.3174335854520414e-05
2430,0.00028307428514628746
2431,0.00024367959247060923
2432,3.385538082762965e-05
2433,0.00011011398030854218
2434,0.00011414203417722459
2435,0.0002478326456887396
2436,9.865952338117789e-06
2437,3.481201745946954e-05
2438,9.990405803174516e-05
2439,0.0001271179421258383
2440,0.0002306617126238958
2441,0.00019334010487406087
2442,0.00017790128745548948
2443,4.482609667049863e-05
2444,0.001364977093172259
2445,8.257282025716866e-05
2446,0.00010415887206780397
2447,0.00017383148064470814
2448,0.00014644821552343404
2449,4.58530908941785e-05
2450,4.302413096533109e-05
2451,0.0005305511659863563
2452,0.0016472774422970702
2453,0.018912160223615172
2454,0.00012725781430743887
2455,9.378889235717821e-05
2456,9.880972158094842e-05
2457,2.6999169303486287e-05
2458,0.00010676032722531388
2459,4.4942084313084635e-05
2460,6.885776125085591e-05
2461,6.885776125085591e-05
2462,6.734007431004452e-05
2463,7.979131884753436e-05
2464,0.00017609661688966187
2465,5.562370717641489e-05
2466,0.00017871562255616905
2467,0.8702020138886166
2468,9.842063314003486e-05
2469,5.8638781860524305e-05
2470,5.8314499154218505e-05
2471,5.9991265075787155e-05
2472,5.8314499154218505e-05
2473,3.385538082762965e-05
2474,3.0255617066206472e-05
2475,0.00010123106000170549
2476,4.206141072044657e-05
2477,3.0255617066206472e-05
2478,5.618080220499279e-05
2479,5.792668588534647e-05
2480,5.8638781860524305e-05
2481,5.8314499154218505e-05
2482,0.00011348139842064571
2483,4.707280326029126e-05
2484,0.0001564376383488347
2485,0.00014782680669012647
2486,0.0002909747627437497
2487,0.0003120076596249079
2488,8.948129162764093e-05
2489,0.0003268821968359002
2490,0.00029514686210735977
2491,3.759067437657187e-05
2492,0.00010001859297537936
2493,3.385538082762965e-05
2494,0.0001271179421258383
2495,0.0001628094488760317
2496,7.81708380454268e-05
2497,8.624963095991437e-05
2498,5.49997124246633e-05
2499,4.4942084313084635e-05
2500,0.00011442736281671753
2501,3.0255617066206472e-05
2502,5.557638056356535e-05
2503,5.474731009596402e-05
2504,5.8638781860524305e-05
2505,3.385538082762965e-05
2506,4.705587245764789e-05
2507,0.00018080264690880697
2508,0.0001237763857925531
2509,7.269474272809179e-05
2510,7.979131884753436e-05
2511,0.00013127329617234178
2512,6.275070208399784e-05
2513,0.00016510811258116075
2514,0.00014651405460350164
2515,4.276888458575597e-05
2516,0.0005275597263586267
2517,2.2928130484507014e-05
2518,5.8314499154218505e-05
2519,0.00045812883279015094
2520,0.00020092215659752057
2521,0.00013218824506530075
2522,9.963175406597846e-05
2523,6.733264187216309e-05
2524,4.6974781520022716e-05
2525,0.00010365737399090914
2526,0.00021339523317672948
2527,0.00019941002738318105
2528,3.106430396717074e-05
2529,9.31985138074428e-05
2530,9.713596564451026e-05
2531,3.606638193330659e-05
2532,6.171940104249608e-05
2533,0.0005709871078783768
2534,0.0002455886807145711
2535,0.034463140344423555
2536,0.00014397452724406568
2537,0.0002374905910373972
2538,9.743150954295023e-05
2539,0.00017022522404294409
2540,0.00021206192865561398
2541,0.00013409937767629033
2542,0.00012146856498075642
2543,4.6212434981040124e-05
2544,4.734292017604591e-05
2545,4.804819881456474e-05
2546,5.49997124246633e-05
2547,0.0001350991893921066
2548,7.604372493468382e-05
2549,4.688342355680308e-05
2550,0.00020033565386791985
2551,3.707085234968165e-05
2552,4.710511242782926e-05
2553,5.5395712172398854e-05
2554,7.979131884753436e-05
2555,6.0836083545467214e-05
2556,6.885776125085591e-05
2557,2.8486790282997688e-05
2558,7.534840226683104e-05
2559,0.006474906872236996
2560,0.01229221488171622
2561,0.0002560618506988693
2562,0.0004309023735860863
2563,0.0003271689399378758
2564,0.00010031288649741235
2565,0.00020239994457445622
2566,0.00024166728630245368
2567,0.00027930274346149635
2568,0.000702951698442125
2569,0.00021578984329750125
2570,0.00010000136202862249
2571,3.0255617066206472e-05
2572,4.302413096533109e-05
2573,0.0006831437275111006
2574,6.174482072019585e-05
2575,0.000726890396911791
2576,0.0001716528815709658
2577,0.0009040080997048153
2578,0.0001235859505307036
2579,3.2622773479476385e-05
2580,7.286923720737658e-05
2581,0.0006239020907778942
2582,0.00012199125711438499
2583,0.0031249452571605577
2584,0.0008753294901711984
2585,5.0011130906210825e-05
2586,5.146033455973617e-05
2587,3.2310427881870845e-05
2588,0.00016739758433757324
2589,0.00038206796227449765
2590,5.661757490160771e-05
2591,0.00019023851738475417
2592,0.00019386829427195333
2593,0.00012241146217449112
2594,0.0001420077471608332
2595,6.372369229750144e-05
2596,3.759067437657187e-05
2597,5.8638781860524305e-05
2598,0.00010123106000170549
2599,0.0011267660361706441
2600,3.0255617066206472e-05
2601,8.104515545186897e-05
2602,0.0001965279142896448
2603,0.00017165223519027663
2604,4.302413096533109e-05
2605,8.163163818141763e-05
2606,0.00022698675026117248
2607,0.0005328378025895582
2608,8.8070603220235e-05
2609,5.474731009596402e-05
2610,6.513956585773506e-05
2611,5.8742002092724575e-05
2612,0.000153376814200283
2613,6.870419027771027e-05
2614,6.0406616885637906e-05
2615,7.537847758247131e-05
2616,1.9837738879434223e-05
2617,5.5395712172398854e-05
2618,3.277771705274918e-05
2619,5.4572048926937234e-05
2620,5.5792538903736045e-05
2621,5.5792538903736045e-05
2622,3.277771705274918e-05
2623,5.5792538903736045e-05
2624,5.3520131904118524e-05
2625,0.00010000136202862249
2626,5.5792538903736045e-05
2627,4.6212434981040124e-05
2628,0.00010624918024110253
2629,4.4942084313084635e-05
2630,0.00010676032722531388
2631,4.802767319340692e-05
2632,4.112322742299538e-05
2633,0.00012859538231679022
2634,0.00040041284581083554
2635,4.152872890950579e-05
2636,9.296356909478375e-05
2637,0.0002000158925428009
2638,0.00014941273949440375
2639,9.985640485681095e-05
2640,8.65917707355638e-05
2641,0.00016616668853168223
2642,0.0003109672050385308
2643,9.678567783496202e-05
2644,0.00027462271929961073
2645,1.8699562253461354e-06
2646,9.635705752087798e-05
2647,0.00013844710549859113
2648,8.693187306260143e-05
2649,7.465025906704108e-05
2650,5.686514152269775e-05
2651,0.00023703406571288203
2652,0.00018019948551813207
2653,5.096955571240539e-05
2654,6.978595432282255e-05
2655,0.00017587487656989994
2656,3.3592120947808416e-05
2657,0.00018732940346678656
2658,0.00011905410637649475
2659,7.673137653564291e-05
2660,8.204747383967652e-05
2661,0.0001686114705351775
2662,0.00039536588878529873
2663,0.0008179906183384622
2664,0.0004385594121394804
2665,8.104515545186897e-05
2666,8.65730487676849e-05
2667,0.0001902416659475336
2668,0.00010971763563453797
2669,6.860779058862542e-05
2670,0.00025851767264006343
2671,7.432484244424494e-05
2672,0.0002278934710658689
2673,0.0002725802745246432
2674,0.00011941129793765251
2675,6.311047894783117e-05
2676,5.3751114197496824e-05
2677,5.49997124246633e-05
2678,5.5792538903736045e-05
2679,6.885776125085591e-05
2680,2.1332075269959243e-05
2681,0.0002548270666728333
2682,2.2928130484507014e-05
2683,7.218415208572423e-05
2684,7.979131884753436e-05
2685,2.7665795282635645e-05
2686,0.00014782680669012647
2687,4.423549075280228e-05
2688,0.00018337353183544563
2689,6.61835667325721e-05
2690,4.049299915039708e-05
2691,0.00010123106000170549
2692,4.029306366847051e-05
2693,0.0001271179421258383
2694,0.8137389989373175
2695,5.8314499154218505e-05
2696,7.752555122070665e-05
2697,3.5053799515187946e-05
2698,3.385538082762965e-05
2699,3.385538082762965e-05
2700,5.331076351241896e-05
2701,4.029306366847051e-05
2702,3.385538082762965e-05
2703,5.8314499154218505e-05
2704,4.1390215024879746e-05
2705,6.884102824199941e-05
2706,3.0255617066206472e-05
2707,0.00010123106000170549
2708,5.8638781860524305e-05
2709,5.8314499154218505e-05
2710,5.8314499154218505e-05
2711,5.618080220499279e-05
2712,0.0001305134630170638
2713,5.6014443595895154e-05
2714,0.0026858404940120267
2715,3.3592120947808416e-05
2716,0.00011815215149463317
2717,0.00037546562314719727
2718,8.007724063377793e-05
2719,4.1845092275697544e-05
2720,2.8646140054436506e-05
2721,7.753323610025322e-05
2722,8.588147621364005e-05
2723,6.46427889966255e-05
2724,4.112322742299538e-05
2725,0.00048266231008714874
2726,0.00015633392930081304
2727,0.0001820183257266279
2728,4.33014111988438e-05
2729,0.00014537492729516145
2730,3.561975089980641e-05
2731,0.00010698606321076253
2732,0.0006160588436982708
2733,0.00017533481069259037
2734,0.0003207649370139455
2735,0.00013409937767629033
2736,0.00015125320924085805
2737,6.978595432282255e-05
2738,3.277771705274918e-05
2739,0.00022669449038517978
2740,0.0001925810585143389
2741,0.00019023851738475417
2742,4.6212434981040124e-05
2743,0.00010123106000170549
2744,3.191786306508234e-05
2745,0.0028480063009651995
2746,0.0001298081327487882
2747,2.2916318599931856e-05
2748,6.275070208399784e-05
2749,5.8314499154218505e-05
2750,7.754686022747875e-05
2751,4.4942084313084635e-05
2752,4.6212434981040124e-05
2753,2.9548783843581045e-05
2754,0.00020665396620516433
2755,0.00024747519985528844
2756,0.0005017538897342791
2757,0.0001497373083387997
2758,0.0009060187206583167
2759,0.00017777562542353316
2760,0.00023380739045265265
2761,0.00042108108824151307
2762,7.37584217593364e-05
2763,0.00012215920097727366
2764,0.00015959044934307244
2765,0.001213495920593097
2766,4.769379269878314e-05
2767,0.00021355036820247
2768,0.0006732770358139448
2769,0.00023554922513096258
2770,0.00013239203250720646
2771,0.00031849947340814854
2772,0.00030011586094694123
2773,0.0002177549973504782
2774,0.00036748197070925117
2775,0.0001339651708317166
2776,0.00021471539069390052
2777,0.0003001439659402729
2778,0.0008197769254296722
2779,0.0003424733485153087
2780,5.928399015828894e-06
2781,0.00025075326490683387
2782,0.00040186649797709735
2783,3.481201745946954e-05
2784,0.00022728764247757893
2785,3.7268898122535716e-05
2786,0.00038206796227449765
2787,6.207004696356294e-05
2788,7.979131884753436e-05
2789,0.00029889605247078785
2790,0.008309055458618599
2791,0.0001538884189986942
2792,5.442567417285658e-05
2793,6.0674173460239853e-05
2794,4.3490068723408913e-05
2795,9.68446802471409e-05
2796,0.0001271179421258383
2797,6.37852287447843e-05
2798,5.5792538903736045e-05
2799,6.223948440957933e-05
2800,0.00021387547515164278
2801,0.0001591733648841353
2802,0.00016941049993500062
2803,8.251947102288762e-05
2804,0.00023869086423956805
2805,6.969628452572194e-05
2806,5.137447650110571e-05
2807,0.00017821892088790787
2808,0.00038206796227449765
2809,4.6212434981040124e-05
2810,0.00028158233544838
2811,0.0006469901736174181
2812,0.00038206796227449765
2813,0.0003720207854730733
2814,7.840542094894015e-05
2815,7.979131884753436e-05
2816,0.00011671267287777542
2817,7.605422681253243e-05
2818,2.7888590989528096e-05
2819,6.207004696356294e-05
2820,6.507108943252122e-05
2821,0.0001621204735703023
2822,5.991264055833144e-05
2823,0.00012032201240679921
2824,7.006626472448864e-05
2825,0.0005503371385986858
2826,0.00031633953615936095
2827,0.00012261513189216867
2828,5.3751114197496824e-05
2829,3.7268898122535716e-05
2830,7.979131884753436e-05
2831,8.604845098580698e-05
2832,0.0001493221804842717
2833,0.00033078819583547467
2834,0.0005143620850821327
2835,6.372369229750144e-05
2836,0.000174122288615091
2837,6.152891779582762e-05
2838,0.00044646359269102004
2839,0.0001350350583821553
2840,3.96939784653469e-05
2841,3.882709262779388e-05
2842,0.0002651145433998716
2843,0.0005832326999278447
2844,4.4942084313084635e-05
2845,6.813789099136406e-05
2846,6.913252739075673e-05
2847,6.278414344494603e-05
2848,5.9991265075787155e-05
2849,6.513956585773506e-05
2850,4.639375850975826e-05
2851,0.00022212646782691537
2852,5.5395712172398854e-05
2853,4.339935254114718e-05
2854,3.055990683315593e-05
2855,6.282277449983814e-05
2856,0.030257235675550977
2857,4.858442312881615e-05
2858,5.514631391735799e-05
2859,0.00028711590877017495
2860,0.0001696719170018845
2861,5.0011130906210825e-05
2862,0.0003342990244854292
2863,5.817654146608628e-05
2864,3.3592120947808416e-05
2865,0.0001491790568905757
2866,0.0002485442080473978
2867,0.00011478693867532475
2868,7.364462543022633e-05
2869,5.0954192687101884e-05
2870,2.4452726642515943e-05
2871,0.00013902699755104095
2872,9.807814677941251e-05
2873,3.385538082762965e-05
2874,5.5792538903736045e-05
2875,8.187194711530321e-05
2876,7.979131884753436e-05
2877,7.979131884753436e-05
2878,2.8972054349718028e-05
2879,7.979131884753436e-05
2880,7.979131884753436e-05
2881,3.181530649975591e-05
2882,1.8614962788289393e-05
2883,6.885776125085591e-05
2884,4.4942084313084635e-05
2885,5.5792538903736045e-05
2886,6.49235666344826e-05
2887,6.734007431004452e-05
2888,7.979131884753436e-05
2889,5.036937494489436e-05
2890,4.548251911319687e-05
2891,0.00011027936400415372
2892,7.075172001968804e-05
2893,8.93875105759792e-05
2894,0.0003847040290498496
2895,5.608329514303756e-05
2896,7.28019850736344e-05
2897,4.302413096533109e-05
2898,0.0007230641847161024
2899,0.00013896213054473584
2900,4.345683190502227e-05
2901,0.00627758758920445
2902,8.1093559724355e-05
2903,0.0002794983673213845
2904,0.00012846392421211886
2905,5.8638781860524305e-05
2906,0.00016490181219533433
2907,0.00010671934823632422
2908,0.0001549770860945308
2909,0.0002607768484117258
2910,0.00016998424049183918
2911,0.00013375877420678239
2912,9.871758195734314e-05
2913,0.00014375318745885035
2914,0.08575708125975079
2915,7.974281346090544e-05
2916,0.00014172032949632664
2917,0.0005715777420623068
2918,0.0004589308273077173
2919,0.00041633515288027733
2920,4.152872890950579e-05
2921,9.526499875461365e-05
2922,0.00019779130211695188
2923,0.0004907397795969541
2924,0.0004139971095134353
2925,0.0001414381582850071
2926,0.0001369792263630968
2927,8.432288777906014e-05
2928,5.655368623360845e-05
2929,7.2255895756446e-05
2930,0.0004999081006160212
2931,0.00011004017516171574
2932,0.00010625322066079733
2933,5.5609549668026416e-05
2934,0.0005169912279350239
2935,0.00011180122988889096
2936,9.24847057159087e-05
2937,0.00021708198146016338
2938,0.00012861284789673997
2939,6.570438201165685e-05
2940,0.00039799915408700895
2941,6.882705859559224e-05
2942,5.100519161975763e-05
2943,0.00017031280903049732
2944,5.033737891485198e-05
2945,0.00019076402067991823
2946,5.8828458920769055e-05
2947,8.926093081266834e-05
2948,5.8314499154218505e-05
2949,0.0001683899550176391
2950,0.00010941483012963218
2951,8.910154237308846e-05
2952,5.5792538903736045e-05
2953,6.989267855148985e-05
2954,3.96939784653469e-05
2955,5.348781796732358e-05
2956,0.0005339522615810995
2957,2.2928130484507014e-05
2958,0.0003284709920796512
2959,9.367343665295886e-05
2960,0.0002846873539061456
2961,2.2928130484507014e-05
2962,0.00021578984329750125
2963,0.0001511960031629934
2964,4.4942084313084635e-05
2965,0.0005275597263586267
2966,5.096707401747172e-05
2967,0.00014932521912426418
2968,3.0255617066206472e-05
2969,5.4015473913538875e-05
2970,3.0255617066206472e-05
2971,5.8314499154218505e-05
2972,7.550686202559025e-05
2973,5.8638781860524305e-05
2974,4.276888458575597e-05
2975,0.00010123106000170549
2976,5.8638781860524305e-05
2977,3.385538082762965e-05
2978,0.00010123106000170549
2979,4.602850853115229e-05
2980,5.8638781860524305e-05
2981,3.996959197769153e-05
2982,0.00010123106000170549
2983,5.8638781860524305e-05
2984,5.8638781860524305e-05
2985,0.00013409937767629033
2986,3.0255617066206472e-05
2987,5.8638781860524305e-05
2988,5.331076351241896e-05
2989,5.8314499154218505e-05
2990,5.8638781860524305e-05
2991,5.8314499154218505e-05
2992,3.385538082762965e-05
2993,5.8638781860524305e-05
2994,3.385538082762965e-05
2995,5.8314499154218505e-05
2996,5.0011130906210825e-05
2997,0.000225865643737849
2998,0.0029689873785531708
2999,4.804819881456474e-05
3000,0.0005240609808473589
3001,0.00023732432682960032
3002,0.005337906840169985
3003,6.513956585773506e-05
3004,0.024420588941918717
3005,0.00010073985096462698
3006,0.00040039618672828785
3007,7.198583946249376e-05
3008,3.6981986598134594e-05
3009,9.263165878750527e-06
3010,0.00013783951839470632
3011,5.834546111665175e-05
3012,3.481201745946954e-05
3013,5.4572048926937234e-05
3014,5.3751114197496824e-05
3015,4.557783788873416e-05
3016,0.00019273503801530708
3017,0.0002828907526435357
3018,0.00010502847801835074
3019,5.792668588534647e-05
3020,5.3812794545092764e-05
3021,3.0255617066206472e-05
3022,0.00011402492487615608
3023,0.00010123106000170549
3024,0.00016520034307521624
3025,0.00016316613578329763
3026,5.807605536268985e-05
3027,0.00027241288727475706
3028,0.0005275597263586267
3029,0.00042112718709540106
3030,4.185418501113626e-05
3031,4.029306366847051e-05
3032,0.0006677062119668728
3033,5.203960241520535e-05
3034,0.00015701066745292864
3035,0.00016885881340011005
3036,0.00018316595426230624
3037,8.59725138775585e-05
3038,0.00029472610412072716
3039,0.00013191834630468607
3040,6.152891779582762e-05
3041,3.1439101717342064e-05
3042,7.2255895756446e-05
3043,0.0003862111989780081
3044,0.0001851042006015806
3045,4.072866900648836e-05
3046,0.0006449702045187329
3047,0.0003785431833690291
3048,5.557638056356535e-05
3049,3.0255617066206472e-05
3050,6.885776125085591e-05
3051,0.0003407958629847789
3052,0.00023369774480076826
3053,0.015068480684346946
3054,0.001687423788037458
3055,0.0005232618026099416
3056,0.00027379060556396225
3057,0.0009328082220582632
3058,9.828614905427743e-05
3059,0.002192243294746801
3060,0.3418589550748311
3061,0.0009249958377712596
3062,0.00024814362993064995
3063,0.00010595048394872242
3064,0.00040143940347636567
3065,0.00023707690576695294
3066,0.017241419615105055
3067,0.0009941709632353502
3068,0.0011032109256537894
3069,0.0008871375775638681
3070,0.00015948971721861728
3071,0.00020089441217698592
3072,0.00015668209139499897
3073,0.0004299447268669706
3074,0.0751338770848129
3075,0.07055392839189957
3076,0.00013310029809637398
3077,4.423549075280228e-05
3078,5.3751114197496824e-05
3079,0.001045648887605872
3080,0.0003317549615416657
3081,0.0997412131870859
3082,0.0001349182788931367
3083,0.0008449439625066353
3084,0.0004885931483148501
3085,0.00030771331100983696
3086,0.00041304134838428226
3087,0.00010123106000170549
3088,0.0004561890040430408
3089,6.557381723815657e-05
3090,7.657461672495392e-05
3091,0.0002687935695377686
3092,4.33014111988438e-05
3093,0.00018608752212500283
3094,0.0007100748859757113
3095,4.6212434981040124e-05
3096,4.0413162953512846e-05
3097,0.00019894858303114542
3098,0.005388228854515616
3099,2.3791084923402145e-05
3100,0.000493281509419689
3101,7.310117841968643e-05
3102,0.00010985936481573827
3103,0.00027161049996156323
3104,0.0006553595803479587
3105,0.00020842866283857898
3106,0.00014782680669012647
3107,0.0022683246393899676
3108,4.049299915039708e-05
3109,0.0004393179888786399
3110,0.00015300468013099315
3111,0.0004110621247176066
3112,0.00038608366723257205
3113,0.0005143620850821327
3114,0.0003439020208573049
3115,0.00042492612995093115
3116,0.004048401826560239
3117,0.00018051487334577642
3118,8.359454372316774e-05
3119,0.9904856260589077
3120,0.09468561584201601
3121,0.0005854877975515304
3122,0.00028649413685548163
3123,0.00016510811258116075
3124,4.540121430718667e-05
3125,3.095597248911481e-05
3126,0.00011613264553802003
3127,0.0005796658208451227
3128,0.0001481889886799172
3129,8.377229314746813e-05
3130,0.0005328138938699258
3131,3.871925289102398e-08
3132,5.6995823448600484e-05
3133,0.00021274626871875418
3134,0.0010393430952888145
3135,0.0006238942808847585
3136,0.0002000802158973516
3137,0.0008430325430110225
3138,0.0002099315355569782
3139,4.302413096533109e-05
3140,0.00014647394835442057
3141,5.5792538903736045e-05
3142,3.7268898122535716e-05
3143,1.7245068086312648e-05
3144,0.5938265177150435
3145,0.00016151348404482824
3146,0.00042131264365373455
3147,0.0013867573333388639
3148,0.0005658196970133822
3149,0.7206785132790711
3150,0.0006733399207586484
3151,0.0011697597116189051
3152,0.00047839543267573037
3153,0.0005656123081839047
3154,1.3545867401574238e-05
3155,6.734007431004452e-05
3156,0.00021578984329750125
3157,0.00010386603451112509
3158,0.00017665431907167372
3159,0.0008705501527808198
3160,0.0006259357336076103
3161,0.00018775789884508122
3162,0.00025036025081732246
3163,3.759067437657187e-05
3164,9.184913814027467e-05
3165,0.0008130743993434134
3166,4.345683190502227e-05
3167,0.00010181104418530539
3168,0.000105868935247839
3169,0.0021358065343947464
3170,0.00018273921182182978
3171,0.0011077314229615436
3172,0.0002024829946854381
3173,5.7063129795016605e-05
3174,9.944088528157317e-05
3175,0.0001683899550176391
3176,4.302413096533109e-05
3177,0.00022119369798781136
3178,0.00010640843345758222
3179,9.040978056152977e-05
3180,0.00010072323628418802
3181,3.2129474259677595e-05
3182,7.754686022747875e-05
3183,0.00020025259183787072
3184,5.8020126160483234e-05
3185,0.0001335352251785465
3186,0.0002725802745246432
3187,6.165022470185748e-05
3188,8.266790862629233e-05
3189,0.00016643667817888954
3190,0.00013438760282157746
3191,0.00019462820725728533
3192,0.00030954133525303566
3193,9.318797328595068e-05
3194,0.00019669737720348613
3195,4.029306366847051e-05
3196,7.562431313004786e-05
3197,0.00011021351414864438
3198,3.3592120947808416e-05
3199,0.00018177516273036771
3200,0.00012143369462985426
3201,7.979131884753436e-05
3202,4.548251911319687e-05
3203,1.8019733978596832e-05
3204,6.885776125085591e-05
3205,0.00010676032722531388
3206,5.7130598125155914e-05
3207,5.3751114197496824e-05
3208,6.935243728611576e-05
3209,7.979131884753436e-05
3210,3.181530649975591e-05
3211,0.00010676032722531388
3212,3.590522103031911e-05
3213,7.979131884753436e-05
3214,2.8486790282997688e-05
3215,8.461174909592153e-05
3216,2.7309836150163274e-05
3217,5.7941851960047005e-05
3218,0.00014911200590089988
3219,5.474731009596402e-05
3220,0.00019570381036000223
3221,0.00025135642043979853
3222,0.005320506142634368
3223,0.00012929043176224743
3224,9.718643006428623e-05
3225,0.00016272174862850164
3226,5.5395712172398854e-05
3227,9.147434781029516e-05
3228,9.601779777963552e-05
3229,0.00010923497467573196
3230,0.00031952088095611866
3231,7.2198278264236e-05
3232,0.00023251329126677944
3233,6.70724039561737e-05
3234,4.302413096533109e-05
3235,6.781234686686713e-05
3236,0.00011385148675463644
3237,5.0488614678653065e-05
3238,5.8120933510716975e-05
3239,0.00016184984028253985
3240,2.057700521860483e-05
3241,0.00015072459737595513
3242,5.9931640768551696e-05
3243,0.00030392084845366096
3244,0.0002580184328098372
3245,0.0002368299679068464
3246,0.0003549051119210684
3247,0.00013653056719681292
3248,2.0851165106163737e-05
3249,0.00012858456767998603
3250,0.0002515158024833198
3251,0.00012486174720443058
3252,4.6077016151277865e-05
3253,7.017710229056163e-05
3254,0.0002226344539775264
3255,0.000342904199082835
3256,5.557638056356535e-05
3257,6.870419027771027e-05
3258,0.00043567496400619154
3259,0.3104311806195185
3260,8.905085024990214e-05
3261,0.0002740034540654879
3262,0.00011499883513917197
3263,0.00014302125735860989
3264,0.0005127830755789665
3265,6.152891779582762e-05
3266,5.686514152269775e-05
3267,0.00023106023899012297
3268,7.685804150465337e-05
3269,5.699688456915681e-05
3270,0.00013427111192732967
3271,0.00013968258938562946
3272,0.00010971655450957453
3273,9.970832798524968e-05
3274,0.00027407796478502977
3275,0.0003045702645364033
3276,9.5395872078085e-05
3277,0.0001866210294534768
3278,0.00021941350437560965
3279,0.00022808244980439322
3280,9.886339986590485e-05
3281,0.0003667923357980718
3282,5.400605979912654e-05
3283,0.00031386017652210743
3284,0.00024866903358713885
3285,0.0002789901419494388
3286,0.0002471558287612063
3287,1.2741105578735935e-05
3288,0.00015575512933574425
3289,4.3174335854520414e-05
3290,0.0002380177837966501
3291,0.00022360810593193472
3292,0.00014134727144227187
3293,7.2255895756446e-05
3294,2.2928130484507014e-05
3295,5.008514783443763e-05
3296,0.0006082189188837571
3297,3.408401872441792e-05
3298,0.00021578984329750125
3299,5.5792538903736045e-05
3300,4.4942084313084554e-05
3301,4.4942084313084554e-05
3302,0.00020871238796523332
3303,6.198048268085365e-05
3304,7.979131884753436e-05
3305,0.0002548270666728333
3306,0.00038206796227449765
3307,7.979131884753436e-05
3308,6.734007431004452e-05
3309,9.534601148564988e-05
3310,0.0001326308641998035
3311,0.00014283517332041
3312,0.9433343507619996
3313,4.623506810118858e-05
3314,8.474403126992235e-05
3315,4.185418501113626e-05
3316,4.029306366847051e-05
3317,0.9757834424754056
3318,5.8638781860524305e-05
3319,0.00013409937767629033
3320,7.440371426529932e-05
3321,5.8314499154218505e-05
3322,3.0255617066206472e-05
3323,4.1445505785586916e-05
3324,3.938404529223553e-05
3325,4.508452366566016e-05
3326,0.00010260134470433215
3327,0.00012121059204102437
3328,5.8314499154218505e-05
3329,5.618080220499279e-05
3330,5.3812794545092764e-05
3331,0.00011272008059849524
3332,4.206141072044657e-05
3333,0.00013409937767629033
3334,3.385538082762965e-05
3335,3.946877416449082e-05
3336,0.0003341603666103075
3337,6.885776125085591e-05
3338,7.239782307866175e-05
3339,0.89062211634036
3340,4.197381631102532e-05
3341,7.734460665400018e-05
3342,0.0001635660115729371
3343,0.0003967988742496561
3344,4.58530908941785e-05
3345,4.602650090946451e-05
3346,6.278414344494603e-05
3347,0.0001300856158765081
3348,4.336989689191965e-05
3349,0.0001252357079333916
3350,0.00010676032722531388
3351,6.0730498502954434e-05
3352,0.0005496781582953758
3353,0.9899507372592279
3354,0.0014190247837577573
3355,2.8000302520156433e-05
3356,4.198288198574451e-05
3357,3.385538082762965e-05
3358,0.6239328056169225
3359,5.9024827536974726e-05
3360,3.520275676879664e-05
3361,3.095597248911481e-05
3362,0.051598785011018944
3363,0.0002798017185942087
3364,5.8314499154218505e-05
3365,4.8941016393319066e-05
3366,7.654810906267771e-05
3367,0.0004836690288999512
3368,0.00013466050033090958
3369,0.0008588169232260199
3370,0.0014195591984856848
3371,2.9330374621201172e-05
3372,4.592505141991916e-05
3373,0.00014250177083807532
3374,0.00010130013780845335
3375,0.00026032636719305804
3376,0.00011272008059849524
3377,0.0002663981440994421
3378,0.000125726780457936
3379,0.00016740561078862112
3380,0.00010699596000624457
3381,0.0010387006508402196
3382,0.0005463207052108168
3383,0.00030973650481276344
3384,0.00010969505501240748
3385,0.0024888388125846464
3386,0.000393243915405514
3387,0.0005528238016656102
3388,0.00023235170511687643
3389,0.00021707629482310578
3390,0.00024432789602435906
3391,7.133612582039208e-05
3392,0.0002926013160137276
3393,8.1934045260996e-05
3394,0.000902187619839312
3395,0.00014017448601042309
3396,0.00010135720205485475
3397,0.0008491562854191697
3398,0.992242943168955
3399,0.000537731026161811
3400,0.00029849623081047873
3401,0.0004221826063138293
3402,0.00018323512419008122
3403,0.0007450873988843644
3404,7.979131884753436e-05
3405,7.286923720737658e-05
3406,6.003689836599701e-05
3407,0.0002846873539061456
3408,7.979131884753436e-05
3409,4.548251911319687e-05
3410,0.0003330025765154863
3411,4.4942084313084635e-05
3412,0.0004493847491063864
3413,0.00020760207103617996
3414,0.0001769353113797361
3415,0.0020161417096498705
3416,0.0002964513279521859
3417,0.06546075964476328
3418,7.660576146241332e-05
3419,0.0017645127415738813
3420,5.6979278729870664e-05
3421,0.0006781939973488272
3422,0.00029846579383109096
3423,0.0013318007479639822
3424,0.0008415202660636947
3425,0.00020783682898704953
3426,6.513956585773506e-05
3427,0.0005972764229674366
3428,4.6212434981040124e-05
3429,0.0002869547967985556
3430,0.0009726679434812964
3431,0.0006917116315400085
3432,6.885776125085591e-05
3433,0.0003072133124879849
3434,0.00010002372579605706
3435,0.0003178530722985148
3436,9.987724152356911e-05
3437,0.0007140611879647535
3438,8.371177400005267e-05
3439,0.0003285763126214461
3440,4.1445505785586916e-05
3441,0.0005822975212991481
3442,4.429034438139386e-05
3443,0.00024327375375450772
3444,0.0005479054015140129
3445,0.000318064232486651
3446,0.00039129050418548587
3447,0.0022192470954838974
3448,0.0004113889245445571
3449,0.0007641012128417459
3450,0.0006666565371463068
3451,0.0013309964220045178
3452,0.00032814882727670005
3453,0.0007776025240714065
3454,0.0002510573266481409
3455,0.005778361584906067
3456,0.0008657191532566681
3457,0.9890337352211465
3458,0.00013829841606406216
3459,0.00034562586790411263
3460,0.00044890758160650153
3461,0.0008924602054330079
3462,0.9885712465808729
3463,0.000252988858162394
3464,0.00031928395937914737
3465,4.6212434981040124e-05
3466,5.618080220499279e-05
3467,2.5921006953311375e-05
3468,0.00014758716629787515
3469,0.0026075696072916763
3470,0.0002752397530633044
3471,4.5583870914465146e-05
3472,0.00019651219922774062
3473,0.0005368995949697641
3474,0.0005415502428663036
3475,0.0004951362486487104
3476,4.382874383228646e-05
3477,6.584300581583181e-05
3478,0.00023691432467714892
3479,0.002719149232217097
3480,0.00013616125188058837
3481,0.00028120264995047444
3482,7.495090934988082e-05
3483,0.001688927274219544
3484,0.0024163233183861375
3485,7.465025906704108e-05
3486,0.0005154617209518806
3487,0.0009072615557504726
3488,0.001150442859944527
3489,0.9949165247554967
3490,0.9966183516679525
3491,0.9798524681762216
3492,0.0001200861623231039
3493,0.00027527386802222667
3494,0.0005748196277469462
3495,0.9974135566509753
3496,6.271171617432402e-05
3497,0.0005890469028773438
3498,7.688935485724908e-05
3499,3.631488460586603e-05
3500,3.3592120947808416e-05
3501,7.550686202559025e-05
3502,3.797442861443671e-05
3503,3.890626131418998e-05
3504,9.336986253071724e-05
3505,4.274333134007662e-05
3506,8.259629838130304e-05
3507,3.902862507614651e-05
3508,0.0004418072853662166
3509,0.00039225773423785625
3510,5.8638781860524305e-05
3511,0.0002111062606572527
3512,0.00025163139282750104
3513,7.127311361503393e-06
3514,3.242358516551187e-05
3515,2.1070623275797977e-05
3516,0.0003285966078708902
3517,0.00014131488454231453
3518,0.0006212146487942612
3519,0.003231354262774736
3520,4.348843892317304e-05
3521,0.00010618287184234012
3522,0.000190362892995017
3523,0.00018945476514494917
3524,0.0007113828965997138
3525,3.2604390027556437e-05
3526,0.00011026329740525595
3527,2.774457944942401e-05
3528,8.256086862671982e-05
3529,5.254706669725926e-05
3530,0.00011759717745992381
3531,4.621197858028106e-05
3532,0.00010676032722531388
3533,4.6212434981040124e-05
3534,4.6212434981040124e-05
3535,6.003689836599701e-05
3536,2.9548783843581045e-05
3537,4.4942084313084635e-05
3538,7.979131884753436e-05
3539,6.198048268085365e-05
3540,5.831367470065033e-05
3541,9.477026146435223e-05
3542,3.117762480097815e-05
3543,3.7268898122535716e-05
3544,0.00011041598316079857
3545,0.00010671934823632422
3546,6.198048268085365e-05
3547,4.548251911319687e-05
3548,3.0289588023278406e-05
3549,9.421477132279127e-05
3550,4.302413096533109e-05
3551,8.684864600209133e-05
3552,8.692789395698852e-05
3553,0.000876336783990107
3554,0.20404520941198787
3555,3.882709262779388e-05
3556,0.00014039298517830437
3557,6.36726894276312e-05
3558,0.00028591992432465006
3559,0.0001292032569395933
3560,0.0002511592877135534
3561,0.00010622609266785575
3562,0.0005985797515981036
3563,0.00044625181476091135
3564,0.00014786659696297707
3565,4.6218948654723106e-05
3566,1.555122818296301e-05
3567,9.147434781029516e-05
3568,0.00043408541725187516
3569,0.0005057696159959982
3570,0.00028796706452387786
3571,0.0001535103768713555
3572,0.00014861776020730084
3573,0.0033145566714646822
3574,2.872768172475735e-05
3575,0.00026793725397244767
3576,7.595937281570006e-05
3577,0.00023305862702979128
3578,0.0008333708181223834
3579,0.00013699722956146793
3580,0.00010406360775261177
3581,0.00014073667945379103
3582,0.00015681590160973656
3583,0.00015092741182437343
3584,0.0003712894828242645
3585,7.523024661444845e-05
3586,0.0005168422002945434
3587,0.00031089921195930135
3588,0.008131121559011746
3589,0.01078056985386397
3590,0.00013061535000434468
3591,0.0014206305248011205
3592,0.0005164781504967173
3593,0.00010959474216451528
3594,0.0001328190604952863
3595,0.00018583605306496552
3596,0.000994111492521848
3597,8.951822381689596e-05
3598,0.0002561431433924055
3599,0.0005557028342610375
3600,0.00018357416064725655
3601,0.00210864192803018
3602,0.00024702719243196265
3603,0.0009279034487219868
3604,0.00020421312850188949
3605,8.973180154236289e-05
3606,7.2255895756446e-05
3607,0.0025045309593028824
3608,0.0006609929986037628
3609,3.155269534425711e-05
3610,3.385538082762965e-05
3611,0.0003968555196852001
3612,2.3562919884540044e-05
3613,0.0001055501806675358
3614,6.823883344273592e-05
3615,0.00026574748217314304
3616,0.0063573475733105095
3617,0.00018832836865267634
3618,7.550686202559025e-05
3619,0.00020353094588857325
3620,0.0004288176528182584
3621,0.001506692411565656
3622,0.0003185364785510904
3623,0.000603423616786457
3624,0.0001683899550176391
3625,0.00010838318543519328
3626,0.00017665800963349824
3627,0.00010173882457985013
3628,7.684924743726837e-05
3629,0.00012281804121419142
3630,0.00019702700415530195
3631,0.0002760444213004069
3632,4.184831258317973e-05
3633,1.6540808799548786e-05
3634,0.000876603025222162
3635,4.423583781333925e-05
3636,5.6979278729870664e-05
3637,0.0008243184720006334
3638,0.00011406976245825644
3639,3.3592120947808416e-05
3640,0.0002824315327563075
3641,0.0004925295159122227
3642,0.00021264676131195506
3643,3.0762751562330316e-05
3644,3.385538082762965e-05
3645,0.0002793857483137942
3646,0.0001592825850542994
3647,0.0019168014754224728
3648,0.0023274978995416248
3649,6.30209470450503e-05
3650,0.002218502222582978
3651,0.0012694772505703724
3652,0.0009395351287345868
3653,0.00011905899742022441
3654,0.00016743204707221168
3655,8.533487572382445e-05
3656,1.7477959754837245e-05
3657,0.0001836007927501634
3658,0.9902436740628261
3659,0.00033862461721365393
3660,0.002318377671061792
3661,0.0005702518717427537
3662,0.0002265303206399092
3663,5.688878111681649e-05
3664,0.001023403802422064
3665,0.00013409937767629033
3666,0.000458037238924483
3667,0.0002854233930285346
3668,0.00010926179385161644
3669,8.65730487676849e-05
3670,0.00019553277561616187
3671,0.00011159899846886802
3672,0.00010348226218091256
3673,0.00019738466298868714
3674,6.405441908283043e-05
3675,7.286923720737658e-05
3676,5.49997124246633e-05
3677,0.0010992072081776067
3678,3.6546177804585636e-05
3679,0.0002846873539061456
3680,7.979131884753436e-05
3681,0.00041854421720637
3682,0.00021578984329750125
3683,3.0289588023278406e-05
3684,2.690549468832903e-05
3685,1.854649557819923e-05
3686,9.831999766333437e-05
3687,4.423549075280228e-05
3688,1.6326477119626616e-05
3689,0.00017257295883051484
3690,0.00013846829469223596
3691,6.207004696356294e-05
3692,6.885776125085591e-05
3693,0.0006830259030214807
3694,7.286923720737658e-05
3695,0.00014891328835510694
3696,0.00022126812673874843
3697,0.000493281509419689
3698,0.0003816843703219719
3699,0.0001849293183785073
3700,0.9863266158534898
3701,0.000586790897402134
3702,0.9473336377951644
3703,0.8580749058098459
3704,0.9927271376623884
3705,5.177708865334709e-05
3706,0.00014307570952315314
3707,6.275070208399784e-05
3708,0.992237936268193
3709,0.8851687972351734
3710,0.9817621042118481
3711,0.9622638207900496
3712,0.9202082789991279
3713,0.9937873843923901
3714,6.0111601680973844e-05
3715,0.9767786199707935
3716,0.993434845405783
3717,0.9921762336562412
3718,0.9973719974524361
3719,0.00010002372579605706
3720,3.8166000583223526e-05
3721,9.806961946723836e-05
3722,5.3812794545092764e-05
3723,0.00013409937767629033
3724,3.385538082762965e-05
3725,0.00014307570952315314
3726,0.00013409937767629033
3727,0.00010832040455199553
3728,5.8638781860524305e-05
3729,5.618080220499279e-05
3730,4.029306366847051e-05
3731,0.00013409937767629033
3732,6.275070208399784e-05
3733,6.48233381825614e-05
3734,5.8314499154218505e-05
3735,5.8638781860524305e-05
3736,4.276888458575597e-05
3737,4.198288198574451e-05
3738,5.8314499154218505e-05
3739,5.8638781860524305e-05
3740,0.0004302786553552421
3741,9.916447190322757e-05
3742,0.9889319521868368
3743,0.9914894441504579
3744,0.0014138206552190685
3745,8.93875105759792e-05
3746,0.0030162169217528654
3747,8.435919281888028e-05
3748,5.968604922851347e-05
3749,0.000487792900959008
3750,0.0003784193233112846
3751,0.00010449184037704038
3752,0.0003598170928644196
3753,2.6395037101844275e-05
3754,0.0004330292505845426
3755,0.00021223277585378584
3756,0.0002638699806833167
3757,6.981509610585206e-05
3758,0.0005008049410030279
3759,4.540121430718667e-05
3760,0.0001913261980824141
3761,0.0020278297781363684
3762,0.0016643662484152313
3763,0.0002163730946400646
3764,4.6212434981040124e-05
3765,4.6212434981040124e-05
3766,0.000138653372180697
3767,5.0706493640934694e-05
3768,0.00012805085660045818
3769,0.0001985523055805356
3770,0.9903415723600236
3771,0.0001965279142896448
3772,0.00014307570952315314
3773,3.385538082762965e-05
3774,0.0001154499396218522
3775,3.996959197769153e-05
3776,0.00013409937767629033
3777,0.00010260134470433215
3778,8.512175983214462e-05
3779,9.312475009364513e-05
3780,5.246886574243605e-05
3781,2.873832801939731e-05
3782,0.002990032874051445
3783,3.550070045405233e-05
3784,0.00019639136265426247
3785,1.7910305270194803e-05
3786,0.00039290131323761914
3787,3.3619919431810165e-05
3788,0.0005172975950627034
3789,0.00014758608442737607
3790,0.00010091824987800678
3791,0.0007412352384774863
3792,5.4211908992264997e-05
3793,0.0003198260641605271
3794,0.0001455680398937854
3795,4.6212434981040124e-05
3796,4.6212434981040124e-05
3797,7.979131884753436e-05
3798,0.00011849038151904266
3799,0.9976449460909018
3800,0.9596621748055466
3801,0.00020140255492303097
3802,9.806961946723836e-05
3803,9.071797837968186e-05
3804,0.00023315257365400893
3805,0.0001541047526030972
3806,3.882709262779388e-05
3807,0.9946790984455826
3808,0.991556357894573
3809,5.332830563447904e-05
3810,0.0001730698519016529
3811,0.00013806988681803198
3812,0.0001887675847501786
3813,3.385538082762965e-05
3814,5.8638781860524305e-05
3815,6.275070208399784e-05
3816,0.00031448082912707956
3817,0.001544489063226859
3818,1.660091252306979e-05
3819,5.49997124246633e-05
3820,0.00017609661688966187
3821,5.655378136090997e-05
3822,7.640615317524929e-05
3823,0.9596629851423304
3824,0.00022795091433215186
3825,0.9291362250785599
3826,0.9669531874523261
3827,9.036154939320785e-05
3828,5.514631391735799e-05
3829,0.993947229785832
3830,4.3490068723408913e-05
3831,0.00010941483012963218
3832,5.8867949941554526e-05
3833,3.967875072813967e-05
3834,0.0001106067853534128
3835,0.000105868935247839
3836,0.9870615018147285
3837,0.0013157674491121368
3838,9.198109618841782e-06
3839,5.348781796732358e-05
3840,0.0012515064123930805
3841,0.0008138630755826477
3842,6.354881681570727e-05
3843,0.00010860481235399669
3844,9.565579722348796e-06
3845,3.385538082762965e-05
3846,5.5609549668026416e-05
3847,4.010414736385545e-05
3848,0.9828615198852139
3849,7.179787770222338e-05
3850,6.275070208399784e-05
3851,4.932639811628905e-05
3852,0.0011276177447146606
3853,0.0007444561000668393
3854,0.0007455491296699815
3855,0.0012379096085714976
3856,0.004442462656066279
3857,0.00027179160319532703
3858,0.965105765096567
3859,0.0004262260548128134
3860,0.0003346502016243936
3861,0.0005309050792700994
3862,0.0005285569594654216
3863,0.0001473704376384547
3864,0.0008652662333677877
3865,0.012518726341085315
3866,5.054996416013856e-05
3867,0.0006095540600207982
3868,0.004542417995915734
3869,0.14816669798439927
3870,0.00028484377019786074
3871,0.0001997822585175797
3872,0.00014004120615089422
3873,0.0007834931682198753
3874,0.00040191016059635827
3875,0.0008172531795149419
3876,0.0002631099911361882
3877,0.0014326554980978294
3878,0.001472689680533905
3879,0.000328095591621929
3880,0.00018986001030388145
3881,0.0006337368336904974
3882,0.9909408941635514
3883,0.06337501886341948
3884,0.0017328633805956308
3885,0.0009391276668746719
3886,0.00036095948889024735
3887,0.0022137247755885728
3888,0.9946203114319121
3889,0.000361786576717039
3890,0.0015427550796903416
3891,0.0002905875898879517
3892,0.0003535478543319116
3893,0.0007672318068980127
3894,0.0003070611772008302
3895,0.0009954841251311013
3896,0.0008758118190581506
3897,0.00028707551221047567
3898,0.00021578984329750125
3899,0.00010676032722531388
3900,7.979131884753436e-05
3901,0.0008056632854029973
3902,0.0004034011169922514
3903,0.00022007283014072925
3904,0.0014535009646047003
3905,0.0010638570998357942
3906,0.0066186843349562785
3907,0.0006938553477451371
3908,0.9775145824192489
3909,0.00015172740851583796
3910,0.0012946304615255835
3911,0.0005216708172084133
3912,0.0009744549548408515
3913,0.000578589740733941
3914,0.0009890006563630436
3915,0.00018799369129276418
3916,0.00034582388283222414
3917,0.0009992889360883987
3918,0.0004535479600050554
3919,0.0009040152632000891
3920,0.0001355281613779358
3921,0.0006995159790251197
3922,0.0011315252737535567
3923,0.0004722586031220071
3924,0.002314540609538182
3925,0.0005307495809141452
3926,6.885776125085591e-05
3927,0.995338425263102
3928,0.000407708774668675
3929,0.00022687324457920739
3930,0.0013048664433216756
3931,0.00019020921909299794
3932,0.0001868921325692156
3933,0.00014323848531344586
3934,0.00036504992084848855
3935,0.00012146386629778616
3936,0.0001860900773341988
3937,0.000529678364115342
3938,0.00014340643515776066
3939,0.0005040050154909967
3940,0.003592544913877772
3941,0.0003516155223297055
3942,7.432358476038047e-05
3943,0.0003793456551430114
3944,0.0012661145708333195
3945,0.17560866245521622
3946,0.002663606314296188
3947,5.557638056356535e-05
3948,0.002533092119252756
3949,0.0006599414960692506
3950,0.0011270019799430326
3951,1.0914365048746715e-05
3952,0.0023389322590352357
3953,0.0008878629715679833
3954,0.0001224495865171962
3955,0.993075850034322
3956,0.9944443406940651
3957,0.00010614109909029329
3958,0.000325037011382721
3959,0.0004931881396434099
3960,0.0011877051376152613
3961,0.9955626063099359
3962,0.983888803507188
3963,0.0005129838125981251
3964,0.00013735544347489063
3965,0.0007247561583417616
3966,9.009867482661197e-05
3967,0.0003556119195044755
3968,0.0005605370736427175
3969,0.0009703271712254373
3970,0.0008499389680007372
3971,0.021428999251632733
3972,4.8776757732992896e-05
3973,0.00011684257198221482
3974,0.9248054441707173
3975,0.0003418188754535569
3976,0.00020145351203078145
3977,0.0008523786899691584
3978,0.00019425053294575044
3979,0.002263141247152651
3980,0.5699773430123192
3981,0.0002227969678392352
3982,9.746092850520433e-05
3983,0.0006777663517959713
3984,7.979131884753436e-05
3985,0.0008792045188143921
3986,0.00024887206323693194
3987,0.0011570738094932196
3988,0.00013124772000708198
3989,0.0001751664567744575
3990,8.058603827136422e-05
3991,8.429606313746651e-06
3992,0.0006427048983477884
3993,0.0018226778320512172
3994,0.002243088730503622
3995,0.00055706619111742
3996,0.0008036998069559471
3997,0.00010244084471774364
3998,0.0016742692109867196
3999,0.0006972260046865305
4000,0.09814344880997607
4001,9.179934008054229e-05
4002,0.00038449678983703867
4003,0.0001752847607095848
4004,8.343299074429124e-05
4005,0.0025080033272988395
4006,0.0001322514651379609
4007,0.000461835358709004
4008,0.0002063767161100812
4009,5.49997124246633e-05
4010,0.9891689640749534
4011,0.9956529359579119
4012,0.9940295994650485
4013,0.9958377418955616
4014,6.353013105095397e-05
4015,0.0006463651521607191
4016,0.0005911018376160012
4017,0.00019081069893464293
4018,0.00018702839081345427
4019,0.00021736784791417046
4020,0.0008240562654042287
4021,0.00012739467335311667
4022,0.0015755267353899883
4023,0.0012968629412067067
4024,4.1431599540935164e-05
4025,0.00013761363821518561
4026,1.027660553857468e-05
4027,0.000109018047895561
4028,0.00010084724963290734
4029,0.00020422737461019136
4030,0.00013657432233703682
4031,5.028689190192175e-05
4032,5.2967611047358406e-05
4033,3.385538082762965e-05
4034,0.00023879123708932088
4035,1.9299279552531026e-05
4036,0.008197780181560033
4037,0.00011406220694708668
4038,0.00022716941452442915
4039,6.10363826780882e-05
4040,5.830623004844554e-05
4041,5.5395712172398854e-05
4042,0.000119285148431617
4043,5.557638056356535e-05
4044,5.5395712172398854e-05
4045,0.0001564376383488347
4046,0.00010941483012963218
4047,0.00024226351381907273
4048,2.2370954055308907e-05
4049,0.00011215318460695191
4050,4.152872890950579e-05
4051,0.0001602590556085191
4052,0.0001316648882373762
4053,7.465025906704108e-05
4054,7.963117866233003e-05
4055,4.577783489060108e-05
4056,0.00019516333203463515
4057,5.776726901789961e-05
4058,0.0008036998069559471
4059,4.119889980053241e-05
4060,5.735205628429023e-05
4061,5.9991265075787155e-05
4062,0.00010795308303949446
4063,0.0001106182831442833
4064,6.503375099244108e-05
4065,0.00012128292140300123
4066,9.579264516833893e-05
4067,0.00018507380679014905
4068,7.903822873254548e-05
4069,4.0454419208798286e-05
4070,0.0001442799647797994
4071,0.00019076402067991823
4072,9.608159391622876e-05
4073,0.0003013909697606695
4074,0.0007288828674367058
4075,4.666726234977127e-05
4076,0.0005549279602552293
4077,0.0005804028568166918
4078,4.345683190502227e-05
4079,7.387564393259291e-05
4080,0.00012576694308720872
4081,0.00010745183211694963
4082,5.557638056356535e-05
4083,0.00015392732410464071
4084,4.6212434981040124e-05
4085,3.745692165778323e-05
4086,6.350166609537235e-05
4087,2.8486790282997688e-05
4088,0.00025326957862943037
4089,4.4229217988622514e-05
4090,9.367343665295886e-05
4091,4.9865366882059595e-05
4092,3.72636132114006e-05
4093,3.095597248911481e-05
4094,9.724144074755915e-05
4095,7.286923720737658e-05
4096,3.5900129488289976e-05
4097,9.367343665295886e-05
4098,5.5784627396724085e-05
4099,4.517079976860615e-05
4100,7.979131884753436e-05
4101,0.00010676032722531388
4102,0.00020900881744074273
4103,8.536417376903667e-05
4104,3.4434899896778517e-05
4105,7.935747160973261e-05
4106,1.5282432064421076e-05
4107,0.00023607193523618393
4108,4.9403436323020054e-05
4109,0.00044185740175201483
4110,5.3626782393599016e-05
4111,0.05018780166654424
4112,0.0001264645803391845
4113,5.8447054695571366e-05
4114,0.00020550714957054915
4115,5.6486101858508066e-05
4116,0.0006165133927009493
4117,4.8887059285099685e-05
4118,0.0011560831128366443
4119,7.963117866233003e-05
4120,2.1861992957143093e-05
4121,6.979222526737928e-05
4122,0.00029151427133310024
4123,0.000191346824932577
4124,5.385887550456481e-05
4125,0.0007438372115003476
4126,8.688307359231001e-05
4127,6.171940104249608e-05
4128,2.011849437739612e-05
4129,7.28019850736344e-05
4130,1.1534495919073182e-05
4131,0.0001961425793330901
4132,2.9810674550418145e-05
4133,0.00011536680021149762
4134,7.238666637063998e-05
4135,0.00013410212979365812
4136,0.0011412448263796854
4137,0.00015531815028062097
4138,7.81707793065307e-05
4139,0.00011180122988889096
4140,0.00022540763794474193
4141,0.00010414410282069874
4142,3.383202133788476e-05
4143,0.00028337465976252107
4144,0.00037858299677535196
4145,0.002724670659668912
4146,9.348724296855478e-05
4147,3.481201745946954e-05
4148,0.00019331353139574297
4149,0.0003022428557871149
4150,0.02148914860269761
4151,0.0014045697846188166
4152,0.00022764622800906768
4153,0.00019567053576740863
4154,0.006339795295966112
4155,0.00017478656646046547
4156,7.126523325466895e-05
4157,5.527678541862715e-05
4158,0.00022995899043645867
4159,0.010214185138214284
4160,0.0016569775923955072
4161,5.5507144494061826e-05
4162,7.395653496952942e-05
4163,0.00017185891445793003
4164,8.363285911496596e-05
4165,0.00012167164690309923
4166,0.0001850485476668229
4167,0.0002560898887579356
4168,0.00016751220278878132
4169,0.00013320294755083276
4170,0.0005137950171406583
4171,0.0010432912809156725
4172,0.0006198694286885232
4173,0.0004482942785327639
4174,0.00010671934823632422
4175,0.00010626506359500856
4176,9.073406103659492e-05
4177,0.005641845877876331
4178,0.9223958031981241
4179,0.00032190783047452484
4180,0.0004876359283006858
4181,0.0002779578975695061
4182,0.00033797983803187786
4183,0.00018236015897665395
4184,0.0007123824721271779
4185,0.00027748422627586565
4186,0.07177096909948423
4187,0.00060769106376
4188,0.0010267116915272329
4189,2.3725299754614313e-05
4190,0.0015375400497992225
4191,8.529537319523194e-05
4192,0.00013694883125191877
4193,6.786982194462205e-05
4194,0.0086328215574018
4195,0.0006256441063360263
4196,0.0023565653541725608
4197,6.503375099244108e-05
4198,0.0001486398069109191
4199,2.951798515636419e-05
4200,0.0002966586048297154
4201,5.557638056356535e-05
4202,0.0033663537357277447
4203,1.2566391347161664e-05
4204,0.00011180122988889096
4205,8.961456594608417e-05
4206,0.0008247553020150595
4207,0.00012667650755452382
4208,0.0006384342360940436
4209,0.00011334917608901167
4210,7.911165757781508e-05
4211,0.00013990100302915527
4212,0.0019125805051676986
4213,5.5742451332315795e-05
4214,0.0003276354237743721
4215,3.385538082762965e-05
4216,0.00017481344315438844
4217,0.0014393228270605288
4218,0.00010108535429772715
4219,0.00011849489196033303
4220,0.0010321526913573975
4221,6.513956585773506e-05
4222,0.0009064307127973566
4223,7.434669250006655e-05
4224,0.00019021736640922283
4225,0.0002720048409747765
4226,6.908300418747826e-05
4227,5.485594486663747e-05
4228,0.000416162478759781
4229,7.550686202559025e-05
4230,0.0013127259356982776
4231,0.000417333084545701
4232,0.00014861776020730084
4233,0.00015391174626482932
4234,0.0003706183090293739
4235,0.00016671364201291305
4236,0.000661383546386087
4237,0.00015268071939703005
4238,0.00024345367090477792
4239,0.00018309587528956238
4240,0.00018515561468581941
4241,0.0001428125735824325
4242,4.7183273343547983e-05
4243,0.00018019948551813207
4244,5.700300589192155e-05
4245,6.935243728611576e-05
4246,0.0007859090731601633
4247,5.1772196930921045e-05
4248,0.0008362785996391234
4249,9.18381056239981e-05
4250,5.686110896333191e-05
4251,0.00021935789327745
4252,0.0005678958489974748
4253,0.00019364597223034267
4254,0.0021233528489751977
4255,0.0012818564281551568
4256,9.097771715582193e-05
4257,0.00043911666845096757
4258,0.0001686114705351775
4259,8.228344715530054e-05
4260,0.00010318284186377741
4261,6.798457865882659e-05
4262,5.431256415468998e-05
4263,6.909389283855486e-05
4264,9.844811974558722e-05
4265,0.00044185740175201483
4266,4.4942084313084635e-05
4267,5.348781796732358e-05
4268,0.0001396101098271708
4269,4.621011484743016e-05
4270,7.979131884753436e-05
4271,2.6901679318702123e-05
4272,0.00010676032722531388
4273,4.4942084313084635e-05
4274,0.0005275597263586267
4275,4.6212434981040124e-05
4276,6.207004696356294e-05
4277,0.00038206796227449765
4278,6.350166609537235e-05
4279,6.935243728611576e-05
4280,3.8427166494817726e-05
4281,5.49997124246633e-05
4282,0.0005912820779399451
4283,9.228163073769141e-05
4284,5.5784627396724085e-05
4285,2.5545866074550933e-05
4286,0.000407708774668675
4287,7.979131884753436e-05
4288,0.00041246278965224826
4289,0.0003284709920796512
4290,0.0003498660741754759
4291,0.0002511331572965392
4292,0.00010676032722531388
4293,6.885776125085591e-05
4294,9.834427223107409e-05
4295,9.478223439989754e-05
4296,0.0005168936821100899
4297,0.0007323091776040707
4298,0.00029846579383109096
4299,0.0012709003854073687
4300,4.6212434981040124e-05
4301,8.720017816862534e-05
4302,0.00024092913403520454
4303,0.00018699122517997234
4304,4.5394776246389276e-05
4305,0.00011234901771347576
4306,0.00034504546597207943
4307,0.9716726637216052
4308,0.9931376127195889
4309,0.988132135282142
4310,0.9415442841801053
4311,0.9618356025923593
4312,0.9934154633953675
4313,0.9462516665857452
4314,0.00010669059264293895
4315,0.9723367626824135
4316,0.9721758132849857
4317,0.00012254479803033708
4318,0.9849099543904171
4319,0.9958898114777757
4320,0.9896173106605899
4321,0.9514642325770544
4322,0.9524279371999755
4323,0.9922716766880405
4324,0.970482881901702
4325,0.9098213247137962
4326,0.9815712113262871
4327,0.9796069353211534
4328,0.9927292732078208
4329,5.830623004844554e-05
4330,5.8638781860524305e-05
4331,5.8638781860524305e-05
4332,2.8967610093807026e-05
4333,3.385538082762965e-05
4334,0.9871047479665948
4335,0.984903834070139
4336,0.9935366968434718
4337,0.9961241776001297
4338,0.9456889335338784
4339,0.9900159604373909
4340,0.7689950166937054
4341,0.9975457390623994
4342,0.9973094628573645
4343,0.7809113356308204
4344,0.7845573204285414
4345,0.9943182390933495
4346,0.9967561441046868
4347,0.00011474928592079772
4348,0.9880134541693031
4349,0.6326682513366189
4350,0.9873496554872422
4351,0.992968594369341
4352,0.9281582446976112
4353,0.9529271840993269
4354,0.8696865069857364
4355,4.029306366847051e-05
4356,5.830623004844554e-05
4357,0.0001631014241498681
4358,0.00032455347502654983
4359,5.830623004844554e-05
4360,2.6908742711413218e-05
4361,0.00013409937767629033
4362,5.8638781860524305e-05
4363,4.029306366847051e-05
4364,0.00010123106000170549
4365,5.617283564446771e-05
4366,3.385538082762965e-05
4367,0.00013409937767629033
4368,7.440371426529932e-05
4369,5.6014443595895154e-05
4370,3.385538082762965e-05
4371,0.0001683899550176391
4372,0.00013409937767629033
4373,0.00013409937767629033
4374,6.111106187693643e-05
4375,0.00013409937767629033
4376,0.00016750644485011328
4377,0.00011549634986729587
4378,5.8638781860524305e-05
4379,0.00031030329617020804
4380,6.222641163276055e-05
4381,0.00012121059204102437
4382,5.617283564446771e-05
4383,0.00010496770277951232
4384,4.704318968949872e-05
4385,0.00018250062016827073
4386,4.185418501113626e-05
4387,7.272633078522268e-05
4388,8.961456594608417e-05
4389,0.00047028293776651443
4390,0.9967603114863096
4391,0.9742212276334785
4392,0.00017493096777433255
4393,0.0001738810666814905
4394,5.207585920451334e-05
4395,0.0002300021039304233
4396,6.15911485600019e-05
4397,5.028689190192175e-05
4398,0.0002775455736672171
4399,0.000857817596660153
4400,0.00010250573302036619
4401,6.891674655450332e-05
4402,0.0005518101355836372
4403,0.9800500912908754
4404,3.794446817787269e-05
4405,0.0004354445671018957
4406,0.020465876757483247
4407,5.0534423168902745e-05
4408,0.00010002372579605706
4409,0.00043296221830720137
4410,8.921741148832479e-05
4411,6.513956585773506e-05
4412,0.0006305102236258615
4413,0.0006697121829894839
4414,8.165106870884719e-05
4415,6.0500713189662736e-05
4416,5.557638056356535e-05
4417,4.6545721639382855e-05
4418,0.0005229763512745235
4419,3.091025187834257e-05
4420,7.476907539899743e-05
4421,5.3139278157999916e-05
4422,0.00018601483060305592
4423,0.000642326812534677
4424,0.00017859237524523721
4425,0.0007052522431430704
4426,9.124823039850112e-05
4427,6.0674173460239853e-05
4428,0.00039607764774306437
4429,7.979131884753436e-05
4430,0.00010676032722531388
4431,6.885776125085591e-05
4432,6.734007431004452e-05
4433,0.00044185740175201483
4434,4.710511242782926e-05
4435,0.0001675853516245722
4436,0.6963923562138551
4437,0.8833141866415919
4438,0.9808345143170153
4439,0.00021204476677721731
4440,0.00014672655940695448
4441,0.8680473285521333
4442,0.9280607032470283
4443,5.9991265075787155e-05
4444,5.735820065806827e-05
4445,6.222641163276055e-05
4446,5.8638781860524305e-05
4447,0.00010189102817590131
4448,0.00021962199290565063
4449,4.964212631164895e-06
4450,0.0026642167389321894
4451,8.873787003491412e-05
4452,8.191486543970258e-05
4453,7.238310949149747e-05
4454,8.300174705641246e-05
4455,6.278414344494603e-05
4456,5.474731009596402e-05
4457,0.00013441102720840352
4458,5.279752854979149e-05
4459,0.0003715190974114323
4460,4.613708614194484e-05
4461,6.207004696356294e-05
4462,8.891418453031046e-05
4463,0.0012604691867491638
4464,0.0005576288662497835
4465,0.9535879631502622
4466,0.9505445664668369
4467,0.0013854931626859758
4468,0.00018097553092096276
4469,5.8638781860524305e-05
4470,9.196805245522273e-06
4471,0.002106640130194678
4472,6.968545021098696e-05
4473,6.03134433894267e-05
4474,5.539285951938513e-05
4475,5.49997124246633e-05
4476,0.4324946671258103
4477,2.8000302520156433e-05
4478,0.0004833212569107448
4479,0.0003905781648076166
4480,6.416015759309998e-05
4481,0.00013694883125191877
4482,4.97096294214725e-06
4483,0.9923369211273827
4484,0.0005720332647492854
4485,0.0004594083440857163
4486,0.0001619834445467276
4487,0.00013320709183272728
4488,0.00011385148675463644
4489,8.673691167793272e-05
4490,7.979131884753436e-05
4491,7.68830381048032e-06
4492,0.00011191751584380767
4493,0.00014387380867273642
4494,0.00019333634311562446
4495,6.685332465970678e-05
4496,5.830623004844554e-05
4497,4.029306366847051e-05
4498,0.9933334095212908
4499,9.105607481153056e-05
4500,0.9374390343527146
4501,2.98739820163756e-05
4502,5.7063129795016605e-05
4503,0.9709850993663304
4504,0.0002727217444806062
4505,3.385538082762965e-05
4506,0.0002564692955631783
4507,3.184632121049543e-05
4508,5.8638781860524305e-05
4509,1.7631212125525086e-05
4510,8.204402920389123e-05
4511,0.00013616420949941197
4512,0.00011474928592079772
4513,0.00011990596248635446
4514,0.8916844590931974
4515,0.9860459375070175
4516,4.206141072044657e-05
4517,6.513956585773506e-05
4518,2.9544593649878015e-05
4519,0.98782250066779
4520,0.000766365694901612
4521,0.0005480452206031249
4522,0.0007420412653752076
4523,0.0004020205997248665
4524,0.0018093534186172644
4525,0.0001717205754441764
4526,0.0002402023325685479
4527,0.0010412263112687707
4528,0.0019769769315046977
4529,0.0007623279620769873
4530,0.0001751142898516837
4531,0.0006853928838545959
4532,0.0005118901022438584
4533,7.183510392003442e-06
4534,3.8911212610129955e-05
4535,0.002531806136246519
4536,0.0012871764256692367
4537,0.000490207898107628
4538,0.0007193071575836914
4539,0.0013295001942236876
4540,0.0002204016604923149
4541,0.9942965255457272
4542,0.9046553176372554
4543,0.00011241765823458974
4544,0.003527911612199099
4545,0.000551661521229992
4546,0.0005477216002246632
4547,0.0008231446882567035
4548,0.0004917994845224596
4549,0.9946256961905899
4550,0.0017514650725902231
4551,0.004957382237553524
4552,0.000884393522081973
4553,0.0002581264126154227
4554,0.014627153339815463
4555,0.0004459134426397816
4556,0.000540130141340837
4557,0.0025997393499969266
4558,0.0008563517310225772
4559,0.004147436852624126
4560,0.0009059504117214184
4561,0.9985452203885833
4562,0.00047338499450210353
4563,0.995202991474549
4564,0.00029697811465902445
4565,0.000253935716251827
4566,0.002613844535139119
4567,0.003958718391973811
4568,0.00028438990252606725
4569,0.00024148816714069507
4570,0.001599368016833937
4571,0.001062934293540885
4572,0.004351882773489205
4573,0.0004786237963023435
4574,2.4369928054444447e-05
4575,0.9595470500586547
4576,0.0004837327254170526
4577,0.00202070750777985
4578,0.000551661521229992
4579,0.0006658341130446175
4580,0.0003227832878674708
4581,0.0009432377940769845
4582,0.0005714000271258276
4583,0.00046833783623404386
4584,0.0014983892671497614
4585,0.0006893431429499784
4586,0.0008231142229868562
4587,0.0007768920978079981
4588,0.0004076458834796245
4589,0.0003099175765689725
4590,0.998200002150616
4591,0.9818557576113147
4592,0.9982133268247504
4593,0.9892379129546456
4594,0.0017911091347741761
4595,0.000292774189725298
4596,0.0003728827897348192
4597,0.00016837535347830624
4598,0.6860527121887608
4599,0.00017662011244116082
4600,0.000503758008544796
4601,0.0006584415266030094
4602,0.9530666959488129
4603,0.0029893039558052535
4604,0.0006103646023846578
4605,0.0002685800955473368
4606,0.00032186535913884
4607,0.0006125518259210659
4608,0.00012853933851586817
4609,0.11668094772186938
4610,0.00045794403113809563
4611,0.0003094338249953227
4612,0.00018923161322670213
4613,0.0001551993329523713
4614,0.0003508779196150229
4615,0.0014463955995419233
4616,0.0005319240155310261
4617,0.001175089259362874
4618,0.0004118546160065471
4619,0.0009573354093919817
4620,0.00025542188128668873
4621,0.001756439498385807
4622,0.0008758228528277285
4623,0.00046696859486761383
4624,0.0002394932622758119
4625,0.0021589995223931183
4626,0.0009674172587768272
4627,0.0003963654560843918
4628,0.0029288527307281217
4629,0.0008452247596421289
4630,0.9834887152249105
4631,0.0014779322154657047
4632,0.00032780644747915376
4633,0.000980558731984402
4634,5.722735024429995e-05
4635,0.0018472469986989602
4636,0.00015911778585860864
4637,0.995578712075962
4638,0.9923746198694507
4639,0.9984281476214764
4640,0.9982776921285649
4641,0.9185188201243834
4642,0.988838896990932
4643,0.9980310490537588
4644,0.9879142055213793
4645,0.9882304022323122
4646,0.997903431207027
4647,0.9965471773760913
4648,0.9961836105555677
4649,0.00046932689968232473
4650,0.001651650695713115
4651,0.003913247097123353
4652,0.997470044723834
4653,9.283223293980706e-05
4654,0.014106182740791407
4655,0.0017620735585263463
4656,0.9816665443072122
4657,0.00030744960519871477
4658,0.0008712214389231855
4659,0.99568622041473
4660,0.0009681108973923652
4661,0.0014096166892729719
4662,0.00014365052597220345
4663,0.0005275597263586267
4664,0.00029171999114451744
4665,0.0007745697006522665
4666,0.00111397161548612
4667,0.002206154125909253
4668,0.0008784339294674661
4669,0.0009026073607418864
4670,0.9967029150148753
4671,0.0017863634372744083
4672,0.0001478684086639053
4673,0.0009094240894554206
4674,0.00013227692372989492
4675,2.538246192803211e-05
4676,0.0018046215073659413
4677,0.005513859124881601
4678,0.00028019096897756576
4679,0.0006301970692289308
4680,7.31784541285201e-05
4681,0.0005484396408846957
4682,0.0002477331126566915
4683,4.0500406451814834e-05
4684,0.3420340001699296
4685,0.0012806598911378844
4686,0.0009167229625954455
4687,0.00011400802313180395
4688,0.00034866353835186225
4689,0.0011232987587297995
4690,0.00016158532165432246
4691,0.0003558791736598083
4692,0.001814691503726208
4693,4.779880315278203e-05
4694,0.0018523627059759697
4695,0.0005699336908071264
4696,0.01353688135351513
4697,0.00012618738269864338
4698,0.00011989861795829765
4699,0.0011613576600499511
4700,0.00016529148342444262
4701,0.0003413508456548792
4702,0.9977263349138623
4703,0.9958071642907863
4704,0.9989220640584309
4705,0.9976717647075689
4706,0.9962647410087013
4707,0.9970312002578778
4708,0.9964233980916493
4709,0.995583503072113
4710,0.9983518268135683
4711,0.9965414130067978
4712,0.9956878902619287
4713,0.0006078995261151194
4714,0.997647709529478
4715,0.0008296926549860358
4716,0.0004166861347275168
4717,0.9962384760778836
4718,0.0005522202355599239
4719,0.997557824974372
4720,0.00015330740576961484
4721,0.0004678348860587978
4722,0.0018256098752908163
4723,0.0004323470340864032
4724,0.9958212004160863
4725,0.001992139359129839
4726,0.0008672741430979661
4727,0.0002131819303614637
4728,0.0007895410743789085
4729,0.0014779179502189784
4730,0.000174060728464181
4731,0.0004115786001709383
4732,0.00017528524956388484
4733,0.01725810956326452
4734,5.052048832762442e-05
4735,0.00015052607519431182
4736,0.0016929989154011566
4737,8.256013595081008e-05
4738,9.917520260262622e-05
4739,4.55281663031483e-05
4740,2.005562109973804e-05
4741,0.0001093961011796887
4742,3.395405946798495e-05
4743,0.00011331921130202207
4744,4.870948385975699e-05
4745,0.0007943972871710098
4746,2.7366562674334316e-05
4747,0.00021471153732010787
4748,8.669197250728182e-05
4749,7.550686202559025e-05
4750,4.870948385975699e-05
4751,4.020190200079438e-05
4752,3.7533919231664875e-05
4753,5.028689190192175e-05
4754,0.00014802511822769262
4755,1.5981107558806647e-05
4756,0.00020858148391192488
4757,4.4942084313084635e-05
4758,0.00015690691349501417
4759,8.169179146903829e-05
4760,5.5395712172398854e-05
4761,6.0517182833727735e-05
4762,3.385538082762965e-05
4763,4.557783788873416e-05
4764,0.00010002372579605706
4765,3.578080241224358e-05
4766,7.2255895756446e-05
4767,6.0511362012004945e-05
4768,4.0308154884348925e-05
4769,0.00011199839482081399
4770,7.550686202559025e-05
4771,0.00025086788361792324
4772,0.00016558591631376658
4773,7.131456581362031e-05
4774,3.737875347186792e-05
4775,5.379069856021561e-05
4776,4.359698236129337e-05
4777,4.460334468846916e-05
4778,4.839713190300094e-05
4779,0.00010652662512241129
4780,4.300727240387914e-05
4781,0.0002818273193487655
4782,0.0002190219609639679
4783,4.402291478499076e-05
4784,4.4961014638162155e-05
4785,0.00016261683515093756
4786,8.256086862671982e-05
4787,7.550686202559025e-05
4788,0.00017617431072086332
4789,3.867286993440657e-05
4790,6.623616489656535e-05
4791,5.5395712172398854e-05
4792,0.00023360626188438993
4793,6.631414296393677e-05
4794,3.2604390027556437e-05
4795,5.4704139720964084e-05
4796,3.133232873236179e-05
4797,8.447628770171893e-05
4798,1.9109864166520328e-05
4799,0.00014604624765914164
4800,5.145830548769663e-05
4801,6.0479453421463375e-05
4802,4.710511242782926e-05
4803,6.179636994599901e-05
4804,3.277771705274918e-05
4805,7.979131884753436e-05
4806,6.179636994599901e-05
4807,0.00010997350470362678
4808,5.953528075530563e-05
4809,2.9800885651614068e-05
4810,5.49997124246632e-05
4811,4.710511242782926e-05
4812,0.00010676032722531388
4813,0.00010860481235399669
4814,3.5941974417331945e-05
4815,0.0003136163350450696
4816,6.734007431004452e-05
4817,7.979131884753436e-05
4818,5.348781796732358e-05
4819,3.53054140492153e-05
4820,6.207004696356294e-05
4821,5.263482253523259e-05
4822,4.127948381946213e-05
4823,0.00010676032722531388
4824,6.207004696356294e-05
4825,4.756525767356066e-05
4826,3.2983509582715454e-05
4827,4.548251911319687e-05
4828,0.00010676032722531388
4829,4.1431599540935164e-05
4830,5.263482253523259e-05
4831,9.367343665295886e-05
4832,0.00010676032722531388
4833,7.022623655019405e-05
4834,6.207004696356294e-05
4835,0.00030548599959808403
4836,3.851194983251917e-05
4837,0.00011547171847634829
4838,4.6351676004388376e-05
4839,6.606179056208559e-05
4840,0.00039233920557346104
4841,0.0005678126382336935
4842,4.001879862819921e-05
4843,6.928952555399628e-05
4844,0.0002772262173260956
4845,0.00012509901197548196
4846,0.0018780379003491283
4847,0.00023481989393815886
4848,0.00017345276314242465
4849,0.01860748392465042
4850,0.001077921995362007
4851,0.0008786944316060234
4852,0.004261557457474542
4853,0.0008200993433934013
4854,9.944088528157317e-05
4855,0.00043291354446496855
4856,0.0006830259030214807
4857,6.2452683596844605e-06
4858,0.00044185740175201483
4859,6.00349664751434e-05
4860,4.2679702524616825e-05
4861,0.00045935023985312307
4862,6.409187514718536e-05
4863,3.297659998029163e-05
4864,5.560479905850696e-05
4865,0.00038405407268141546
4866,0.0012949342987147751
4867,0.0018713596486746652
4868,0.00013160088073883226
4869,3.185153756845652e-05
4870,0.0002182766747214188
4871,6.863587727144056e-05
4872,0.0001115241001004235
4873,0.00022087538271775513
4874,0.00010979759572623636
4875,0.008287664322452683
4876,3.179491199112759e-05
4877,9.089301719230192e-05
4878,0.0001139366817078816
4879,9.089307993827999e-05
4880,1.027660553857468e-05
4881,2.1517566065982832e-05
4882,0.00021196303074491816
4883,7.095703333742525e-05
4884,5.766993624377385e-05
4885,0.0002412395993405334
4886,0.0022347887743652583
4887,6.411075031657406e-05
4888,0.0001353673492086052
4889,4.1431599540935164e-05
4890,4.4220338150018166e-05
4891,3.465403410370313e-05
4892,2.1373334291305155e-05
4893,5.1662210089674255e-05
4894,7.28019850736344e-05
4895,5.006937565364202e-05
4896,0.0001281658859252261
4897,0.0001281658859252261
4898,0.0001281658859252261
4899,0.0008059098613016846
4900,0.00013303250114503681
4901,0.00016089722025894857
4902,0.0006241853288291889
4903,7.560878100542944e-05
4904,3.7357340636733984e-05
4905,0.002323888029783358
4906,6.973892628597291e-05
4907,0.00016635902458695146
4908,0.00045022065739320946
4909,0.00018594093851177738
4910,0.00025052100850686993
4911,0.00034659029358695897
4912,0.0001271179421258383
4913,4.7477197856823075e-05
4914,6.483059661057621e-05
4915,3.673500128765224e-05
4916,2.891515455961449e-05
4917,2.7766809213040836e-05
4918,0.002047675195747021
4919,0.0002870814705402206
4920,1.7477959754837245e-05
4921,9.426967864008043e-05
4922,7.440371426529932e-05
4923,9.259208942929281e-05
4924,5.235698257715789e-05
4925,1.7673947077521294e-05
4926,0.6526390754383913
4927,0.00014379173523012157
4928,0.055258777477304184
4929,0.00032914866228006263
4930,0.00013231955304764597
4931,5.5609549668026416e-05
4932,0.0007432640501756481
4933,0.0002154551973395167
4934,0.0002059584908747776
4935,0.00031400551095456817
4936,0.0029194222419989045
4937,8.414025138402988e-05
4938,0.0003227832878674708
4939,0.006062075850209544
4940,3.304413866191375e-05
4941,4.185418501113626e-05
4942,6.878883239810396e-05
4943,0.00017059240277679215
4944,0.00020079990989993663
4945,0.00011999132638341664
4946,0.00021952640785055912
4947,1.917845638555164e-05
4948,0.00014194040728104988
4949,0.319996063483573
4950,0.0012183196287252043
4951,0.00033177713193000425
4952,0.00047744564568413225
4953,0.00014969757910040298
4954,5.6825207026755235e-05
4955,0.0002200997098977893
4956,0.0006234182451083193
4957,8.095323561434716e-05
4958,7.303873910817711e-05
4959,4.302413096533109e-05
4960,3.9292269081575946e-05
4961,0.00020569389507198418
4962,0.6339379002055467
4963,0.00015505493434953436
4964,0.00013303064478146763
4965,0.00010123106000170549
4966,0.006002973575881442
4967,0.002062946860940655
4968,0.0005600235446627698
4969,4.1872004207978985e-05
4970,0.0007388011712825603
4971,2.658136323847897e-05
4972,0.0020986583102710456
4973,0.0001736415405944813
4974,0.0010315081397658944
4975,0.0007930041850740633
4976,4.32109403200558e-05
4977,7.128787409663894e-05
4978,0.0010705142898972803
4979,4.2062865451400925e-05
4980,0.0034621673717585306
4981,0.00017738643599674093
4982,0.00010436186162735937
4983,6.717033042328557e-05
4984,5.2981659375228544e-05
4985,0.009976651587562689
4986,0.00020073726662542471
4987,0.00012791688556854886
4988,0.0009220737968107488
4989,8.167381008631995e-06
4990,4.302413096533109e-05
4991,8.961456594608417e-05
4992,0.00020985877383780947
4993,0.0006563952749039876
4994,9.283493967623866e-05
4995,0.00014302125735860989
4996,0.0010568733354729934
4997,2.2001065419845076e-05
4998,0.043706968165129464
4999,8.140719145530304e-05
5000,3.502874424476513e-05
5001,7.168914713478294e-05
5002,0.00013315873947364256
5003,0.0011652900395803982
5004,3.481201745946954e-05
5005,0.00014249386894080355
5006,9.115840053034738e-06
5007,0.0003961940277555275
5008,0.00021684738165969993
5009,0.0001175049807830004
5010,4.392122093398224e-05
5011,8.070216107124118e-05
5012,0.0009147756135533369
5013,0.0003299551791791813
5014,0.0016669901502697057
5015,0.0011091344694308394
5016,0.5315216010796127
5017,7.549461739309413e-05
5018,0.0016161760622053285
5019,0.0007101857331734332
5020,9.192045647114948e-05
5021,4.8799509394620775e-05
5022,0.0003720196903115109
5023,0.0001114155451469656
5024,7.880163726219921e-05
5025,0.001075247670167
5026,0.00012128669048789159
5027,6.985570828737972e-05
5028,5.8902712152413435e-05
5029,1.6561710031456654e-05
5030,0.00046757198018123
5031,0.00021892627327270062
5032,0.0005947760000563411
5033,0.0006433350786225281
5034,0.0006912696331938156
5035,0.0015251652669922143
5036,0.00014606830419496852
5037,4.1067412522756696e-05
5038,0.00012642616615833892
5039,5.212086493958987e-05
5040,6.687193505432897e-05
5041,6.734007431004452e-05
5042,7.476057055464884e-05
5043,4.782038792319764e-05
5044,8.63804433768267e-05
5045,0.00027777360467464904
5046,7.073567857534905e-05
5047,0.001079851865811273
5048,6.371140805125025e-05
5049,0.00031861968977821997
5050,5.1020305296690356e-05
5051,9.947035729633075e-05
5052,2.2292857193717265e-05
5053,0.0003868780922997204
5054,0.00019895475694374875
5055,0.00010002372579605706
5056,4.0224481420392625e-05
5057,0.00045918767831704767
5058,0.000542976577530147
5059,0.00017697612990795366
5060,7.2255895756446e-05
5061,0.00035272085724100854
5062,3.2400918368702565e-05
5063,0.003432987726257252
5064,0.0002064634493331264
5065,7.731430443600666e-05
5066,0.00012190824309333372
5067,0.00029478352784639475
5068,0.0007318694214428346
5069,9.244669766503058e-05
5070,0.000174784599349634
5071,0.0001683899550176391
5072,0.00029949360880693224
5073,0.0007330891557933835
5074,0.00010720235049969538
5075,6.872109257940572e-05
5076,0.006337536271312039
5077,2.748883176212848e-05
5078,0.008525604304644148
5079,0.0004265587867767736
5080,0.0003202086468934913
5081,0.00010588078899533126
5082,0.00013431610006847834
5083,0.00012086005101319567
5084,1.7477959754837245e-05
5085,6.328673605626435e-05
5086,6.13591852446686e-05
5087,2.86269373487424e-07
5088,0.0002888949567431165
5089,5.875415795103215e-05
5090,0.000951545785617895
5091,0.001575252450065933
5092,0.0004399441967723669
5093,0.00024755723088004596
5094,0.0001489353936792213
5095,0.000716076299690829
5096,3.882709262779381e-05
5097,0.0002146600992768585
5098,0.00031809293976140494
5099,7.979131884753436e-05
5100,4.6212434981040124e-05
5101,0.00044185740175201483
5102,7.145060952021349e-05
5103,0.00044185740175201483
5104,6.207004696356294e-05
5105,0.0003372684593291831
5106,0.00044185740175201483
5107,0.00044185740175201483
5108,0.00038206796227449765
5109,3.488698409968554e-05
5110,4.548251911319687e-05
5111,1.4408849937298844e-05
5112,0.00031809293976140494
5113,2.5506062652252346e-05
5114,7.979131884753436e-05
5115,0.0001396101098271708
5116,0.0002752496996581597
5117,6.284852351889716e-05
5118,1.9958917369896438e-05
5119,1.7334693842529225e-05
5120,3.181530649975591e-05
5121,1.0870918194442116e-05
5122,0.00038206796227449765
5123,0.0009064307127973566
5124,0.0002752496996581597
5125,0.00010676032722531388
5126,0.00010203566205225167
5127,4.6212434981040124e-05
5128,0.0005275597263586267
5129,7.022623655019405e-05
5130,2.073221675473636e-05
5131,0.0007827648745985088
5132,1.1674074575091255e-05
5133,0.00033612590433927496
5134,0.00016231081830814616
5135,0.00017609661688966187
5136,0.0006357605191211096
5137,3.973613289265609e-05
5138,0.0001074018111797963
5139,0.0006215777854428003
5140,0.00820472553777455
5141,0.000172416407039708
5142,0.9987560687793743
5143,0.9436271136524889
5144,0.9949752604069526
5145,0.9948787894994637
5146,0.989283274407423
5147,0.9881244251610074
5148,0.8500634205412771
5149,0.9925922360406003
5150,0.9972864373286237
5151,0.9963817401198786
5152,0.9799993098487578
5153,0.9984986262973435
5154,0.9974187107972389
5155,0.9960868537102272
5156,0.9976332572899782
5157,0.9892075806744473
5158,0.9976863298854998
5159,0.9825481453944781
5160,0.9968051325311444
5161,0.9931560922338419
5162,0.9919467091345033
5163,0.960271629788467
5164,0.9938825057302222
5165,0.8339550047144758
5166,0.00012140842356765513
5167,0.9923230405913179
5168,0.9983593932380458
5169,0.8872415003282117
5170,0.9920532802282687
5171,0.9969287748464056
5172,0.9973238720823382
5173,0.9898989443736931
5174,0.998221627420039
5175,0.991516831701476
5176,0.9649509558832472
5177,0.990839200389584
5178,0.9865809355242975
5179,0.9839059260000191
5180,0.9912085832999137
5181,0.9491978606620219
5182,0.9971175344922096
5183,0.9977764864520734
5184,0.9976822629357924
5185,0.9963608700386715
5186,0.7307347433941975
5187,0.992136009526712
5188,0.9939446340323342
5189,0.9562491304203828
5190,0.999208055554835
5191,0.8947297454807607
5192,0.9682163349608048
5193,0.9483882185222485
5194,0.9971243890976991
5195,0.9948870885372965
5196,0.9959984150391618
5197,0.9959235348953672
5198,0.997294361515894
5199,8.894648996348526e-05
5200,0.9240860086918455
5201,5.546589049770071e-05
5202,0.00014307570952315314
5203,0.9991408170048743
5204,9.202289103907397e-05
5205,0.00010123106000170549
5206,0.9938264345300815
5207,6.950324851393007e-05
5208,0.9814120820523042
5209,0.9882812068414241
5210,0.9878734818346707
5211,0.997833267767525
5212,0.00010496770277951232
5213,4.227312131011742e-05
5214,5.865485863270272e-05
5215,0.9984735090614371
5216,0.9612931996062412
5217,0.9985867193730238
5218,0.9965282484900069
5219,0.9991062484528747
5220,0.9960959151790405
5221,0.45245767508341234
5222,0.9985869621560821
5223,0.9894017176388947
5224,0.9915962463217719
5225,0.977946717452844
5226,0.9690658508671389
5227,0.993013422923686
5228,0.9879472007426504
5229,0.9974535247555505
5230,0.9879284045937662
5231,0.989072469724084
5232,0.9975857952705142
5233,0.9981829864528764
5234,0.9533843628252805
5235,0.9589002455755207
5236,0.9936845027624058
5237,0.9929753553801798
5238,0.9927325843334633
5239,0.998152816421214
5240,0.996386345448316
5241,0.9943270788300014
5242,0.9970624209923462
5243,0.9895264406573904
5244,0.9982815666040769
5245,0.9976852315418712
5246,0.9984350118501103
5247,0.6856707513640677
5248,0.982352269464808
5249,0.9503193026616951
5250,0.9973960314422361
5251,0.9981271891588753
5252,0.9966464168634996
5253,0.9943709296678835
5254,0.9978766798266236
5255,0.9607938295329107
5256,0.9853516400923659
5257,0.9261025034107709
5258,0.9981512595770717
5259,0.9935707713616487
5260,0.976138821163665
5261,0.9897722531277815
5262,0.9800698113041247
5263,0.997557824974372
5264,0.0018893982262576958
5265,0.9947212415891553
5266,3.827071650181908e-05
5267,0.950244533271171
5268,0.9977286286051085
5269,0.9945736289302045
5270,0.9940552066813115
5271,0.9835864382995689
5272,0.9982925099409983
5273,0.9802752472534163
5274,0.9865455683741853
5275,0.9980164816223247
5276,0.9562823869677028
5277,0.973934113385664
5278,0.9840234264424759
5279,0.9980290896362255
5280,0.9946850466774397
5281,0.9909585006487605
5282,0.9822613408205912
5283,0.9974812681760922
5284,0.9935682679520943
5285,0.9985116901530192
5286,0.9799041148435642
5287,0.00014713433394966202
5288,3.8645779413814095e-05
5289,6.14121205281223e-05
5290,0.00012121059204102437
5291,2.1586211472667556e-05
5292,4.206141072044657e-05
5293,6.565644901295043e-05
5294,0.00013754085473715393
5295,4.198288198574451e-05
5296,7.333436947471426e-05
5297,0.00010260134470433215
5298,3.385538082762965e-05
5299,0.00027973211467328474
5300,0.00011256704900741051
5301,5.3812794545092764e-05
5302,4.029306366847051e-05
5303,7.451438972033467e-05
5304,4.276888458575597e-05
5305,5.121047307927445e-05
5306,0.00010185093623165838
5307,6.565644901295043e-05
5308,5.8638781860524305e-05
5309,5.121047307927445e-05
5310,7.2255895756446e-05
5311,8.323786185115204e-05
5312,5.004314192027625e-05
5313,6.458970062525441e-05
5314,5.6014443595895154e-05
5315,9.316490120255811e-05
5316,5.912585785720598e-05
5317,4.198288198574451e-05
5318,0.00012121059204102437
5319,6.625231684021845e-05
5320,4.684060319422392e-05
5321,0.9814242949708807
5322,0.9974224716058803
5323,0.9960930683705188
5324,0.0007290992474023912
5325,6.552259785577464e-05
5326,0.9976684559478661
5327,1.0187968609631756e-05
5328,0.0020341315037676225
5329,0.9947349915004405
5330,0.9782078179225528
5331,0.994495937004378
5332,6.545007341198995e-05
5333,0.9932694677516438
5334,0.9979358189448078
5335,0.9915470531269489
5336,0.00026698999190758913
5337,0.9899164464990151
5338,0.9577978974136545
5339,3.627490587492297e-05
5340,0.9957371250172324
5341,0.9869755054547413
5342,0.995734144619288
5343,0.0006180587855995334
5344,5.382929410298497e-05
5345,9.478635237070569e-05
5346,1.7342048704800888e-05
5347,5.0044482234242234e-05
5348,5.364870761917983e-05
5349,0.006350720747113408
5350,0.00010287732118185479
5351,4.020527168037603e-05
5352,0.00022140614938610687
5353,1.4508023972210416e-05
5354,5.926335645804437e-05
5355,0.48013534065629804
5356,0.00016408577326558938
5357,3.538743047952648e-05
5358,0.0001442799647797994
5359,8.104515545186897e-05
5360,9.112997921951759e-05
5361,0.0006772613854796107
5362,0.0002625709251764489
5363,0.0006642686595893318
5364,6.542066455224241e-05
5365,0.0007031046291714376
5366,0.0015022291845472346
5367,0.0013133383255147888
5368,0.0002462184480606261
5369,4.272544368723811e-05
5370,4.452734778030766e-05
5371,8.952908725877082e-05
5372,8.213435828058644e-05
5373,7.290310923450943e-05
5374,0.0006781062113415736
5375,4.159736370914119e-05
5376,0.0002053189466330722
5377,0.001401064211475116
5378,8.02174264986098e-05
5379,2.69218800474439e-05
5380,0.00027258639228339957
5381,0.0001420434905006679
5382,0.00013007541684072874
5383,8.64668351766967e-05
5384,5.6014443595895154e-05
5385,0.00017609661688966187
5386,5.557638056356535e-05
5387,0.8822257048398604
5388,0.9961406687130605
5389,0.0003574019768462282
5390,0.9950193546319779
5391,0.9957874983225742
5392,0.9972385043147498
5393,0.9933976727164711
5394,0.9979995592273284
5395,0.9955530529721532
5396,0.9963774863939108
5397,0.997603056720015
5398,0.00010676032722531388
5399,0.9936062959530793
5400,0.9971711899806575
5401,0.9867374344993776
5402,0.9974867106622608
5403,0.9933080698248041
5404,5.8638781860524305e-05
5405,6.023279154468433e-05
5406,4.029306366847051e-05
5407,5.8638781860524305e-05
5408,5.9991265075787155e-05
5409,0.9120242135544366
5410,5.808086117211037e-05
5411,0.0009198235997534229
5412,0.9918289164767126
5413,0.9859712144791725
5414,0.8835296496640311
5415,0.0002815830752217365
5416,0.000263034162472673
5417,0.0001280329174809128
5418,2.5411337289406692e-05
5419,0.00011900128640159697
5420,0.0006589736397571493
5421,2.0949581699541504e-05
5422,1.7956641938717517e-05
5423,5.9511641513636666e-05
5424,0.00026705839203600227
5425,6.892826014332516e-05
5426,5.49997124246632e-05
5427,0.00011191751584380767
5428,0.00041246278965224826
5429,3.181530649975591e-05
5430,9.695602395157953e-05
5431,8.436862576534646e-06
5432,5.49997124246632e-05
5433,2.5693643049761104e-05
5434,0.00022476948953335774
5435,2.1614231474014672e-05
5436,0.0014157387562576992
5437,0.9957792435870693
5438,0.90165385539271
5439,0.00011104138629115744
5440,0.9987704764114149
5441,0.9824212894207066
5442,0.9843040014441908
5443,0.9959881671397356
5444,6.980421245718335e-05
5445,0.0020801465434382993
5446,0.9926964748948631
5447,0.001433382528068467
5448,0.9947937169784563
5449,0.0022355016863057323
5450,8.09825578875306e-05
5451,0.0034455844954965615
5452,9.14971448216184e-06
5453,3.711429007909358e-05
5454,2.6522035955854726e-05
5455,3.181530649975591e-05
5456,0.00024092913403520454
5457,0.0010719746235079684
5458,0.0003913592150369313
5459,0.9909051067245707
5460,0.9927776992735156
5461,0.9951815480012933
5462,0.9861828705494813
5463,0.9912749167220152
5464,5.8638781860524305e-05
5465,5.629052235066534e-05
5466,0.9907223972669036
5467,0.9972613568069357
5468,0.00014012588239021044
5469,8.903408457757796e-05
5470,2.9749387080058574e-05
5471,0.0004060149171372221
5472,0.0004552705656491195
5473,0.00033024188494275633
5474,0.998224581407303
5475,0.9893823620287416
5476,0.9971007368829444
5477,0.6779281319169921
5478,0.00030900866899862163
5479,7.578594228536605e-05
5480,4.960510818537521e-05
5481,0.00011045106078699911
5482,0.00011026667615537471
5483,0.0016818753641002831
5484,0.0011307515826163984
5485,0.0005183809105512632
5486,2.6599196263019034e-05
5487,3.385538082762965e-05
5488,0.9931652250946853
5489,0.00010317944765962367
5490,1.6179852361767097e-05
5491,0.00046889406958554395
5492,0.0005733967839979193
5493,0.0008012358873522675
5494,5.7863408162582954e-05
5495,7.586695722213346e-05
5496,0.0004566052654554891
5497,0.0002831945249340015
5498,3.5712851700893825e-05
5499,6.133349102352074e-05
5500,0.0015417656839567316
5501,0.9501154164557593
5502,0.000934358074448705
5503,6.316741455329789e-05
5504,0.9957157647048911
5505,0.00011979534312550755
5506,0.0001947489884915962
5507,0.9989320206047265
5508,0.00019786865090532966
5509,0.0002047371087665478
5510,8.961456594608417e-05
5511,0.9975026702287213
5512,8.10290257960516e-05
5513,0.00702904572998528
5514,3.8948476579484515e-05
5515,0.9951995612332547
5516,0.000493281509419689
5517,4.593708142093469e-05
5518,3.481201745946954e-05
5519,0.9977591467221117
5520,0.0005142816682933949
5521,0.00010285494993309307
5522,7.979131884753436e-05
5523,0.9877356412644601
5524,0.0008076270915015568
5525,0.9948014168853999
5526,5.912585785720598e-05
5527,3.810232720835245e-05
5528,0.0004650101730379502
5529,0.00029389027807517746
5530,4.8973535447844036e-05
5531,0.9955508316137566
5532,0.9983489971104305
5533,0.9922202965644887
5534,0.002179421822892381
5535,2.6467431257172994e-05
5536,6.222641163276055e-05
5537,0.0007886976607028325
5538,0.00021259789661536084
5539,0.00012299663146676348
5540,0.0013991713708150996
5541,0.0007063343697668965
5542,0.0008156056987868978
5543,0.0037150422375094795
5544,0.0004647426168287562
5545,0.0004007271415361249
5546,7.007849312550643e-05
5547,0.001185328952879736
5548,0.0013242389239635072
5549,0.001008221118170609
5550,0.0008581720654895627
5551,0.001133157575640126
5552,0.0012279367661725148
5553,0.0005816893529858497
5554,0.0005179448042788736
5555,0.000782876942665981
5556,0.994283858323793
5557,0.08874315059220235
5558,0.002290451796539934
5559,0.9887998679829159
5560,0.0002847307865820928
5561,0.010348780716531688
5562,0.00011374240846053926
5563,0.00013415160662404516
5564,0.0046265573569874326
5565,0.0006781140441470991
5566,0.0012800891520584376
5567,0.025864120581415326
5568,0.9775904830919457
5569,0.9957979692575122
5570,0.9937930532364347
5571,0.00079711123729149
5572,0.048035226749845686
5573,0.002311483014928657
5574,0.00021074615297088516
5575,0.00019098887864608838
5576,0.18434235713696542
5577,0.0006479579443077853
5578,0.012964139412410194
5579,0.9986607921010577
5580,0.9865100459035222
5581,0.0016789140859576066
5582,0.0006032267815836784
5583,0.0008082798056504353
5584,0.0005262001203227052
5585,0.0007734863553718513
5586,0.0014967482758012874
5587,0.9939631724781021
5588,0.9991435280280834
5589,0.00033068704043404037
5590,0.9960910013542986
5591,3.984751385490209e-05
5592,0.9978269503240061
5593,0.0007391020782387566
5594,0.00048727642812569476
5595,0.0003010129500981999
5596,0.0006484317271011194
5597,0.002116255121401111
5598,0.004986141432552114
5599,0.000172905587140094
5600,0.0025662581509881778
5601,0.00030495301451805674
5602,0.0022889739804829567
5603,5.938747312201728e-05
5604,0.0007133784331353493
5605,0.0005572406772041075
5606,0.0014580550797131577
5607,0.0007862889243395002
5608,0.0006056505205488697
5609,0.0010484759789671678
5610,0.00022743199915413825
5611,0.003875623579290744
5612,0.003525018088090127
5613,0.0004155643698554612
5614,0.0016230226454311768
5615,0.0007677732758732929
5616,7.84598035559818e-05
5617,0.0004393879560823969
5618,0.0014430806205713222
5619,0.0014172819830851754
5620,0.0015876626466945396
5621,0.0009974889465907888
5622,0.0007207593893304803
5623,0.0010608738764359472
5624,0.002967634994640346
5625,0.00021227101075912164
5626,0.0036025074296566423
5627,0.0023096270715735486
5628,0.000935342413853089
5629,0.9977289115477844
5630,0.9979089462461075
5631,0.996084654511942
5632,0.996542254298124
5633,0.9710271394638805
5634,0.9975481343943657
5635,0.9989943566932266
5636,0.9982397916463596
5637,0.9983732482713199
5638,0.9973110567768066
5639,0.9935147026570553
5640,3.986479342089855e-10
5641,0.0003102645880076252
5642,0.00042466791689111993
5643,0.005791549689449767
5644,0.0005095160929478724
5645,0.0010643275760730368
5646,0.0004364984922661732
5647,0.00044268421042424215
5648,0.0014339922940779547
5649,0.9915510389361847
5650,0.9940382972806764
5651,0.0006513517236026735
5652,0.9592178515886546
5653,0.9793160566984918
5654,0.0013832211110668645
5655,0.0009315740782526345
5656,0.0050905860673896445
5657,0.9737793897881885
5658,0.0001283245538720114
5659,0.996221479450719
5660,0.0009364748304415307
5661,0.00015234649787836864
5662,0.0002605781509928124
5663,0.0007411520944445333
5664,0.00036421621335942984
5665,0.0007562189992049381
5666,0.0009351190447610305
5667,0.0007912746995796124
5668,0.0009494630150123107
5669,0.001889220662117281
5670,0.0009175063675256505
5671,0.0022742367918658604
5672,0.0013878411575894978
5673,0.00036689072227114093
5674,0.0007597877432906188
5675,0.0019667062461286257
5676,0.000503041916600771
5677,0.9841850420320173
5678,0.0005889980956084155
5679,0.0016175271137302428
5680,0.010720573956517505
5681,0.0015429715624187944
5682,0.029889794937909064
5683,0.00044222642232328815
5684,0.0022326182245108912
5685,0.00030610430385790945
5686,0.0004100233858179974
5687,0.0012316762732039908
5688,0.00024453163025259033
5689,0.00026224065578914744
5690,0.0031364864824089595
5691,0.0012880375790300402
5692,0.9980787130281166
5693,0.9961071768095182
5694,0.9969637984553313
5695,0.9902424373672899
5696,0.997857058382408
5697,0.9978050301029269
5698,0.9964679908965077
5699,0.996317800661317
5700,0.9962786458047757
5701,0.9782491203436636
5702,0.9972848607643353
5703,0.9950267395508723
5704,0.9812291349644043
5705,0.9938169824124057
5706,0.9963514192141553
5707,0.9916231189191834
5708,0.997957406839938
5709,0.998771608011204
5710,0.9948607949063778
5711,0.9978255183398692
5712,0.9985531494967856
5713,0.0010951003961841494
5714,0.00023477391011310418
5715,0.0008732182738457044
5716,0.0013923443432630098
5717,0.0003668566508253375
5718,0.00012062672990489684
5719,0.0007856453099043645
5720,0.9976045275700705
5721,0.9815724229510168
5722,0.9713668156021192
5723,0.9960157011405534
5724,0.9977616258309175
5725,5.066923788170486e-06
5726,0.0012316784337429397
5727,0.0032727390402096978
5728,0.0014306419721046009
5729,0.9970753786029043
5730,0.9965819938112491
5731,0.0018118367224128605
5732,0.9921043503374807
5733,0.9933335104964957
5734,0.0012097123581469925
5735,0.024279667674211323
5736,0.0012406584036782726
5737,0.0005791120303920358
5738,0.0009975391561015399
5739,0.9984684706688868
5740,0.9883962955728859
5741,0.000186207222968342
5742,0.9980240276731775
5743,0.9988308196192967
5744,0.9952126393804006
5745,0.9982010435794354
5746,0.0005773358926684278
5747,0.004781798410998841
5748,4.6212434981040124e-05
5749,0.00023712738506353478
5750,0.0006290580330492064
5751,0.0009755463924641288
5752,0.0009397357067685066
5753,0.0005816583404634942
5754,6.251063065493208e-05
5755,5.3520131904118524e-05
5756,0.00010626506359500856
5757,0.0036764189344825385
5758,0.0006926651856667579
5759,0.000737704991162879
5760,0.0006169431935014427
5761,0.0038504040146915388
5762,0.0030395838153594273
5763,0.9980912165004623
5764,0.9938727683941906
5765,0.9973673161037792
5766,0.13754052722028845
5767,0.07708452184220199
5768,0.0002087489901263856
5769,0.0010061576660855818
5770,0.0004007641708723698
5771,0.0037523370806258846
5772,0.06961946080437396
5773,0.00038983891251000006
5774,0.0005761507310361398
5775,1.915857606633038e-05
5776,0.00039787509006439264
5777,0.0001474171348886977
5778,0.00013136980694004166
5779,0.00825245492023733
5780,0.003725649391495904
5781,0.0009332361257465911
5782,0.0013901566960601067
5783,0.0048886107487083035
5784,0.00036679580515789175
5785,0.000904206255762825
5786,0.0005048643216864039
5787,0.0018752133600348692
5788,0.004973313531402191
5789,0.0017506940176591254
5790,0.0005107220210840025
5791,0.0005769248564461143
5792,0.00032783359100629943
5793,0.000355836652617443
5794,0.47659563971942814
5795,0.0008661862515756753
5796,0.000864257562549103
5797,0.008132176229441667
5798,0.2988804544101711
5799,0.002502267194508663
5800,0.00037461855369017244
5801,0.004526816125657422
5802,0.00038266671452550364
5803,0.0022453486496345054
5804,0.00135283543088836
5805,0.0003060673679871749
5806,0.0016045389055228659
5807,0.002418861386425502
5808,0.0008079710218392194
5809,0.00015589497963581925
5810,0.0002517488447950302
5811,0.9964612564722126
5812,0.997063031608801
5813,0.9985430078402435
5814,0.9988828217046832
5815,0.9947724535752971
5816,0.9959151235566142
5817,0.9976693177133539
5818,0.9956160476144146
5819,0.9985527087293214
5820,0.9980618513479111
5821,0.9987360678285047
5822,0.9976410728107641
5823,0.998203044533276
5824,0.9967669375275868
5825,0.9984045783623016
5826,0.9977396366136995
5827,0.9892658368001654
5828,0.993876923806425
5829,0.9983224539169745
5830,0.9900135327034801
5831,0.9993927753161139
5832,0.9971529113721072
5833,0.9890940249207976
5834,0.9953311915207166
5835,0.985568231906267
5836,0.0017516708290556988
5837,0.9967079144998401
5838,0.9965529087058969
5839,0.00015875378258277493
5840,9.660942618293471e-05
5841,0.0008466857409757402
5842,0.0004838143377868482
5843,0.9961026618263001
5844,0.9989644749761666
5845,0.9930530358097049
5846,0.9946004383669648
5847,0.9982269646987881
5848,0.9949850964222586
5849,0.9989944318198867
5850,0.0037383988562816528
5851,0.0006700779887897349
5852,0.9972946970601513
5853,0.0009456828194424916
5854,0.00042929121355228956
5855,0.00041631315815399296
5856,0.002855726219834872
5857,0.0009705347259004633
5858,0.0006795561976748371
5859,0.002324742130900135
5860,0.9975852483642415
5861,0.0027658816911106583
5862,0.9977378493065908
5863,0.0002875455652945969
5864,0.0019470878302095362
5865,0.00014561142068982022
5866,0.9946382553670342
5867,0.0005271536139776875
5868,0.0012413570700508052
5869,0.0002718641576171183
5870,0.0004824784133711268
5871,0.0015877272753408473
5872,0.000181501542678422
5873,4.247066969250749e-05
5874,3.362903955714195e-05
5875,2.5503395528585822e-05
5876,6.531824668241965e-05
5877,5.557638056356535e-05
5878,8.960482032846696e-05
5879,3.3592120947808416e-05
5880,8.860976689834027e-07
5881,0.00022648643277320434
5882,0.0017522757880767573
5883,2.278309036741768e-05
5884,0.0003110847216135981
5885,5.629052235066534e-05
5886,3.805806930753594e-05
5887,0.00010493586269534657
5888,1.5033435332921484e-05
5889,6.330345324784618e-05
5890,3.810232720835245e-05
5891,8.65730487676849e-05
5892,4.152405139984335e-05
5893,8.679175053763918e-05
5894,0.0006143762414564456
5895,0.0007831735141651298
5896,9.57825462550091e-05
5897,0.0001228259268560662
5898,0.00022087538271775513
5899,0.00019491794423191322
5900,7.323476187920332e-05
5901,0.00013343113740401519
5902,0.00016247531502274103
5903,8.904407380379306e-05
5904,0.0015031137688670542
5905,3.124737910933478e-05
5906,5.723573529747656e-05
5907,0.00010854337249085951
5908,3.935980314964154e-05
5909,8.950177387029071e-05
5910,3.6196206350954706e-05
5911,3.238059192461857e-05
5912,1.9002872556980942e-05
5913,7.422831953670582e-05
5914,8.381885525962159e-05
5915,9.318797328595068e-05
5916,8.010966649584018e-05
5917,0.00012715378820847374
5918,0.0007671293430777112
5919,0.001391089623259244
5920,0.0003043485365949869
5921,3.385538082762965e-05
5922,0.0001052190544197508
5923,0.00020755467791886442
5924,8.903408457757796e-05
5925,0.0005325620006505904
5926,3.8278882998917245e-05
5927,3.63312523433297e-05
5928,5.6577211998438434e-05
5929,2.1346981019706762e-05
5930,0.0006446292660988839
5931,0.0003294950180431174
5932,0.0003964621203548072
5933,6.13591852446686e-05
5934,0.00016027454479147706
5935,3.385538082762965e-05
5936,0.00032145491536094534
5937,4.557783788873416e-05
5938,9.281839524664839e-05
5939,4.9783387565467364e-05
5940,5.790855605722672e-07
5941,4.548251911319687e-05
5942,5.49997124246632e-05
5943,5.25110966444522e-05
5944,4.86146752027531e-05
5945,0.00016941578855965463
5946,0.00016302484854488237
5947,5.2392324486670724e-05
5948,0.00016941578855965463
5949,5.263482253523259e-05
5950,5.49997124246632e-05
5951,2.8839750106756178e-05
5952,3.734310628637005e-05
5953,5.263482253523259e-05
5954,5.49997124246632e-05
5955,9.896011092969252e-05
5956,5.794017673601238e-05
5957,0.00012557382436227956
5958,0.0006662999960540669
5959,5.49997124246632e-05
5960,9.702218419621738e-05
5961,9.367343665295886e-05
5962,5.7130598125155914e-05
5963,5.916283415835769e-05
5964,5.263482253523259e-05
5965,0.00016302484854488237
5966,5.2385194582421174e-05
5967,9.367343665295886e-05
5968,5.0964625828740795e-05
5969,5.794017673601238e-05
5970,2.9114336058121695e-05
5971,0.00022209599832991917
5972,5.794017673601238e-05
5973,4.3093337013546006e-05
5974,8.891418453031046e-05
5975,0.00016302484854488237
5976,5.7130598125155914e-05
5977,0.00012193951300589197
5978,5.2385194582421174e-05
5979,0.00014782680669012647
5980,9.477026146435223e-05
5981,3.381980100922328e-05
5982,5.263482253523259e-05
5983,0.00012629653101737354
5984,5.5560130720226374e-05
5985,0.00010676032722531388
5986,0.0003372684593291831
5987,6.734007431004452e-05
5988,3.355896393997462e-05
5989,6.0140689147867716e-05
5990,3.0314236136742343e-05
5991,7.412700967056253e-05
5992,5.980338056761567e-05
5993,0.00015671930529292244
5994,6.885776125085591e-05
5995,5.6523371490011435e-05
5996,0.00010514908161586964
5997,8.037654539131725e-05
5998,4.0799778849869845e-05
5999,6.106848197409291e-05
6000,0.00017954757630715123
6001,0.0001981314957327354
6002,0.00023502273926284334
6003,5.255249468789062e-05
6004,6.558906211163976e-05
6005,0.0001095577138475051
6006,0.0015579446039927175
6007,3.982310097825135e-05
6008,0.00015166618487210724
6009,0.00011303503240420427
6010,0.0002628602743527148
6011,7.166303946519643e-05
6012,3.997974628493006e-05
6013,5.152571041422328e-05
6014,3.810232720835245e-05
6015,0.009210731249107788
6016,0.00010850842721371227
6017,6.705882342101568e-05
6018,0.00011044177786768164
6019,0.001571795019782725
6020,0.00021578984329750125
6021,5.156826131457013e-05
6022,0.00014781368246698947
6023,4.852487357081253e-05
6024,4.93688076649104e-05
6025,8.256086862671982e-05
6026,0.0013027209558446405
6027,0.0009118730661560301
6028,0.000225242389676682
6029,7.37594650282197e-05
6030,8.229085609169334e-05
6031,0.0002364249009606247
6032,4.389781505545424e-05
6033,0.0006471761281342084
6034,0.00013069901663850274
6035,5.761606787702819e-05
6036,5.497199994070435e-05
6037,7.752555122070665e-05
6038,0.00017786198106422695
6039,0.0028523199183359896
6040,0.0010064590866763604
6041,0.0011149637121108482
6042,0.0030199485095949124
6043,7.326117134888167e-05
6044,0.000401310126175183
6045,0.00020108878461432445
6046,0.00012818555056412446
6047,3.702603804897167e-05
6048,9.826013760183494e-05
6049,2.818246994065905e-05
6050,0.00010580835155059814
6051,6.286193796562452e-05
6052,9.102252774793682e-05
6053,0.0002250875501678631
6054,0.0006366774047996977
6055,0.00016602133724911644
6056,0.00017513028040535243
6057,0.00010981077420251623
6058,0.00014526754716900233
6059,7.700091509908286e-05
6060,7.427793573682106e-05
6061,0.00015121189471296176
6062,7.505005106756568e-05
6063,6.198010136619285e-05
6064,0.0002582659998859738
6065,0.022330323054393326
6066,0.00011542536849983384
6067,5.162754214696604e-05
6068,0.00015164427897164677
6069,5.6686360114081505e-05
6070,7.268719278987702e-05
6071,0.00014801786647137166
6072,4.082718699258106e-05
6073,9.772580728885075e-05
6074,7.731465140092357e-05
6075,0.00017786164164710716
6076,7.769485405063683e-05
6077,0.00012865644073837973
6078,0.00014998081896114746
6079,0.0004121282042966949
6080,0.00015131094070946295
6081,0.0031012396912304136
6082,0.000293956870166646
6083,0.000153941323222959
6084,7.427793573682106e-05
6085,0.0002963734024510138
6086,5.915070465780653e-05
6087,6.999523532083775e-06
6088,5.436895880391077e-06
6089,3.528631431042644e-05
6090,5.1662210089674255e-05
6091,5.1662210089674255e-05
6092,2.8000302520156433e-05
6093,4.9726559188203e-05
6094,7.464109131696684e-05
6095,0.00011961140326591725
6096,8.990573646683591e-05
6097,0.0012788098066222637
6098,0.00012882018750884187
6099,5.1662210089674255e-05
6100,9.147434781029516e-05
6101,3.221324434161732e-05
6102,0.0001281658859252261
6103,8.849291587449363e-05
6104,4.324443952985159e-05
6105,8.961456594608417e-05
6106,6.353013105095397e-05
6107,0.0002866541267290956
6108,0.0010430025328815853
6109,0.0001315290072476599
6110,0.00010671934823632422
6111,0.00030708720664502173
6112,7.802281017534273e-05
6113,0.001216526925414548
6114,0.0012507795819407007
6115,5.566105950181478e-05
6116,0.006762650806336068
6117,0.007914413926044235
6118,0.00021234206588125842
6119,1.7576295033198514e-05
6120,0.0004849239040101774
6121,0.0005663249129484805
6122,0.0004503934745003115
6123,0.0015593690680893958
6124,0.10874613522417989
6125,8.609578682759536e-05
6126,0.00033998481646496767
6127,0.0001980197177504834
6128,0.0011720341361607918
6129,0.0005071995953079384
6130,0.0006887242952394663
6131,0.002894088807090143
6132,0.00014368785405661653
6133,0.00013853230472705432
6134,4.486198950558004e-05
6135,0.003498925699096354
6136,0.000701982060418523
6137,0.00021324449839163888
6138,0.00038808883544639775
6139,0.008856773419117557
6140,0.9202264516199709
6141,9.530328464224599e-05
6142,0.0070768681415558305
6143,6.477897653132748e-05
6144,2.2239014951552513e-05
6145,4.6106635157120755e-05
6146,0.00036010951959756767
6147,0.00013313376300130874
6148,0.0007342492643179396
6149,0.13253159256772748
6150,5.110185779048431e-05
6151,0.001804069724440399
6152,0.0002483044067549982
6153,4.087174907166056e-05
6154,0.2742770508624622
6155,0.001019411017169362
6156,0.0006163738236000798
6157,0.0003935886737698271
6158,0.00018648806165213385
6159,0.0010519232346372749
6160,4.861452595983485e-05
6161,0.00023432563001429414
6162,0.00032273707642909956
6163,4.97214409536907e-05
6164,8.1143356308573e-05
6165,0.00015763739581115308
6166,0.9460009873086036
6167,0.00020415344167349172
6168,0.0003682436750849702
6169,0.9748347409186994
6170,0.10783460716363791
6171,0.0009727692238612455
6172,0.00188584905298473
6173,4.989999366907547e-06
6174,0.0005526425768539128
6175,0.00010270716552902953
6176,5.2692001660272766e-05
6177,1.3373024179805416e-05
6178,0.00013110923982571622
6179,9.692434969429287e-05
6180,6.045130993714326e-05
6181,0.6395260097933022
6182,9.916832251817327e-05
6183,0.00019552350770412976
6184,9.505543049980633e-05
6185,0.0005171306087059541
6186,0.0010578729446441434
6187,0.0005868953999122872
6188,0.0002578225971565986
6189,0.004000498416188104
6190,0.0037324335457986587
6191,0.00015924653405065785
6192,5.05994458550006e-05
6193,0.007751917230979986
6194,9.143120303748644e-05
6195,0.0007394787115130619
6196,5.5622340241836553e-05
6197,0.0006309354083416849
6198,0.00027607138904112117
6199,0.0009387053372710034
6200,1.5562932648536455e-05
6201,7.375562855406805e-05
6202,0.004298538567388407
6203,0.0002928484086447868
6204,0.0015719547679811801
6205,0.0004127254231103895
6206,5.310100313722512e-05
6207,0.16387205022964763
6208,0.0004863487561489786
6209,0.00029395607123369944
6210,0.0013011876917420272
6211,0.0015723141131558677
6212,5.8193207506007125e-05
6213,0.000371660929973199
6214,0.0002670595270987707
6215,0.008296802460952357
6216,0.004419625166562425
6217,3.481201745946954e-05
6218,0.00017980828805624517
6219,0.002298860419695322
6220,2.4801635196371635e-05
6221,0.05577697174119815
6222,7.550686202559025e-05
6223,0.002958756184360828
6224,0.00018240472354180565
6225,0.0001483682671783879
6226,0.0002588620003075453
6227,7.678762122679992e-05
6228,0.12971196869794294
6229,5.8797413816331265e-05
6230,7.250330797369461e-05
6231,1.7477959754837245e-05
6232,0.0002601552992273832
6233,0.00010100249687225633
6234,0.000983824763629
6235,3.8411263284465805e-05
6236,0.001135458427371017
6237,0.0022291942962492364
6238,4.284053920089937e-05
6239,0.0001459421683392713
6240,0.001145539173689359
6241,0.014995421044650762
6242,0.0025943615781091334
6243,0.0018028883214556688
6244,0.0013336137881280355
6245,0.011760719866958027
6246,0.0050428364560380365
6247,2.0697639095710393e-05
6248,0.0005919558900521217
6249,0.001062234976297497
6250,0.00019693879651983676
6251,0.0001781930575941349
6252,7.406821395313109e-05
6253,5.9831304519353734e-05
6254,0.0005723575985398432
6255,0.0004562997783997992
6256,0.00015599346761971015
6257,0.000379441144699339
6258,0.0010123700078594172
6259,0.0010267717656968684
6260,0.0001085823631763722
6261,0.0018856373096018608
6262,8.64456233064541e-05
6263,0.0028013855362840558
6264,0.0001090454554610313
6265,0.00012186061856424793
6266,8.947030466049323e-05
6267,0.0003467840423026883
6268,0.0009852185009616337
6269,0.000404713166047099
6270,3.445309335391526e-05
6271,5.6979278729870664e-05
6272,8.374605750994472e-05
6273,0.006370468479832145
6274,8.058308005195118e-05
6275,8.598973475648387e-05
6276,0.0006924813441894235
6277,5.7218449816725934e-05
6278,0.0001164750607812559
6279,0.0003866303890952659
6280,0.0002056844289850134
6281,0.00025679527854818797
6282,0.0004919468093058553
6283,5.960968220117475e-05
6284,0.0019917829149507823
6285,1.797183510703114e-05
6286,0.0001110500610634328
6287,0.0033073533131911695
6288,0.0003244147326621845
6289,0.00013240963377294062
6290,0.00010720235049969538
6291,6.992059848444648e-05
6292,0.004507692105286539
6293,9.457569059636043e-05
6294,5.208766086310546e-05
6295,0.00273888434494816
6296,0.00027304318733532227
6297,0.0009771225660779185
6298,0.00035828324396909366
6299,3.609982821365691e-05
6300,5.202945295498627e-05
6301,0.0016163540346117796
6302,0.00079260967505109
6303,8.509293171684787e-05
6304,3.373618812874233e-05
6305,0.00012205519874622448
6306,0.0010714183377308762
6307,0.00014014592292046907
6308,0.00026068209173847677
6309,0.0022155019787105136
6310,3.0398111807170164e-05
6311,9.322677535240026e-05
6312,0.00527015790577379
6313,7.769109334933713e-05
6314,4.069438128460623e-05
6315,0.0002822176682475706
6316,0.08652079688780194
6317,0.0006295598650260061
6318,7.72413768901881e-05
6319,3.649876796731979e-05
6320,0.00033109253913954215
6321,0.00016283898294445934
6322,6.253896972008403e-05
6323,4.7606543166131686e-05
6324,0.0025253539725204094
6325,0.00011814688694567617
6326,0.0011084521795442493
6327,0.000369288105591075
6328,0.0003168909786337106
6329,0.0009416381013958725
6330,0.00013454464318685177
6331,3.3553457292522475e-05
6332,0.00016761490352176198
6333,0.0003157098737170977
6334,0.0021269404829797464
6335,7.751521406106085e-05
6336,5.6630326098812306e-05
6337,0.004213179466276228
6338,0.00012529542490425188
6339,0.00026375597712373036
6340,0.0006255483282758458
6341,9.104128692388851e-05
6342,7.689875210341988e-05
6343,5.6428142734875943e-05
6344,0.001923936802950402
6345,6.463862162848061e-05
6346,7.145060952021349e-05
6347,0.00022209599832991917
6348,0.0005275597263586267
6349,0.00024092913403520454
6350,3.721218106298515e-05
6351,4.884269688388352e-05
6352,0.005126007818901606
6353,2.3237285378748046e-05
6354,5.008514783443763e-05
6355,0.00029846579383109096
6356,0.00029846579383109096
6357,5.794017673601238e-05
6358,0.0036491440430065094
6359,0.0003284709920796512
6360,0.0003372684593291831
6361,0.0005275597263586267
6362,0.000833321999043483
6363,0.00024092913403520454
6364,0.00018562697582922186
6365,0.00047973621025329256
6366,6.935243728611576e-05
6367,0.00026787659721638974
6368,0.0005864481495946851
6369,0.0003938323414061832
6370,5.9081567849594134e-05
6371,5.263482253523259e-05
6372,9.367343665295886e-05
6373,3.4482743291509674e-05
6374,0.00030957255257579505
6375,0.0003284709920796512
6376,0.00020156955262674818
6377,2.7941206505049737e-05
6378,9.477026146435223e-05
6379,0.00014782680669012647
6380,4.3229687277897986e-05
6381,0.0009401415745822965
6382,0.0001768828816645503
6383,0.000493281509419689
6384,0.00044185740175201483
6385,6.734007431004452e-05
6386,6.799787089059578e-05
6387,0.00011110961671921591
6388,0.00022209599832991917
6389,6.61835667325721e-05
6390,0.00014782680669012647
6391,3.28244736432288e-05
6392,0.00014782680669012647
6393,0.00011542536849983384
6394,0.00014782680669012647
6395,3.870352785870427e-05
6396,4.4942084313084554e-05
6397,0.00010860481235399669
6398,8.984578111866406e-05
6399,9.367343665295886e-05
6400,5.916283415835769e-05
6401,4.819278039764377e-05
6402,0.0003284709920796512
6403,0.00024092913403520454
6404,0.00010472426204579119
6405,0.00023207017286704362
6406,0.00020589841170747856
6407,0.00017609661688966187
6408,0.0006662999960540669
6409,0.0004087096809475291
6410,0.00013330249666640027
6411,0.00046031749689186323
6412,0.9912770955779482
6413,0.9987583590750466
6414,0.9962643410649586
6415,0.9911651245690667
6416,0.9984939245911082
6417,0.9987826357825977
6418,0.9984733971705757
6419,0.9982670930007097
6420,0.9858153554349977
6421,0.7636676129121959
6422,0.9990284181107895
6423,0.986889829335636
6424,0.9920246468231992
6425,0.9969731031520651
6426,0.9990214955106352
6427,0.9977006571970124
6428,0.9926337751471416
6429,0.15287000310160243
6430,0.9978463706099033
6431,0.0019436007569299067
6432,0.9857156389760715
6433,0.996652752813492
6434,0.9972692554396775
6435,0.9976822792066513
6436,0.0013158709347802357
6437,0.9979462559890595
6438,0.9983680949271603
6439,0.9892658368001654
6440,0.0016213372924665235
6441,0.99809536508187
6442,0.9948202655598192
6443,0.9964432465077007
6444,0.9972557127480284
6445,0.9963297998268156
6446,0.992050071593339
6447,0.9964348745268102
6448,0.9969445028055859
6449,0.9965509828836487
6450,0.9917716479077892
6451,0.998195705776724
6452,0.9966350483400006
6453,0.9979154668229687
6454,0.9765192917480022
6455,0.9971652697782633
6456,6.0107299456036484e-05
6457,0.9962377343908045
6458,0.9954250457943912
6459,0.9960015624667973
6460,0.9783521267918887
6461,0.995044940361575
6462,0.9970243271825765
6463,0.9836354104236579
6464,0.9981112590178904
6465,0.9979542480018755
6466,0.0001217588758821427
6467,0.9970624209923462
6468,0.9974579359354001
6469,0.998479737710359
6470,0.996590011427442
6471,0.992695820586818
6472,0.99112784253951
6473,0.9972520695635557
6474,0.9957936555901097
6475,0.997837848461476
6476,0.9951036290701447
6477,0.9991586501274644
6478,0.9982442056996899
6479,0.9947157768003073
6480,0.9515532346677055
6481,0.9980234210013601
6482,0.9933335104964957
6483,0.9985991574165027
6484,0.7816829497820769
6485,0.9990021940477499
6486,0.9955388654576346
6487,0.9973544940275119
6488,0.997609215485014
6489,0.9947293876436065
6490,0.9970918718515527
6491,0.9982066974029863
6492,0.9973970221657452
6493,0.9985006804299157
6494,0.9990046523646131
6495,0.9990917832068856
6496,0.997145339132456
6497,0.9814991890307071
6498,0.997391137972
6499,0.9874088884796761
6500,0.9817850557057094
6501,0.9942352886518013
6502,0.9912742922074322
6503,0.9974121446341015
6504,0.9985431896026918
6505,0.9976998817782087
6506,0.9893803940541834
6507,0.9981037535783223
6508,0.9976289386775594
6509,0.9903790551085533
6510,0.9959537571274484
6511,0.9983530243135795
6512,0.9981440893186346
6513,0.99875330165815
6514,0.9961663780495369
6515,0.9713333616009281
6516,0.9962411221826313
6517,0.9956148572990139
6518,0.9984939245911082
6519,0.9850734289255606
6520,0.9978602772287527
6521,0.9972014778412776
6522,0.9977600324097441
6523,0.9966618426495284
6524,0.9970387325614247
6525,0.997664573670976
6526,0.9955844420613364
6527,0.9966320872060187
6528,0.9965405433721802
6529,0.974456565130858
6530,0.9968049861144124
6531,0.9954793825371654
6532,0.9970051646984223
6533,0.9991408170048743
6534,0.9984212635207643
6535,0.9984466091409268
6536,0.9956523407367754
6537,0.9984650891112068
6538,0.997754477692023
6539,0.9992377632229561
6540,0.9952212184201021
6541,0.9976031538045951
6542,0.9958256657206889
6543,0.997424138702088
6544,0.9971941639198294
6545,0.9894764841545362
6546,0.00010260134470433215
6547,0.9968911650959341
6548,0.9986889965074708
6549,0.9976289386775594
6550,0.9989485337796494
6551,0.9963982157976545
6552,6.280386587036369e-05
6553,0.997915924827004
6554,0.9923047949554007
6555,0.9981857216161524
6556,0.00017817421294621103
6557,0.9972961521999012
6558,0.9989475495665165
6559,2.5850899703055785e-05
6560,0.9977680924851967
6561,0.00010260134470433215
6562,0.9981954185218245
6563,0.9973403415659429
6564,0.9645995082831653
6565,0.9993668364711796
6566,7.272633078522268e-05
6567,0.9983875680676018
6568,0.995042963718477
6569,0.9985311586436011
6570,0.9977702267924009
6571,0.9988014430336027
6572,0.9951094615331443
6573,6.552454333588803e-05
6574,0.9956802932165156
6575,0.9963560055394994
6576,0.9940400885739507
6577,0.9989084993638151
6578,0.9976301094958792
6579,0.9970546892002967
6580,0.9976651796145138
6581,0.9977261530927096
6582,0.9964843187307708
6583,0.9922960806960359
6584,0.982715057354256
6585,0.9979782496677675
6586,0.993510910008257
6587,0.9958511891625416
6588,0.997901289095684
6589,0.9971739756583572
6590,0.9984657664731253
6591,0.9993195516551029
6592,0.9974260475694933
6593,0.9964600720418106
6594,0.9981198306890713
6595,0.9870280374531539
6596,0.5232762169709532
6597,0.9692491105347504
6598,0.9961126290487451
6599,0.8919029767176089
6600,0.9174426971582026
6601,0.9984286710882218
6602,0.9943848699597464
6603,0.9121399918303478
6604,0.9949003793702216
6605,0.9979688700803127
6606,0.9856403644492929
6607,0.9989320206047265
6608,0.9751328929872118
6609,0.9974102282301975
6610,0.9835870970571685
6611,0.9448688112511594
6612,0.9984166698870891
6613,0.9948778919202755
6614,0.9978788646055162
6615,0.9656489046240694
6616,0.9977928319742322
6617,0.9976052285521828
6618,0.9983446025043695
6619,0.9953259539184494
6620,0.9989156253261419
6621,0.9992711840801153
6622,0.9926884521537326
6623,0.9974042052410335
6624,0.9987429359872789
6625,0.9974448498715749
6626,0.8973729360090422
6627,0.9989247014595927
6628,0.997210963077542
6629,0.9950628725952941
6630,0.9962265568627174
6631,0.8593859808138404
6632,0.9986374085365041
6633,0.9983722911956808
6634,0.9926252003763019
6635,0.9970023724058137
6636,0.9962798977172377
6637,0.9759793806179262
6638,0.9947640295751289
6639,0.8874498046047764
6640,0.9975668371144027
6641,0.9971451303939098
6642,0.9978412487458774
6643,0.9764339386186097
6644,0.9989485337796494
6645,0.9896434989717756
6646,0.9961730052941623
6647,0.9830394559033221
6648,0.9954535446499443
6649,0.9984561931191291
6650,0.991192806390898
6651,0.9970504586090575
6652,0.9984902887273647
6653,0.9971170267310674
6654,0.9969212660541418
6655,0.9951604951995899
6656,0.0010028834298786828
6657,0.9958404011491487
6658,0.9975863279353884
6659,0.9943474912199662
6660,0.9892738420977966
6661,0.998905654334875
6662,0.9983381081575209
6663,0.9963459263026089
6664,0.9858182526486788
6665,0.9859217207501065
6666,0.9931063364743883
6667,0.9946698347191792
6668,0.9946357072573285
6669,0.9963352962265479
6670,0.9962130669954584
6671,0.9983102318973692
6672,0.9959422864182191
6673,0.99748417318875
6674,0.9758657861315937
6675,0.9938755886971019
6676,0.9968442895501008
6677,0.9970323082529083
6678,0.9982666300548227
6679,0.9989795157589434
6680,0.9867296821752737
6681,0.9647860121261306
6682,0.9921813341843798
6683,0.9818955944122371
6684,0.9974068283704438
6685,0.9985814106100849
6686,0.9868281008590275
6687,0.9968475168105444
6688,0.9970240892595033
6689,0.9984168759875055
6690,0.9702103309814244
6691,0.9974342751073236
6692,0.99160231551567
6693,0.00022409080485695165
6694,0.9977680924851967
6695,8.487126613169126e-05
6696,0.9973469753990026
6697,0.9886193949943431
6698,0.9963128476991708
6699,0.9980224445233297
6700,0.7727914863078801
6701,0.9972975954006953
6702,0.995561083829545
6703,0.9949209539166581
6704,0.9962386054426016
6705,0.9930723281940195
6706,0.9962865668673004
6707,0.9974261746449802
6708,0.9877693333541249
6709,0.9837293788678442
6710,0.9209648731654847
6711,0.9983350193003647
6712,0.9980398834414693
6713,0.9988859379190286
6714,0.9984939245911082
6715,0.6048764339069482
6716,0.9992234424295366
6717,0.9963455369175727
6718,0.9957287331264212
6719,0.9983929761475222
6720,0.9969950671482487
6721,0.991735407453277
6722,0.9986365791169798
6723,0.9950969744962638
6724,0.9989007204329694
6725,0.9066650298642728
6726,0.998694208952492
6727,0.9944712548038424
6728,0.995146010285505
6729,0.9969265709409695
6730,0.9728618965927642
6731,0.9965262867507458
6732,0.9950969744962638
6733,0.9974363462403902
6734,0.9981074409252227
6735,0.998999855702937
6736,0.9974363462403902
6737,0.9980323614232346
6738,0.9981377561827294
6739,0.9968554444642508
6740,0.9871886604754311
6741,0.9982481265738133
6742,0.998056175132755
6743,0.9975343147919434
6744,0.9984648096312796
6745,0.9939286486711039
6746,0.9982997434746592
6747,4.086667844666655e-05
6748,5.3812794545092764e-05
6749,0.0005202586592668182
6750,0.00014307570952315314
6751,5.404310876000832e-05
6752,0.00014307570952315314
6753,0.0004540010875220025
6754,9.202289103907397e-05
6755,6.884102824199941e-05
6756,0.00025536627445778444
6757,4.185418501113626e-05
6758,0.000149253346116887
6759,0.00022075469731832093
6760,5.611921681138895e-05
6761,4.198288198574451e-05
6762,5.3812794545092764e-05
6763,0.00020609461805754967
6764,5.702209274734157e-05
6765,4.185418501113626e-05
6766,0.00017027276463557446
6767,4.815365829931074e-05
6768,8.589745296730267e-05
6769,0.00016670552835245072
6770,5.3812794545092764e-05
6771,4.5884499210751374e-05
6772,0.0001577853691942945
6773,3.9960018681898276e-05
6774,0.00010123106000170549
6775,7.272633078522268e-05
6776,0.00045576234717137684
6777,2.5660206983615277e-05
6778,7.272633078522268e-05
6779,0.00040332774903879554
6780,0.00010260134470433215
6781,8.673213638407041e-05
6782,5.639098664672664e-05
6783,4.70805078974348e-05
6784,5.9972678967733e-05
6785,7.440371426529932e-05
6786,0.0001312125056466587
6787,0.0001295013417147136
6788,4.029306366847051e-05
6789,0.00010260134470433215
6790,0.00017656087516387703
6791,4.185418501113619e-05
6792,4.198288198574451e-05
6793,0.00013409937767629033
6794,9.17054820770562e-05
6795,0.00031248531833286185
6796,0.0004126650734877926
6797,0.9969428671718198
6798,0.9965126123522745
6799,0.9914787830413492
6800,0.9930408313346314
6801,0.9977357243678457
6802,0.9969637984553313
6803,0.9910939401915525
6804,0.998010168561251
6805,7.105196408377896e-05
6806,0.9969445028055859
6807,0.9969395044938988
6808,0.9946802573126237
6809,0.9969867336344811
6810,0.9986347661408648
6811,0.9865998495976883
6812,0.9982230726239543
6813,0.9967156718312707
6814,0.9980616866443672
6815,3.384255231453151e-05
6816,0.9872166799081006
6817,0.9970213407518564
6818,0.0001063882875670603
6819,0.00015175772319447767
6820,0.9931248793267902
6821,0.9979878864979921
6822,0.9945403244696869
6823,0.9836607838610969
6824,0.9974682875775337
6825,0.0002498097794000779
6826,0.9927900463606013
6827,0.9978199373429801
6828,0.0006254143888536048
6829,0.0005329760645118607
6830,0.00013264840489488
6831,6.0140689147867716e-05
6832,0.00019110317739220436
6833,6.830641848340386e-05
6834,0.0008096047026517385
6835,7.28019850736344e-05
6836,4.452646783487692e-05
6837,7.862296262870986e-05
6838,0.02897864529945129
6839,0.00011258180817064751
6840,0.0007341827875293428
6841,0.0005020923146587177
6842,0.00012858456767998603
6843,0.028492793713585214
6844,0.00012579502155472716
6845,6.0873260980101026e-05
6846,0.0006174087301833273
6847,0.0013476608353764233
6848,0.0011837743591568146
6849,5.37572885903536e-05
6850,0.0005510836825107178
6851,3.0907873776975295e-05
6852,3.63312523433297e-05
6853,8.682898316283335e-06
6854,0.001414886885296663
6855,0.0001327225447646736
6856,4.271199107157981e-05
6857,3.810232720835245e-05
6858,0.0006356917248840414
6859,4.801692626618286e-05
6860,0.005058910803406899
6861,5.645175027966591e-05
6862,0.00041267263401305527
6863,1.360027866981464e-05
6864,0.00041720029152313246
6865,0.0002655201947666084
6866,0.00018580696873699083
6867,0.0001336586107851632
6868,3.974258653153936e-05
6869,0.0009209769362150303
6870,7.86317043258716e-05
6871,0.002455403735372783
6872,0.0006359998317008131
6873,1.748407720358671e-05
6874,0.00011896433142217736
6875,8.877547825226039e-05
6876,6.195119123438445e-05
6877,8.334412528414724e-05
6878,4.576430668524763e-05
6879,2.216778201774002e-05
6880,2.3940945667423808e-05
6881,4.513047795715351e-05
6882,0.00011463766081884305
6883,5.7130598125155914e-05
6884,8.320784520510476e-05
6885,0.00016389335251969854
6886,0.00014782680669012647
6887,0.41029630862665084
6888,0.000778283187220366
6889,0.0005275597263586267
6890,7.372248304323879e-05
6891,0.00022209599832991917
6892,1.5310062090300936e-05
6893,0.00028400027487699526
6894,0.00013007541684072874
6895,4.055968641107733e-05
6896,0.00010355253312527204
6897,0.00018488280940060222
6898,4.73916173610869e-05
6899,7.771989998888769e-05
6900,0.9984010499205376
6901,0.9975876308965721
6902,0.9970352701680812
6903,0.9963207277306045
6904,0.9608828855151883
6905,0.9988920221759274
6906,0.9979526458633942
6907,0.9012093436451176
6908,0.9941836688861255
6909,0.9951069040705808
6910,0.9853937379598563
6911,0.9954816427101832
6912,0.9976310208102782
6913,0.9957065414166538
6914,0.9968144369286827
6915,0.9975471058348572
6916,0.994403052220954
6917,0.9968920734799804
6918,0.9892690241826163
6919,0.9991686648866587
6920,0.9977578202926345
6921,0.997175916477104
6922,0.9963923284673455
6923,0.9272987681488019
6924,0.9747946185612122
6925,0.9936907891314254
6926,0.9973474083676567
6927,0.9936689099528705
6928,0.9974512916432137
6929,0.9947702617832783
6930,0.9967796909574795
6931,0.999177953050982
6932,0.9939223823620363
6933,0.996874193243868
6934,0.9952329067865695
6935,0.9984910616832029
6936,0.8775897906740464
6937,0.9989225512028361
6938,0.2804925632318933
6939,0.9971362140278311
6940,0.9939656422870189
6941,5.048690535911561e-05
6942,4.5884499210751374e-05
6943,5.3812794545092764e-05
6944,7.141409394810657e-05
6945,0.00016670552835245072
6946,4.206141072044657e-05
6947,8.589745296730267e-05
6948,9.590634451480865e-05
6949,0.00014307570952315314
6950,0.998382685334393
6951,0.9986309426774762
6952,0.9972831118640698
6953,0.0005371595509961938
6954,0.9952361396254095
6955,0.9986191141631077
6956,0.9979941715147531
6957,3.221324434161732e-05
6958,0.9962748790487337
6959,0.99541882679886
6960,0.9968155269941766
6961,0.9946028528636706
6962,0.9799791416906898
6963,0.9720577479029934
6964,0.00012325070977002733
6965,0.00020221631070698286
6966,0.0012958013059598463
6967,0.0004742004198331321
6968,7.35015061906667e-05
6969,0.0007929463399228472
6970,5.1662210089674255e-05
6971,0.0002790049570723901
6972,4.5751162888956504e-05
6973,0.0005270840519091722
6974,6.996740836811866e-05
6975,0.00020353696403888153
6976,7.589724870241997e-05
6977,8.578742343452388e-05
6978,0.0007853834161091213
6979,0.00014281734029645125
6980,0.00019698842940228274
6981,0.000328768182759301
6982,0.000754005150380477
6983,0.0007320121625270261
6984,0.00019686297435395693
6985,8.23764507929095e-05
6986,2.04888004992049e-05
6987,1.8761447150568778e-05
6988,0.0008990674674232214
6989,0.00022209599832991917
6990,0.0003760626339851882
6991,0.0005833358333651175
6992,0.0006467635983547816
6993,0.0016052229461237335
6994,0.9939698132269652
6995,0.9975796831913176
6996,0.9858667581012887
6997,0.9988024687056516
6998,0.978773188606617
6999,0.9982433349012765
7000,0.9973393820551122
7001,0.001157733251351517
7002,0.9957956383768879
7003,0.898033413829728
7004,0.9987087199290605
7005,0.9965464761909876
7006,0.9937046994321828
7007,0.9969390949030676
7008,0.9982650855683574
7009,0.9985095956330114
7010,0.9978297463626727
7011,0.9978623098808775
7012,8.878151838910519e-05
7013,0.00017540649870540233
7014,0.000172153863649064
7015,3.8580974231525497e-05
7016,6.552454333588803e-05
7017,5.8681026532025406e-05
7018,4.1602655510052854e-05
7019,0.9921058816262769
7020,0.9937256359361294
7021,0.997083164054954
7022,0.0012592199725261816
7023,0.00032095093584900123
7024,0.9982597089768348
7025,0.997172190606149
7026,5.680535514625394e-05
7027,0.9961954314148312
7028,5.714880671499259e-05
7029,0.000219521565997822
7030,6.373082997061551e-05
7031,0.002183795712430104
7032,0.0032456186133085646
7033,0.00018683602417710797
7034,0.00011417453627400369
7035,4.7146685011349875e-05
7036,0.00014096188061193853
7037,0.0001593855516033184
7038,0.0004913628781912343
7039,3.494594419770658e-05
7040,3.4453112220728414e-05
7041,0.0001619460449402955
7042,5.348781796732358e-05
7043,0.00012629653101737354
7044,0.00021167643885702377
7045,0.9931839419277254
7046,0.9992431045353085
7047,0.002509495984713581
7048,0.9989320206047265
7049,0.9973871864085194
7050,0.9891401079598949
7051,0.9525732689602789
7052,0.9773713736960049
7053,0.00028296318211493474
7054,0.9986642839240156
7055,0.0013790801814998923
7056,0.002118012780765762
7057,0.9914148268678703
7058,0.9828780015960231
7059,0.9980164816223247
7060,0.999051119272415
7061,4.622077485505191e-05
7062,3.481201745946954e-05
7063,0.0002628602743527148
7064,5.783990927709176e-05
7065,0.0001215999127133071
7066,7.063119522892624e-05
7067,0.00018675459103936577
7068,0.0011583421866629925
7069,5.1872687428590506e-05
7070,0.00024092913403520454
7071,0.00024053062732495742
7072,0.9751124338459031
7073,0.9924006961260734
7074,0.9989413106197681
7075,0.9806950120616745
7076,5.248417444627242e-05
7077,5.048690535911561e-05
7078,0.9989969378999322
7079,0.9786335111332177
7080,0.0004680679888937501
7081,0.9761902718092638
7082,0.9810028186728428
7083,0.9389916028567179
7084,0.8092869336126542
7085,0.0011996223935984564
7086,0.05774121480985439
7087,0.9987471237522214
7088,0.9978034742845705
7089,0.9988618498993528
7090,0.991735079828442
7091,0.00010484664511758752
7092,7.890068569341643e-05
7093,0.00015122455044667488
7094,0.9984679773618436
7095,0.00011905228541034623
7096,0.996594432580116
7097,1.7429151541315367e-05
7098,0.0003203220003649726
7099,8.302612193530223e-05
7100,0.0011133266332244646
7101,0.3366626905984418
7102,0.0006225917607971868
7103,0.4936277693642434
7104,0.00011324643479507026
7105,0.00010092610718682371
7106,0.00011808745096239367
7107,0.9955350545304666
7108,0.9980898844583254
7109,0.9984009944897287
7110,3.385538082762965e-05
7111,5.211044405899346e-05
7112,0.00011992512127183231
7113,0.0018272061012339672
7114,0.9941022857371172
7115,0.0001287413480123449
7116,0.9949729284715472
7117,0.000676790154238354
7118,0.9985138410305628
7119,0.9984714744688821
7120,0.9921419484938235
7121,0.9960678591932816
7122,0.997083164054954
7123,3.5976697905074134e-05
7124,0.9982789543313536
7125,0.9982004269289252
7126,0.00032637924554359063
7127,8.163163818141763e-05
7128,5.326987344608257e-05
7129,0.2580927116764807
7130,7.38120333250573e-05
7131,0.997449243307556
7132,9.147434781029516e-05
7133,0.00010923497467573196
7134,0.9974462449881226
7135,0.9964678473231812
7136,8.680636626972684e-05
7137,0.00010676032722531388
7138,5.348781796732358e-05
7139,0.9950620490114778
7140,0.9936222361492933
7141,0.00014782680669012647
7142,0.0011305838723165405
7143,0.9175928846435608
7144,0.99729515377905
7145,0.0001066377124660101
7146,0.0005863615821033786
7147,0.998996967610311
7148,0.0012856671057242383
7149,0.00010500905586506512
7150,0.0005968496536067406
7151,0.9925497563047155
7152,0.0006630983195137879
7153,0.0009278399928715161
7154,6.723218926488315e-05
7155,0.9966791286405731
7156,7.272633078522268e-05
7157,0.9967293929836264
7158,0.9943068904341108
7159,0.0001308373162794623
7160,0.00020848403352524946
7161,0.9987722966412629
7162,0.9978458858312518
7163,0.0001542218380836669
7164,6.870419027771027e-05
7165,0.9809104774052098
7166,2.7693453267748365e-05
7167,1.6592118376638586e-05
7168,9.367343665295886e-05
7169,9.724766417296202e-05
7170,0.9975782409994628
7171,0.9955597044783302
7172,0.993195345229774
7173,0.9970183459334344
7174,0.996709823972738
7175,4.513845813715992e-05
7176,2.7941206505049737e-05
7177,0.0005345024041864651
7178,6.265256473091403e-05
7179,7.783848998003912e-05
7180,0.00013498806061794646
7181,3.652258287095053e-05
7182,8.984578111866406e-05
7183,0.9941136396648692
7184,0.997152750852473
7185,0.9958370086403968
7186,0.0010954249856590978
7187,0.00020399997505461838
7188,0.0012116753369664402
7189,0.9965978131890509
7190,0.9979409489016321
7191,0.9975841507759826
7192,0.00030261147211984424
7193,0.25643015788290213
7194,0.0012514156262843038
7195,0.00026939357069916727
7196,0.001686955939892977
7197,2.169733100071412e-06
7198,0.0028603684255439138
7199,0.00013615248846097618
7200,5.520064651531693e-05
7201,1.7542289970088636e-05
7202,0.0006583948267747802
7203,0.9989292178891324
7204,0.9975540785550607
7205,0.9966590065586611
7206,0.9975410188528218
7207,0.9972683702391166
7208,0.9951337799157254
7209,0.00010251358320642768
7210,0.0004214914244725671
7211,0.0006293457137155119
7212,0.000124964264572252
7213,0.0013575124956695201
7214,0.0008354541566257113
7215,0.0015050617983561382
7216,0.002374458429210336
7217,0.08736610976161654
7218,0.9984211958794879
7219,0.0008405595580370976
7220,0.0009497966785015195
7221,0.999052883668277
7222,0.9966271860597548
7223,0.0007831577581727291
7224,0.0014351889825011195
7225,0.0010118654385570286
7226,0.0016594942390539013
7227,0.9985779057402943
7228,0.9985229283236908
7229,0.9987330285217261
7230,0.9992569094862411
7231,0.00220744009736092
7232,0.0016424004600779048
7233,0.0010318038201498432
7234,0.0006088848316439365
7235,0.00011748506919445276
7236,0.0012379930368587192
7237,0.0018414252460525328
7238,0.0003860293968197658
7239,0.00017595702204960815
7240,0.007399111291396022
7241,0.0045023062408527
7242,0.9978793577225135
7243,0.001893201358891748
7244,0.00026509450044116464
7245,9.434113084499689e-05
7246,0.0021213619216592255
7247,0.0006440095208212051
7248,0.00020888277865146616
7249,0.00106830571523711
7250,0.00031899225214321043
7251,0.0004502389049163981
7252,0.004494834476211371
7253,0.9993419644507969
7254,0.0004887287196161157
7255,0.9949743009043047
7256,0.0005399777751742466
7257,0.0015945340422108731
7258,0.0003181638660872541
7259,0.0005668398687699131
7260,0.9972630738314838
7261,0.012860647783231916
7262,0.001060496025179151
7263,0.0019702313571498277
7264,0.0013236235460567392
7265,0.000496423590290314
7266,0.0003580847148124579
7267,0.0003060567270040988
7268,0.0031463982943931578
7269,0.002037665929096613
7270,0.001356871660387311
7271,0.0006902712538634754
7272,0.0014554257279321928
7273,0.000237541117210184
7274,3.462878546646851e-05
7275,0.00019630993687584574
7276,0.000595766179993282
7277,0.0007223870205324604
7278,0.6133559371248467
7279,0.0016681265089572718
7280,0.0009554535801547776
7281,0.0008736446752381994
7282,0.0007972482231794119
7283,0.0010502751680340123
7284,0.0004055612632206312
7285,0.0008618024237030227
7286,7.154684007008853e-05
7287,0.0026284976409383814
7288,0.0006264175536863748
7289,0.002731410512715471
7290,0.002196622578227365
7291,0.00020774851020967814
7292,4.904873378771806e-05
7293,0.0001669089060647544
7294,0.0009008589865587833
7295,0.012531223792777964
7296,0.004038833541870275
7297,0.0009371905142290484
7298,0.00446925182013366
7299,0.0026300196219487156
7300,0.0003171708925021485
7301,0.0034654273692582365
7302,0.0005830813202674435
7303,0.00013043106715465423
7304,0.0017310274260089562
7305,0.0004959160686734591
7306,0.0029468599153180852
7307,0.20095117533828444
7308,0.0030025803546876923
7309,0.010228813503132025
7310,0.9864706227345578
7311,0.9941132098666661
7312,0.9991891835575459
7313,0.0002467812870171631
7314,0.996005940151868
7315,5.574159877583748e-05
7316,0.9992911464609191
7317,0.9981587880732503
7318,0.9777953771107782
7319,0.997231569394683
7320,0.9974893881072164
7321,0.9996668907907997
7322,0.9988904809844029
7323,0.9992213420901508
7324,0.9993957721796219
7325,0.9988976903851646
7326,0.9989948535425408
7327,0.9977646437798967
7328,0.9027808169533185
7329,0.9989895224969109
7330,0.9981673765214619
7331,0.9979332252195733
7332,0.9987132987438663
7333,0.999588415437715
7334,0.9978990788228248
7335,0.0004210378924964741
7336,0.002922726753925543
7337,0.0012421051924016385
7338,0.0006985810503321076
7339,0.0018491319219401182
7340,0.00024118683832897764
7341,0.0008313863180490342
7342,0.0001584787892208991
7343,0.00026802902208036095
7344,0.00043168498184203936
7345,0.007737386479592417
7346,0.9989584317048816
7347,0.9989522294023905
7348,0.0003430493390667126
7349,0.0007426636166337582
7350,0.000505392558592648
7351,0.9987718566782688
7352,0.00033252976152226194
7353,0.0016114259173380637
7354,0.004805706472804033
7355,0.0008210832233144841
7356,0.9832827463795046
7357,0.9983608180610821
7358,0.0006012427675707965
7359,0.00042220257294806377
7360,0.99851794883072
7361,0.0010561477735971205
7362,0.21716085862699083
7363,0.9983327023135742
7364,0.9904207257483516
7365,0.9972447930569034
7366,0.9975271270134065
7367,0.000718831380625576
7368,0.9980125264729142
7369,0.9980049076873557
7370,0.9877153278065408
7371,0.00010757239841846202
7372,0.001569933110896091
7373,0.0007695709744600696
7374,0.0007303770413738037
7375,0.0005397271255429947
7376,0.0005740651865928051
7377,0.004364189261299338
7378,0.0004372951913529996
7379,0.0010643854070447533
7380,0.0002338050283672118
7381,0.0004213099386379328
7382,0.00016691065924431096
7383,0.00033125726197069964
7384,0.0002556652359473794
7385,0.0006021792569461487
7386,0.000347627640356332
7387,4.3795270931451966e-05
7388,4.3395399841851706e-05
7389,0.00037836125662460803
7390,0.0005986395318588492
7391,0.9718336561024937
7392,0.00012435485802918798
7393,0.0003601390646284779
7394,0.006730685742672339
7395,0.20338407834886804
7396,0.14618632448788635
7397,5.505716250907915e-05
7398,0.0029918328772577545
7399,0.0006117933932013339
7400,0.5491998133576534
7401,0.0013463569726386612
7402,0.0016157459068801374
7403,7.481501257582177e-05
7404,0.006672191846731364
7405,0.0010284689195563569
7406,0.0005176474356788377
7407,0.002135096533309126
7408,0.0024206702415738874
7409,0.0013578689786894584
7410,0.00906003431041347
7411,0.0012949892648166834
7412,0.0009791088960107225
7413,0.0008891576232884163
7414,0.00015655259150405482
7415,0.00012717467682278036
7416,0.0010011384759844493
7417,0.04882659212192009
7418,0.003596329174269533
7419,0.0008636725235330339
7420,0.00010281260168606555
7421,0.0006818024792330697
7422,0.0008186586248245054
7423,0.00021280058172539737
7424,0.008900387203176268
7425,0.0005223617607448258
7426,0.0008175501250789694
7427,0.00042722330857976017
7428,0.0010387398132969006
7429,0.0003475781955252978
7430,0.9987873270376918
7431,0.9763902530482703
7432,0.9988563117761752
7433,0.9981212543407744
7434,0.9982549035743119
7435,0.9994757810256006
7436,0.9934952625859224
7437,0.9993457309631495
7438,0.9974169016795372
7439,0.9963534950588437
7440,0.9983659455676902
7441,0.9985414482876399
7442,0.9989746710113505
7443,0.9988814084135089
7444,0.9977351428008099
7445,0.9992931332424356
7446,0.9972995296818704
7447,0.998732837039815
7448,0.9989970937032813
7449,0.0006042139571996509
7450,0.999145380279462
7451,0.9968327381919883
7452,0.9981028671201754
7453,0.9983491953803194
7454,0.9947587116771122
7455,0.9996009447017558
7456,0.9992022523504623
7457,0.99532632494932
7458,0.9984125234925348
7459,0.9992250135432404
7460,0.9987313688914552
7461,0.9982662108844267
7462,0.9855354699043312
7463,0.994358067329893
7464,0.9984181534545576
7465,0.998853472507164
7466,0.9979044144485562
7467,0.9993455441215902
7468,0.9961165156813185
7469,0.9987065368724424
7470,0.995853314775101
7471,0.9970965603752693
7472,0.9958615093047205
7473,0.9981635481076783
7474,0.9987375583785193
7475,0.9992869770322055
7476,0.9974869634179548
7477,0.9968295843270469
7478,0.9969443747948926
7479,0.9974379455216188
7480,0.9834085413088246
7481,0.9965694832909812
7482,0.9970816711022561
7483,0.999086138018064
7484,0.9977184796041731
7485,0.998208482827529
7486,0.9959130903547769
7487,0.9988996444250714
7488,0.9990419855147683
7489,0.9955235398485175
7490,0.999004475892499
7491,0.998867580969867
7492,0.9989330971723172
7493,0.9962557428393247
7494,0.9808226731862142
7495,0.9979192309457278
7496,0.00017086799358070328
7497,0.9831087624036121
7498,0.0009067587864269413
7499,0.0005789648349257268
7500,0.0012615387706382643
7501,0.0015705682951270175
7502,0.0002977928809446787
7503,0.01704092576050913
7504,0.9995902095726886
7505,0.9988434550045264
7506,0.9974812445525391
7507,0.9853344222420358
7508,0.997513021000003
7509,0.9983608180610821
7510,0.997230193021199
7511,0.998371917500687
7512,0.9989666695544898
7513,0.9987465054248668
7514,0.9967686455569319
7515,0.999462735025974
7516,0.0005853279016545163
7517,0.0036634979201189116
7518,0.002166857271416831
7519,0.9977145214504002
7520,0.9985122990197312
7521,0.9971834781488068
7522,0.9949993910315059
7523,0.9989810038660242
7524,0.9981656322753503
7525,0.9949723023122697
7526,0.9995271071663464
7527,0.0013547001166022692
7528,0.0009310579647096274
7529,0.9976492319090786
7530,0.9987960325611593
7531,0.8910828704525483
7532,0.9938159904817352
7533,0.9979447057986635
7534,0.006160482199411824
7535,0.9988587528586611
7536,0.998837769635023
7537,0.0018329126357151779
7538,0.9993829507826973
7539,0.9987755899325831
7540,9.401053550891159e-05
7541,0.9977430078518319
7542,0.9992447822855237
7543,0.9857620438685138
7544,0.0019434438750767296
7545,0.0014049146873278834
7546,0.9993035396242119
7547,0.9983332444472008
7548,0.0003551334336332069
7549,0.9990707469865749
7550,0.00036199087407906875
7551,0.00282981640471227
7552,0.00027219748125702654
7553,0.0001911815254728935
7554,0.0015939804751211144
7555,0.004170869456721544
7556,0.0005098062725356177
7557,3.5342020045337394e-05
7558,0.0016456707675249183
7559,0.9956351577473682
7560,0.0006893627163808067
7561,0.0004263899353044023
7562,0.9983278150142483
7563,0.9989689087035372
7564,0.002360809654640916
7565,0.0004092698952607165
7566,0.0005459192059699664
7567,0.01121974486613482
7568,0.001161880627961916
7569,0.0018569708489824326
7570,0.00040149057404626723
7571,0.9978532603380759
7572,0.0002167166844870473
7573,0.0004172953596568436
7574,0.001292445239410652
7575,0.0003087230723534674
7576,0.0019470994342087652
7577,5.551630221920944e-06
7578,0.0013565543552447243
7579,0.0002461545350412879
7580,0.00024754493962264845
7581,0.00020415859603467888
7582,0.0002940005917910542
7583,1.3277968528739868e-05
7584,0.0003592822958213157
7585,0.0011194613257436519
7586,0.0004967330988538046
7587,0.003817260660054775
7588,0.00013678318620135476
7589,0.0010313607583057615
7590,0.003986157427979635
7591,2.2826355329558665e-05
7592,0.00032317512897344513
7593,0.05480106110614284
7594,0.010385673935513656
7595,0.0006239448172630761
7596,0.010946667181453044
7597,0.0018521998498549634
7598,0.000727357235736095
7599,0.0002248756090003831
7600,0.0025020371064014054
7601,0.012710666062354587
7602,0.0006717409039368486
7603,0.007465438178284246
7604,0.9411675020951883
7605,0.0002449552642973701
7606,0.2761611386514493
7607,0.00210136051154464
7608,0.0017195594067584243
7609,0.0012776340742231963
7610,0.0007941045747353317
7611,0.00029548614034235896
7612,0.0005264668843475181
7613,0.019178248205776693
7614,0.012862600225084274
7615,0.006653797769771127
7616,0.000633430294900549
7617,0.002109092567101732
7618,0.014801085253521458
7619,0.0004843795156375347
7620,0.00020227004739046013
7621,0.0006062388852562812
7622,0.007419345624145442
7623,0.001765355153080411
7624,0.0642982081952593
7625,0.011048426213296506
7626,0.0015416765429589092
7627,0.0007024234954856372
7628,0.06963749758939147
7629,0.00012175455585823475
7630,0.0007577764758577042
7631,0.000558602083155182
7632,0.00030161735052995663
7633,0.00043428748119442095
7634,0.0005555718806524296
7635,0.00018688146100894655
7636,0.001279991229591214
7637,0.002465237409714974
7638,0.0051541904501905085
7639,0.0014109858167320613
7640,0.0003107897029778586
7641,0.0015410202364256513
7642,0.9983688626618651
7643,0.999437693709599
7644,0.9990745582024683
7645,0.035106867498422525
7646,0.9988162186068409
7647,0.9985934583579665
7648,0.9599520371924855
7649,0.999386583243288
7650,0.9990231936010417
7651,0.9903732374447225
7652,0.9956569870502567
7653,0.9989301156973655
7654,0.9991749659182484
7655,0.9988659664992147
7656,0.9938064723852863
7657,0.9983331495550629
7658,0.9730204751944209
7659,0.9991437239071738
7660,0.9984408186940141
7661,0.9996369639127596
7662,0.9979492187345991
7663,0.9977634513459271
7664,0.9953748528594355
7665,0.9983061075592582
7666,0.9963931088713591
7667,0.997689890674969
7668,0.0010264060768704094
7669,0.9963080107524658
7670,0.9975029671221952
7671,0.9991754765947587
7672,0.9974469290384409
7673,0.9907966022043462
7674,0.9964187800914536
7675,0.9988452800529143
7676,0.998466000861983
7677,0.9993859269182189
7678,0.9980281546181279
7679,0.9920540638904193
7680,0.9778140214713336
7681,0.9988325194082056
7682,0.9980815770843197
7683,0.9987261226315475
7684,0.9975487853358928
7685,0.0002646351674196156
7686,0.9981773518561875
7687,0.9988241980337588
7688,0.9976027346503719
7689,0.9982437351430316
7690,0.9936954902251159
7691,0.9980916391516061
7692,0.9982435936154652
7693,0.9993150586660359
7694,0.12778132222495894
7695,0.0003218916079906921
7696,0.9984644456354731
7697,0.0002866610268532225
7698,0.0002530480174079117
7699,0.4327758134561479
7700,0.0013621508570488884
7701,0.0005581005280566944
7702,0.9784376978713265
7703,0.7160887630772954
7704,0.0007838163131581108
7705,0.0003561711662745445
7706,0.0005457502105913391
7707,0.0003671377234811243
7708,0.00793705065138137
7709,5.634210657424082e-05
7710,0.020258361806808758
7711,0.9828201177851239
7712,0.9988425861301284
7713,0.9987594709894029
7714,0.9992109161070204
7715,0.9987060655813309
7716,0.9990366667862286
7717,0.9959905862844294
7718,0.9990098279535523
7719,0.0003339894994004383
7720,0.998500133617765
7721,0.0014886562256362656
7722,0.9995629724312619
7723,0.5769130324975801
7724,0.9987784352162836
7725,0.9984299590243593
7726,0.9970324282170672
7727,0.9989580786136899
7728,0.9989449670019896
7729,0.9989560875965307
7730,0.9974623974203447
7731,0.9996299301863756
7732,0.9970584134748827
7733,0.0005590986422534686
7734,0.0008255228096057466
7735,0.00040144044571497174
7736,0.0034647787049829925
7737,0.9969703370480536
7738,0.9988799539803154
7739,0.9990833014259731
7740,0.00013204585696146253
7741,0.002513785413440613
7742,0.999128877533155
7743,0.9976686286092925
7744,0.0012204009350217178
7745,0.99175656289997
7746,0.9988970132664241
7747,0.9974941953169782
7748,0.9987075411926182
7749,0.0015631983235228207
7750,0.9969752547163585
7751,0.0006230776698471896
7752,0.000683159504914501
7753,0.00027684040353067674
7754,0.00041130393687869015
7755,0.00290146016763444
7756,1.2355094203741917e-05
7757,0.0004295073045450875
7758,0.0009912468795510295
7759,0.00012860923985763835
7760,4.315237955694955e-05
7761,1.1478973904700772e-05
7762,4.781389874930967e-05
7763,3.272769948448257e-05
7764,2.1271808819263555e-05
7765,7.543022195388791e-05
7766,0.00015514153951751194
7767,0.0029675981754283226
7768,2.1633198509973597e-05
7769,0.00011345836542001362
7770,5.118119205533288e-05
7771,0.00035845892653034613
7772,0.00010690159803190949
7773,8.830407631533278e-05
7774,0.006357706041724244
7775,5.5426491786615934e-05
7776,0.00012414264638795533
7777,7.918307999743477e-05
7778,0.006676735308060153
7779,4.57773003250662e-05
7780,3.085407193627214e-05
7781,0.0001055282549496346
7782,3.887876815820135e-05
7783,0.00014170489017950897
7784,2.89095552232153e-05
7785,0.0004643778828745624
7786,3.1111572208715266e-05
7787,0.0002791052564852254
7788,0.05810976993590903
7789,0.0001996341049246626
7790,3.985137467662964e-05
7791,0.0001120286449109516
7792,4.564547579050432e-05
7793,6.54977098372049e-05
7794,4.232023485755443e-05
7795,0.00010766555458952085
7796,0.00014214543353037324
7797,0.00016703648594753473
7798,8.697907901965686e-05
7799,4.189288944970944e-05
7800,4.957496242919019e-05
7801,0.00010973582430018678
7802,6.399595025374695e-05
7803,4.080457525534239e-05
7804,4.492329187546522e-05
7805,0.001226133724453786
7806,0.0002088738959067728
7807,6.846417942800197e-05
7808,6.921038403912533e-05
7809,1.5920296070410674e-05
7810,0.0007779894673237607
7811,3.102537608544228e-05
7812,6.71972464312727e-05
7813,3.759751456868655e-05
7814,6.134269031035296e-05
7815,0.0005536126229599153
7816,3.327232518279185e-05
7817,0.0002791759508030349
7818,0.00017047048960502564
7819,8.791037647439811e-05
7820,0.0003956797376599512
7821,0.0002726475058170039
7822,0.00012504996032542326
7823,0.0001440397758029185
7824,3.594448256662342e-05
7825,0.0005669229126280061
7826,0.0007485126383585874
7827,8.802897196224897e-05
7828,4.282784894438977e-05
7829,0.00018125402793802933
7830,3.4985193706713475e-05
7831,0.00015504570833460086
7832,4.1745619181213505e-05
7833,3.657899412095656e-05
7834,0.0013530917616811611
7835,2.7073345887738783e-05
7836,0.000144344215951609
7837,0.00011122042954633877
7838,0.00011169884187647633
7839,5.924164082612943e-05
7840,0.0001391206082925702
7841,5.49772564558117e-05
7842,3.9572911511013e-05
7843,4.173935966052428e-05
7844,2.6976348982562965e-05
7845,5.944050742936856e-05
7846,8.703167394104998e-05
7847,2.7838625814360464e-05
7848,6.444682861550726e-05
7849,2.4024428871859147e-05
7850,8.380140322038515e-05
7851,0.0001591842704131982
7852,3.9572911511013e-05
7853,4.994125429505321e-05
7854,9.056960728179217e-05
7855,0.000144344215951609
7856,0.00046828263662400724
7857,7.254405604858562e-05
7858,2.1962923391273194e-05
7859,0.0001479314172263757
7860,7.03513751850751e-05
7861,0.00016542467605431041
7862,2.8740627935605872e-05
7863,0.00018452261672299597
7864,2.8258060883436997e-05
7865,0.000144344215951609
7866,5.924164082612943e-05
7867,0.0004712156372167757
7868,0.0001553302721690175
7869,0.00011122042954633877
7870,3.4356649847963596e-05
7871,0.00010990185082785383
7872,8.032022138172638e-05
7873,0.0001206128110091622
7874,4.388402771585827e-05
7875,0.000144344215951609
7876,0.00014412073183316416
7877,1.1066407838491876e-05
7878,5.525730124524164e-05
7879,0.00011980520798583127
7880,0.00012327149013394422
7881,0.00023418274644050065
7882,3.4614582962661926e-05
7883,2.7537807252153853e-06
7884,3.7676360710096324e-05
7885,0.00012533184725655065
7886,0.00012295236912948757
7887,0.0002704721802605501
7888,0.0015565267709059679
7889,9.086527025218953e-05
7890,3.9147840371633965e-05
7891,3.218548798816773e-05
7892,0.0031581816152697045
7893,0.00012925412043172067
7894,3.676990490265242e-05
7895,8.843380189168837e-05
7896,2.6208285816371852e-05
7897,0.0002510288957637566
7898,9.690228394125454e-05
7899,0.01858273324927798
7900,6.66916081673045e-05
7901,2.2109885796061495e-05
7902,0.00014170244923609798
7903,8.202917095860949e-05
7904,0.0008429957739566512
7905,0.0002261941907018622
7906,5.1274384926573726e-05
7907,5.980838331196873e-05
7908,6.964573324733201e-05
7909,3.6607259367271086e-05
7910,5.62890994881998e-05
7911,0.0005006843543031214
7912,0.000381882775502438
7913,0.0005770482767173944
7914,0.02584470719327097
7915,0.0001094463926440678
7916,0.00010267181454727106
7917,0.0006168499214483343
7918,2.4933636097915826e-05
7919,6.77184666214647e-05
7920,5.780654642072261e-05
7921,9.806239819327848e-05
7922,5.654047434332768e-05
7923,0.00039627370437509833
7924,0.0002002626377327897
7925,3.0185374346320614e-05
7926,0.001007503817799027
7927,0.0001435029657365936
7928,3.4356649847963596e-05
7929,0.00011542245034679125
7930,0.0006545151026189521
7931,4.654299333762649e-05
7932,0.0001876421640060242
7933,2.063203550235764e-05
7934,4.3047320122288855e-05
7935,0.0022170658502542774
7936,0.00022702701952142165
7937,0.0001848356795161181
7938,4.142771858621879e-05
7939,5.5979483238122925e-05
7940,0.0019496380558624749
7941,0.0002931087825780527
7942,9.616735751282085e-05
7943,8.00554251832213e-05
7944,0.0001589261766176863
7945,8.426889168545207e-05
7946,8.213953756826121e-05
7947,9.637195434840185e-05
7948,0.0008116518744965209
7949,8.843272383493333e-05
7950,5.455937325125504e-05
7951,0.0001402792997867412
7952,0.00017910718639196912
7953,0.0006871959151062624
7954,0.000269178784460265
7955,2.685694576109552e-05
7956,8.562157200951348e-05
7957,0.00012900775735344783
7958,5.942992351753899e-05
7959,3.447361439838575e-05
7960,5.1938896340697875e-05
7961,0.00032228456166929565
7962,0.0004470508472067296
7963,2.539815253577977e-05
7964,0.00012291899052894664
7965,0.000471780203988389
7966,0.00013829959407271627
7967,7.718212516029137e-05
7968,0.0022650114132631155
7969,0.9953496118631712
7970,5.85075312867679e-05
7971,0.0012759540312314223
7972,0.00010151514346420207
7973,0.00012364506510997676
7974,0.00010823502774502605
7975,4.8717055423355305e-05
7976,0.001312135437978216
7977,4.4605587502868787e-05
7978,8.962755057057558e-05
7979,9.388292224849561e-05
7980,0.0006638470159075755
7981,5.344806311864101e-05
7982,4.4529118227367485e-05
7983,7.466091729801322e-05
7984,0.0001232480991209454
7985,5.912483473996404e-05
7986,2.1009063789693357e-05
7987,4.7682983595735617e-05
7988,0.0020590654695041926
7989,0.000257746827662384
7990,1.5187922047293892e-05
7991,0.0001627423571496775
7992,0.001062629339528718
7993,0.00023164420656648116
7994,0.00519440802342837
7995,6.112004756234965e-05
7996,4.0400172914787916e-05
7997,0.000182187805080856
7998,4.85140872730304e-05
7999,8.365079835898908e-05
8000,6.663435042418385e-05
8001,2.839002051927495e-05
8002,6.303253451199444e-05
8003,4.284574630968126e-05
8004,6.967515934310983e-05
8005,0.00014488377491162616
8006,0.0001447347358470199
8007,2.87039793025964e-05
8008,0.0001606150036476865
8009,5.3100997065167974e-05
8010,0.0001443157710590431
8011,2.290204280747224e-05
8012,3.7723609424996136e-05
8013,0.0005068404489591155
8014,0.0008550863345213809
8015,4.2102085145965404e-05
8016,0.00013560066764065223
8017,6.660158197061635e-05
8018,6.02992187940644e-05
8019,4.2102085145965404e-05
8020,5.1293654439638906e-05
8021,0.00012574980592603495
8022,5.1700920074300944e-05
8023,0.00017497064277159258
8024,9.221173202226736e-06
8025,0.0009143615839501273
8026,0.0005582082711861889
8027,1.1451437005032102e-05
8028,9.960783426146675e-06
8029,6.426112301494872e-05
8030,0.00025308125731244685
8031,0.00012090409833563989
8032,3.1274957189205426e-05
8033,5.368904161793146e-05
8034,5.6579061614373585e-05
8035,4.654699428852591e-05
8036,0.0034796879673729877
8037,3.837512203878477e-05
8038,0.0005937840078904562
8039,6.966185583289302e-05
8040,0.00034015074832058416
8041,0.0011887815118634636
8042,0.06328621677224923
8043,2.3032187230799172e-05
8044,0.04178558025441497
8045,0.0030867380281081923
8046,0.0030224159235500876
8047,0.0004126794460822505
8048,0.0034553982322777428
8049,0.0003820324304616818
8050,0.0002535597554872768
8051,0.0016583133585051032
8052,0.001523239339216374
8053,0.0009792847623430476
8054,0.001478195224501343
8055,0.0017830552620623388
8056,0.00030554765325717273
8057,0.007657566287481815
8058,0.000633430294900549
8059,0.0011426041680169874
8060,0.006924288368938406
8061,0.0003653634040061414
8062,0.0002426651739260803
8063,0.0016889918711709081
8064,0.0019722753707110767
8065,0.0001702853436301649
8066,0.001401962244961128
8067,0.0007611377255014347
8068,0.0013358934035688336
8069,0.0019042652277295067
8070,4.1156390523108985e-05
8071,0.00014422970836644092
8072,6.220409761327876e-05
8073,0.0005283023772340083
8074,0.47592294245304206
8075,0.001424048426623477
8076,0.00012728128116004704
8077,6.386264930419534e-05
8078,0.00140741457166592
8079,0.0007944141459125968
8080,0.0007814553567292897
8081,1.0641878632524625e-05
8082,0.31416863259602157
8083,0.9620513605981348
8084,0.0010295274092974969
8085,0.001023377867055458
8086,0.0004638892746252323
8087,0.00013644171853871353
8088,0.0023007231289453394
8089,4.245220941124749e-05
8090,3.90911949446522e-05
8091,0.00014005733560446467
8092,0.00012899017336492693
8093,0.004781872274844608
8094,0.0016388442002777603
8095,0.00011528864112505829
8096,0.00023168944232957272
8097,0.0008102070933374313
8098,0.017411099612057605
8099,0.017303036299845028
8100,2.9077104619427155e-05
8101,9.213206321950938e-05
8102,0.00042427776567982616
8103,0.001170882079320331
8104,0.00015866296269800552
8105,0.00014505810609962393
8106,0.0008676582924580843
8107,1.5581675888410888e-05
8108,3.310377856988186e-05
8109,0.0014623245570723137
8110,0.06780393592651657
8111,0.004858411707257349
8112,0.00020497938107718607
8113,8.441857836866744e-05
8114,0.0002922337497717392
8115,0.00026600761962640895
8116,0.0004921212071926124
8117,7.288793267810637e-05
8118,0.0006388350264310008
8119,0.015395579996043752
8120,3.19931456367671e-05
8121,0.0012665354381817806
8122,0.00016915551814284137
8123,0.0009105930016225262
8124,4.173875193177261e-05
8125,0.0007190753498607556
8126,0.0010210962504397137
8127,0.0011011554581249622
8128,6.52755812669026e-05
8129,0.0017133371153044159
8130,0.00024452725366597226
8131,0.00010127704251873743
8132,0.0025686106905808688
8133,0.0005536138571005303
8134,0.0005080698322453862
8135,0.0005598691439415104
8136,0.005802105742005363
8137,8.557927586524478e-05
8138,9.465039366483014e-05
8139,0.00046342357191913816
8140,0.003900810404838075
8141,0.00043407600366430566
8142,0.0005314122824412703
8143,6.423982176517231e-05
8144,0.0009250249790572051
8145,0.0006277153295105035
8146,0.0001890580668775989
8147,2.796048960920413e-05
8148,0.00195455335750321
8149,0.010830874600566856
8150,0.00044362804028945103
8151,0.0038797462750929444
8152,0.0002469592049088763
8153,0.00035054968407808126
8154,0.003861177582532632
8155,0.0003243803838661951
8156,0.00017938796684775402
8157,0.00022370303990162436
8158,0.004132422912897167
8159,2.624697562090195e-05
8160,0.9985220382452619
8161,0.0011729519745002012
8162,0.0021042872065637984
8163,0.0013632789638021406
8164,0.00012350361489597505
8165,0.0027467027511181388
8166,0.0001113885750970843
8167,0.009567897210159935
8168,0.00031101852294946654
8169,0.010248849992515005
8170,0.00047342150113460383
8171,0.000282634359727024
8172,0.997511999773175
8173,0.0002245177866988569
8174,0.15679373765365492
8175,0.0014672503720479044
8176,0.0004374659330319267
8177,0.011051463761241057
8178,0.00011842422699207362
8179,0.0005819538529013489
8180,6.990013635618049e-05
8181,0.0001152900050079317
8182,3.92163246485603e-05
8183,0.007494810200381876
8184,4.524147584355187e-05
8185,0.001318210493979882
8186,2.2088606548279867e-05
8187,7.679081389598632e-05
8188,0.0039328737117949025
8189,4.175457824744472e-05
8190,0.0013891586972810813
8191,7.44853465863709e-05
8192,7.066207982761564e-05
8193,0.00017775740098912077
8194,0.0004233211333038892
8195,0.000690638565262298
8196,0.00012374578895241604
8197,0.001181203623827026
8198,0.000351271224358875
8199,0.0006000693575324183
8200,0.0035102773830610187
8201,0.0014744753878956098
8202,4.008447316447924e-05
8203,8.511393547918497e-05
8204,0.0005190609551730913
8205,0.0004628544828513576
8206,0.00027790403961639235
8207,0.0027148716846207848
8208,0.00011889178426479677
8209,0.00017273498971950415
8210,0.004269527165272843
8211,0.0004539247769923273
8212,0.0008528967586065895
8213,0.0002230764988617716
8214,0.0006900669151962433
8215,8.609719619364782e-05
8216,0.0017469041717349976
8217,0.00015061853203327528
8218,0.0002521178782339617
8219,0.00012658014359329375
8220,9.569478705617351e-05
8221,0.0009433419845697829
8222,0.005756296037563695
8223,0.0004548166386144908
8224,0.00020340400432380628
8225,0.00037203124807260753
8226,0.001275245197480142
8227,8.865193220660305e-05
8228,0.0008763122831834136
8229,5.9710208502029446e-05
8230,0.00027854332850528284
8231,7.265104125321526e-05
8232,7.174682371172304e-05
8233,0.0010003163653029405
8234,0.0009053506313070211
8235,7.863636931272879e-05
8236,0.0012125401266112757
8237,0.0029157694965843074
8238,0.0014978072298814317
8239,0.000776754591978352
8240,0.0001940197978434715
8241,0.00023782337204092968
8242,0.0001731330101818286
8243,0.0003060852898222085
8244,2.862607892419557e-05
8245,3.094798593555793e-05
8246,0.003717300444333374
8247,0.00012115607696918472
8248,5.383024490178617e-05
8249,0.0754166697803786
8250,0.00015623244155519846
8251,0.00014665053759792032
8252,0.0020093039136959744
8253,0.0029039325559527636
8254,1.7695719561546404e-05
8255,0.01323142737387866
8256,7.233228257140407e-05
8257,4.085565310607895e-05
8258,0.00028457875210420586
8259,5.6759599837356174e-05
8260,0.0003482097146952821
8261,5.716322172797805e-05
8262,6.293634286042799e-05
8263,0.007177109991597717
8264,0.00018407343716252665
8265,0.0004569525644421858
8266,5.758309322328957e-05
8267,0.00014721298201665048
8268,3.399894775534535e-05
8269,0.0009570809620333978
8270,0.0004298581810406372
8271,0.001571473993751673
8272,0.0025157418366179166
8273,0.0026878225006773796
8274,0.0016921686793562062
8275,0.00012687261298966086
8276,0.00023866924115131138
8277,0.0023232144899147963
8278,0.0018558736586595282
8279,2.9297193179788986e-05
8280,0.002792945912204593
8281,0.003364174340983613
8282,0.00029438890471618183
8283,0.0001607474925910644
8284,0.0001362302570661723
8285,0.004751572046316899
8286,0.0057099927579631355
8287,0.0005180049272591414
8288,0.0010876663052711787
8289,0.000292116751041251
8290,0.0009545601577333154
8291,0.0006203340620802961
8292,0.0049120425534712265
8293,0.0001725611248719273
8294,9.603219272779922e-05
8295,7.879796955428377e-05
8296,0.0002596790420750978
8297,0.0069732938888606415
8298,6.63577526092129e-05
8299,0.0002267456803961946
8300,0.0008378461775980391
8301,0.0008256865399273041
8302,0.0002895817300118146
8303,0.0003284274547126978
8304,0.00017256324990809588
8305,0.0065990571545911465
8306,1.432400361229467e-05
8307,4.964042847958094e-05
8308,0.15553274902578168
8309,0.0034684727413967077
8310,0.0001490383920689657
8311,0.0004213276447422903
8312,0.00022955397013533935
8313,0.0001238105560196623
8314,0.0016556469602052142
8315,0.00012214657864346575
8316,0.0001522803903097749
8317,0.0017522396030925193
8318,5.761815183331898e-05
8319,0.00033595444960328897
8320,2.8952628394781943e-05
8321,0.00010809433758335317
8322,0.00010861931560298706
8323,0.0006194243486475633
8324,0.008300679022885782
8325,0.00043345352120196346
8326,0.0008539899816444205
8327,0.0009889345305662699
8328,0.0026691320651286215
8329,0.000469522747296763
8330,0.00020219528775962075
8331,0.00011175895756107654
8332,0.00012703574250954355
8333,7.249506086994769e-05
8334,7.155204569103759e-05
8335,6.006945039071632e-05
8336,0.00016542467605431041
8337,0.0006037638812157991
8338,4.322842116872313e-05
8339,7.105758425662459e-05
8340,0.00016542467605431041
8341,7.499376295743672e-05
8342,0.0001524215866197397
8343,0.00034150879449372485
8344,2.844050638819319e-05
8345,0.00013288503474642727
8346,6.74352318765975e-05
8347,0.0004415739457223764
8348,0.00015504570833460086
8349,8.37623487611319e-05
8350,0.0007532406527228899
8351,0.00017692129735850842
8352,0.00016542467605431041
8353,7.912104227556019e-05
8354,0.0006545151026189521
8355,0.0001233945273727727
8356,5.780654642072261e-05
8357,7.045469754004363e-05
8358,0.00034150879449372485
8359,2.3443431963404237e-05
8360,0.00022864846158731402
8361,0.0001569528938220937
8362,3.226159424961197e-05
8363,7.885316558772426e-05
8364,0.00046828263662400724
8365,0.00027153939938228387
8366,0.00027094112640032594
8367,0.008672523059764856
8368,0.00012462148763004726
8369,5.944050742936856e-05
8370,8.187399821174728e-05
8371,8.442967662133043e-05
8372,0.00010094843202346141
8373,3.027637432713842e-05
8374,0.00046828263662400724
8375,0.00019037953626449263
8376,5.944050742936856e-05
8377,2.612842092757259e-05
8378,5.780654642072261e-05
8379,1.7134520515489186e-05
8380,4.02724643377079e-05
8381,0.006807975649289111
8382,3.9572911511013e-05
8383,4.5238804370685764e-05
8384,0.00010767620147614363
8385,0.0007816690397740166
8386,9.304724612276519e-06
8387,0.00036063636915923254
8388,0.00022166092487325067
8389,0.00011009378015910334
8390,0.00040473749137462514
8391,0.00024825434172835416
8392,8.534580859573067e-05
8393,6.454209283506057e-05
8394,0.00022094156401961004
8395,0.00012759295956321228
8396,0.00034408244669650233
8397,0.0006545151026189521
8398,6.25534027188936e-05
8399,0.000193363931661183
8400,8.440248965057857e-05
8401,0.00012136738732573775
8402,0.00046710328208117696
8403,0.9988221892165652
8404,0.9966244737971718
8405,0.998974832167284
8406,0.9991918278140967
8407,0.9952505769819805
8408,0.9978919843033218
8409,0.988203943770625
8410,0.9974529205918699
8411,6.104030920987106e-05
8412,0.9986193500182546
8413,0.9994584648092053
8414,0.9989809215605804
8415,0.9969953891687368
8416,0.996857143956761
8417,0.9966921487765776
8418,0.9992878403394513
8419,0.9977403649558739
8420,0.9990735514456269
8421,0.9970789569795063
8422,0.9986447948973497
8423,0.9987753036290585
8424,0.9989931842969731
8425,0.00028698683977545044
8426,0.9961219102394409
8427,0.9990188014620672
8428,0.9860476341732863
8429,0.9987247493833517
8430,0.9979408830476978
8431,0.9974591344016207
8432,0.9979305838844296
8433,0.9988084356783067
8434,0.9973613407150985
8435,0.9973005392493142
8436,0.9988468911936903
8437,0.9988726483815055
8438,0.9978228641902713
8439,0.9826683403005209
8440,0.9988102232142421
8441,0.9974503360806317
8442,0.9979445708112503
8443,0.9897382406513573
8444,0.9976994858213907
8445,0.9990187526596701
8446,0.5034554430677785
8447,0.9976021308586085
8448,0.9988537517872518
8449,0.9981714691110403
8450,0.9989519616244084
8451,0.9927919123230329
8452,0.048637979216214364
8453,0.9973462918195496
8454,0.9970432371153004
8455,0.994623324639354
8456,0.9884408291959389
8457,0.9985398236396011
8458,0.9894256741724476
8459,0.9966473794570843
8460,0.9961990263086474
8461,0.9986647644534776
8462,0.9871897031860933
8463,0.9974287501187589
8464,0.0034647750718005675
8465,0.9976930647210518
8466,0.9982641382873688
8467,0.9957753831574837
8468,0.9969940730633395
8469,0.9870023489426255
8470,0.9989547567552433
8471,0.9984454150509768
8472,0.9949941378794782
8473,0.9956265040283506
8474,0.9972767117436419
8475,0.9995964139123708
8476,0.9942838434908488
8477,0.999324918583514
8478,0.9970228402683492
8479,0.9944693300890991
8480,0.9982851917320891
8481,0.998466394219213
8482,0.9989423731817432
8483,0.9974985740648511
8484,0.9991722649850764
8485,0.998140154426972
8486,0.9958815726235604
8487,0.9990013111430528
8488,0.0001984862755213885
8489,0.9974791694241814
8490,0.9991189837646098
8491,0.9973566496236826
8492,0.9941993107425438
8493,0.9972210828359711
8494,9.616735751282085e-05
8495,0.9954543798608553
8496,0.9974366934564012
8497,0.9989528248641687
8498,0.9984269783639
8499,0.9988768198982759
8500,0.9994359002820797
8501,0.9981034144101143
8502,0.9990965757091159
8503,0.9971945040586705
8504,0.9990755742005217
8505,0.99473258555232
8506,0.9985385022996405
8507,0.9567954370161112
8508,0.9987474284819894
8509,0.9848845151989408
8510,0.9984269909064931
8511,0.9985519129324225
8512,0.8639208377731725
8513,0.9958834953532572
8514,0.9981951165697888
8515,0.9595004753172608
8516,0.9981962686545996
8517,0.9934306156777296
8518,0.9993504062288652
8519,0.9974710784683258
8520,0.9841274109322841
8521,0.9977283262668367
8522,0.999334690136141
8523,0.9976756467206468
8524,0.9832520438846962
8525,0.9979675638691005
8526,0.9986600093390023
8527,0.999207376288381
8528,0.9981462182698078
8529,0.9939502934073307
8530,0.9978790163990514
8531,0.0073948175677919755
8532,0.9986237777260635
8533,0.997285474294933
8534,0.9952487339752013
8535,0.9978623219266773
8536,0.9962961809133258
8537,0.99452999234873
8538,0.999359379785536
8539,0.9901097934591697
8540,0.9984646427661296
8541,0.9985019693071145
8542,0.00018837540379365144
8543,0.9980974115772152
8544,0.9941747363202754
8545,0.9973708674641911
8546,0.9979745989750236
8547,0.9986630587647375
8548,0.9959092770241776
8549,0.05712514444345559
8550,0.9993462383942494
8551,0.9987322241220595
8552,0.9987553094102622
8553,0.9990849560125773
8554,0.9974267083717734
8555,0.9992338456707651
8556,0.9974726865089957
8557,0.9990064497417148
8558,0.9969163363796901
8559,0.9979615227125067
8560,0.9969800393826328
8561,0.9976425725837512
8562,0.9992108099593081
8563,0.9993603182158257
8564,0.9989695099880591
8565,0.9980491295382321
8566,0.9976783742799248
8567,0.9983071690312614
8568,0.9980797522548197
8569,0.9987879136618737
8570,0.9988937265038541
8571,0.9930963121519671
8572,0.9973786940244428
8573,0.99813802792638
8574,0.9982197985411632
8575,0.9916928633951629
8576,0.9993486693488827
8577,0.9967980091890172
8578,0.9990553976164024
8579,0.9993770231213651
8580,0.9985733712006217
8581,0.9988643556505624
8582,0.9995816588725841
8583,0.9985036109709264
8584,0.9929756793895889
8585,0.9885066684854091
8586,0.9980402750564179
8587,0.9920729448526755
8588,0.9984061457913923
8589,0.9991936630843996
8590,0.9979219133337149
8591,0.9916398544094253
8592,0.9989133862701433
8593,0.999342401483909
8594,0.9991232783836898
8595,0.9871813586610542
8596,0.9983548787479234
8597,0.9905472341294347
8598,0.9927918812775194
8599,0.9940015700349925
8600,0.9991878464930606
8601,0.9992739624081683
8602,0.9988614781130974
8603,0.9991556456219909
8604,0.9948359355157671
8605,0.9983258357693318
8606,0.9981284204492257
8607,0.9949065560847331
8608,0.9988949697729211
8609,0.9986241385276219
8610,0.9976707465313529
8611,0.9974618559144396
8612,0.9981397117584692
8613,0.9923602921693024
8614,0.9990395816474087
8615,0.9986880207984988
8616,0.9944508052108606
8617,0.997057253076811
8618,0.9987813168301529
8619,0.9990591039772796
8620,0.9831443154358143
8621,0.9978015810643965
8622,0.9995502481452911
8623,0.9959142758179952
8624,0.996406398350779
8625,0.9978642584410523
8626,0.99848160014957
8627,0.9888179366935019
8628,0.9988011700557811
8629,0.9978712446060862
8630,0.1555407787754167
8631,0.999288473276417
8632,0.9977811392111819
8633,0.9991142851695094
8634,0.9990315240302042
8635,0.9985194459470477
8636,0.9984578428796316
8637,0.9986351696281744
8638,0.9981313308735168
8639,0.9971184621418349
8640,0.9992181964489617
8641,0.9801928449019089
8642,0.9988426861815435
8643,0.9954555431118493
8644,0.998503447160534
8645,0.9981754379946962
8646,0.9967029382207914
8647,0.9987459843865766
8648,0.9989371664361243
8649,0.999563460821279
8650,0.9974091695044083
8651,0.9982802995298257
8652,0.9981948122702083
8653,0.9975825486221419
8654,0.9991761455226652
8655,0.9986138682608091
8656,0.9985036109709264
8657,0.9984049054986852
8658,0.99826266347889
8659,0.999250402828189
8660,0.9908016089603976
8661,0.999097795054283
8662,0.9988270858376425
8663,0.99914092504271
8664,0.9989062444772939
8665,0.998040424312052
8666,0.9980032648313971
8667,0.9951556703521466
8668,0.9992631886831351
8669,0.9985739365174701
8670,0.9989010707593956
8671,0.997531463094167
8672,0.9989846740568582
8673,0.9866608049641398
8674,0.9986351696281744
8675,0.9988299990613361
8676,0.9773376108032418
8677,0.9600765228813528
8678,0.9975089837037465
8679,0.9811700362310082
8680,0.9983159076961486
8681,0.9980830476545178
8682,0.9979558416016906
8683,0.9832140738329547
8684,0.9989618605998289
8685,0.9990138393306971
8686,0.999418809714913
8687,0.9921267832600815
8688,0.9975763571548371
8689,0.9985725858663512
8690,0.99823048649625
8691,0.9976712671763649
8692,0.9990795131843765
8693,0.9991798050929827
8694,0.9976746663475341
8695,0.9990348079492491
8696,0.9991491653862848
8697,0.9975343303239741
8698,0.9978480978881368
8699,0.9988508765004
8700,0.9981875765336767
8701,0.9962472691542131
8702,0.9992810804423193
8703,0.9943250528890051
8704,0.9988359777412013
8705,0.9991963436350908
8706,0.9982125213542296
8707,0.996355167424921
8708,3.451365504409746e-05
8709,0.9919628953535778
8710,0.998968424238038
8711,0.9988795080132141
8712,0.9988398053729248
8713,0.9975337232713862
8714,0.9992088768955915
8715,0.9334041329686048
8716,0.9977076683630625
8717,0.9967323307772841
8718,0.9974848253849017
8719,0.9993087958622596
8720,0.9916468349050018
8721,0.9977315001957207
8722,0.9981451766064516
8723,0.9988125345945583
8724,7.814781694220481e-05
8725,0.9986382258048482
8726,0.9958393821738522
8727,0.9957144213545963
8728,0.9952569899253686
8729,0.9970431674294924
8730,2.6280328859886123e-05
8731,0.9989682137219614
8732,0.9979253470850021
8733,0.0002831506639799961
8734,4.633843117103314e-05
8735,0.9954857945865765
8736,0.9989133862701433
8737,0.9981533059118848
8738,0.9991273348483402
8739,0.9955371658760933
8740,0.9973802492467396
8741,0.9991650062442512
8742,6.935115591711122e-05
8743,0.998477015225873
8744,0.5081908010728954
8745,0.99610922333343
8746,0.9952425840277529
8747,0.9988386323907353
8748,0.999400197065557
8749,0.9978957744398459
8750,0.9987437713949161
8751,0.9957772394743356
8752,0.9975026924690626
8753,0.9870950760041274
8754,0.9952859208791597
8755,0.9942796541412319
8756,0.9981106883257471
8757,0.9989794791779087
8758,0.9992823315033401
8759,0.9991678507616358
8760,3.371005046820312e-05
8761,0.9952402443208473
8762,0.9941597720043439
8763,0.9975928599583144
8764,0.9939808611664768
8765,0.9973560670292471
8766,0.9978422376344797
8767,0.9995225662901082
8768,0.9985390396685017
8769,0.9975597580557692
8770,0.9988026878075345
8771,0.00039039270590654344
8772,0.9989147371849304
8773,0.9980667371150668
8774,0.9949424794272053
8775,0.9987582194898745
8776,0.9986149387954855
8777,0.9987800334510557
8778,0.9982202939781031
8779,0.9989147371849304
8780,0.9980950236662043
8781,0.9990082836162315
8782,0.9988190167604397
8783,0.0001375597203578423
8784,3.4211241288985274e-05
8785,0.998822804088561
8786,0.9978296185605512
8787,0.997354153900964
8788,0.9695161968144317
8789,0.9890197433081299
8790,0.9981184994857433
8791,0.9965723599773947
8792,0.9993469606815975
8793,0.9975730032703575
8794,0.9992061071127909
8795,0.9994072724436955
8796,0.9984306774280891
8797,0.999334185659828
8798,0.9990769227170669
8799,0.9988100540961043
8800,0.9669814346002725
8801,0.9952092491673207
8802,0.9989013352387439
8803,0.9951367264107723
8804,0.9984257715639622
8805,0.9939281345248431
8806,0.8999231049466653
8807,0.9300858339302924
8808,0.9986063328122136
8809,0.99826140011705
8810,0.9987318856697948
8811,0.9607237259778323
8812,0.9988233469732997
8813,0.9966135226738572
8814,0.9993769709746047
8815,0.9991224806126642
8816,0.9991807340783578
8817,0.9973996458430943
8818,0.974892088939193
8819,0.997650822522638
8820,0.999167675129172
8821,0.9988738961829083
8822,0.996645800449955
8823,0.9982462667911856
8824,0.9976784294073685
8825,0.9972487962214784
8826,0.9990865203704514
8827,0.9977375718638667
8828,0.9988595907023593
8829,0.9993568442226886
8830,0.9975229040402552
8831,0.9981284204492257
8832,0.9991769345346125
8833,0.9983335038978611
8834,0.9972198297084084
8835,0.9981944101400887
8836,0.9989818396703875
8837,0.9983723539949088
8838,0.9800642607407045
8839,0.9991273348483402
8840,0.99805642530465
8841,0.9989507566223218
8842,0.9988418750527648
8843,0.9987318725324634
8844,0.9983690370052658
8845,0.9973720182298855
8846,0.9973522523179142
8847,0.9988628986815884
8848,0.9789069761564151
8849,0.998690664119498
8850,0.9983864371084437
8851,0.9892525491087062
8852,0.995461392904856
8853,0.9993209040903296
8854,0.9992573070728948
8855,0.9985075635146217
8856,0.9881141626980295
8857,0.9964316474876156
8858,0.9968014808560246
8859,0.9976285947533996
8860,0.9985894096031102
8861,0.9984895767854491
8862,0.9980966473106637
8863,0.9945309288381119
8864,0.9969630695319469
8865,0.9979364481650416
8866,0.9982491568909603
8867,0.980591354879377
8868,0.9971238501463706
8869,0.9984129617649272
8870,0.9966035019226539
8871,0.9981421102299135
8872,0.998425855848774
8873,0.9746232195903386
8874,0.536334794090902
8875,0.9994432448115482
8876,0.9981742013984879
8877,0.9979460637274815
8878,0.986122035239097
8879,0.9982239038331827
8880,0.9986105589228402
8881,0.9988552562151845
8882,0.9978652372120813
8883,0.9986712204841984
8884,0.9991279957039728
8885,0.9976926998923106
8886,0.9888445230088216
8887,0.9977168038042309
8888,0.9954470722242664
8889,0.9990013180432209
8890,0.9683274411892876
8891,0.9990011387976792
8892,0.9968424826975502
8893,0.9874517587913737
8894,0.9979184128833722
8895,0.9977731550080037
8896,0.9986357616420155
8897,0.9984109274080059
8898,0.9914470993027725
8899,0.9993334625482414
8900,0.9975518756134107
8901,0.9976217949091304
8902,0.9967681177431245
8903,0.9859912377030101
8904,0.8366659065756124
8905,0.9978533517861504
8906,0.998898616562847
8907,0.9981642694780198
8908,0.9965500143355426
8909,0.9982053510985007
8910,0.9956298042013733
8911,0.9992369713131153
8912,0.9982534520121086
8913,0.9988172900345854
8914,0.9961128472119839
8915,0.9980867612528554
8916,0.9984093955319998
8917,0.9971592453471567
8918,0.9973996458430943
8919,0.9974387033254953
8920,0.9988608151662199
8921,0.9985036109709264
8922,0.9986079191866366
8923,0.9992645168991248
8924,0.9983592846792905
8925,0.9987121283551488
8926,0.9990795131843765
8927,0.9957172896995334
8928,0.9982842344384801
8929,0.9962008713767921
8930,0.9950186620978447
8931,0.9928706629459889
8932,0.997602639096264
8933,0.9991431939262144
8934,0.984850480043959
8935,0.9991953881977405
8936,0.9985280184011737
8937,0.997969646403864
8938,0.995671299631636
8939,0.9975776719495728
8940,0.9994246869978487
8941,0.9994230768826557
8942,0.9992051426399635
8943,0.9974780018961946
8944,0.9987326207910654
8945,0.9996237918780914
8946,0.9917026370495186
8947,0.9989308878823485
8948,0.9851787023169999
8949,0.998315305288715
8950,0.9992603716561098
8951,0.9977218511080799
8952,0.9976281902068035
8953,0.9987271378916286
8954,0.998764373806062
8955,0.998676381113393
8956,0.9894999168780731
8957,0.9959413413121432
8958,0.9986855557209792
8959,0.9978132823947519
8960,0.9974765977172075
8961,0.9731191838308484
8962,0.9950212958676464
8963,0.9987813127693466
8964,0.9986327129121851
8965,0.9990176963190576
8966,0.9975269130294566
8967,0.9990902465729511
8968,0.9993733505305027
8969,0.9953328114482337
8970,0.9988943833981113
8971,0.9950331301040577
8972,0.9913982848796179
8973,0.9985184153015533
8974,0.9981905861694895
8975,0.9987409724640384
8976,0.9941515186252178
8977,0.9926694846813003
8978,0.998841826619488
8979,0.9599060269691948
8980,0.9989393883518474
8981,0.9986398199916586
8982,0.9965633731304018
8983,0.997436944757208
8984,0.9291018047726897
8985,0.9977845575075147
8986,0.9981611685989475
8987,0.9984812529639541
8988,0.9976450624605169
8989,0.9951751629240898
8990,0.9985700347619891
8991,0.9955650025384368
8992,0.9991252409931648
8993,0.9774875042524371
8994,0.9985801301260123
8995,0.9911668471976984
8996,0.0007456725572908189
8997,0.9987553187765635
8998,0.9968981139599005
8999,0.9988836704556584
9000,0.995423492149165
9001,0.9991652480257402
9002,0.9928751093006427
9003,0.9993573288802484
9004,0.9972701043552803
9005,0.9916689678888903
9006,0.9956016338783036
9007,0.9986664716864682
9008,0.9972650434635183
9009,0.9882011239311776
9010,0.9985941241254025
9011,0.9995271070857746
9012,0.9986229916261877
9013,0.9968548874072012
9014,0.9975243526589537
9015,0.9989436708030145
9016,0.9816187292442615
9017,0.9838413487744179
9018,0.006384973401573698
9019,0.1464089713597743
9020,0.9976991452881405
9021,0.9982363287941287
9022,0.9986236405196175
9023,0.9956173825619457
9024,0.9993230173818142
9025,0.9897255179302623
9026,0.995598830181584
9027,0.9986638823923445
9028,0.9989813706259786
9029,0.9992248402375123
9030,0.9981147016289005
9031,0.9993867233781633
9032,0.9984198370238693
9033,0.9993378115707036
9034,0.9834347006006535
9035,0.9983200899890047
9036,0.9981899332400097
9037,0.9983950502324929
9038,0.9982364298278822
9039,0.9982373886194584
9040,0.9965144996199774
9041,0.9894653214983036
9042,0.9973848319091824
9043,0.9988040883371058
9044,0.9971749174857876
9045,0.9950929403315725
9046,0.9991351213680786
9047,0.9951849365133074
9048,0.9867426474229499
9049,0.998082789581518
9050,0.9966920802139687
9051,0.9988976903851646
9052,0.9982378646762876
9053,0.9983578137754455
9054,0.9991846559017302
9055,0.9985975631579325
9056,0.9995055087961469
9057,0.9983740639872766
9058,0.9989884254809251
9059,0.9993362895129634
9060,0.99757681021269
9061,0.9986985404525645
9062,0.9987913846369887
9063,0.998897446222569
9064,0.9936446101059779
9065,0.9975138160766808
9066,0.9990629692981836
9067,0.9953232109354588
9068,0.9955417906387265
9069,0.9989499055323809
9070,0.994346085249843
9071,0.9969419678477831
9072,0.9988441622979841
9073,0.9967032468557693
9074,0.0001649348054838004
9075,0.9949072361998424
9076,0.9989719217411916
9077,0.0053716144737232345
9078,0.9980444892807062
9079,0.9753920600450877
9080,0.9947933295004183
9081,0.9990006957275084
9082,0.9982936029035042
9083,0.9991914057588197
9084,0.9804287036249266
9085,0.9992415192992492
9086,9.490249727491083e-05
9087,0.9981973927370454
9088,0.9988345559986894
9089,0.9952741502414388
9090,0.9953792087062491
9091,0.9955940649489147
9092,0.9984343671346861
9093,0.998527962519608
9094,0.9984844729970224
9095,0.9989350006623662
9096,0.9990637843804798
9097,0.9991527903186174
9098,0.98954382192522
9099,0.9991856065401826
9100,0.9988864502378816
9101,0.9992187908054473
9102,0.997664964076191
9103,0.9984016369886283
9104,0.9987844356129768
9105,0.9972843708439296
9106,0.9955332437308111
9107,0.9987481755002772
9108,0.9988565827189159
9109,0.983879873836487
9110,0.9986438293581523
9111,0.9984304142805392
9112,0.9991387676492798
9113,0.9983017285969743
9114,0.9984331877673684
9115,0.9983479425307351
9116,0.9977731550080037
9117,0.9978103238130129
9118,0.9990908005201952
9119,0.998252120502383
9120,0.9993856905661377
9121,0.9993946668272706
9122,0.9989941451821824
9123,0.9990206378720956
9124,0.9988995724047284
9125,0.99933302531026
9126,0.995264903212676
9127,0.9978770108984015
9128,0.9582355729981117
9129,0.9990426956236755
9130,0.9979772646979769
9131,0.9980708572754465
9132,0.9986022986467565
9133,0.9965589869866304
9134,0.9986203967597819
9135,0.9980985105620892
9136,0.9966063013038126
9137,0.997400197468836
9138,0.9979072137139183
9139,0.030256103908358572
9140,0.9984148421960043
9141,0.9984715445232106
9142,0.9977501640747913
9143,0.9982957944022253
9144,0.9987976591813361
9145,0.9981186353271275
9146,0.9986174761176706
9147,0.9989125762951631
9148,0.9985669722699686
9149,0.9977955802616547
9150,0.9987334990076913
9151,0.9987159379500296
9152,0.9986598730489862
9153,0.9980811337959509
9154,0.9970320331570083
9155,0.9989791206346663
9156,0.9849067175190268
9157,0.996043090087545
9158,0.9986931465620228
9159,0.9981654686276141
9160,0.9967971529562855
9161,0.9987518195051182
9162,0.973527696519408
9163,0.997409081201345
9164,0.9992052321251614
9165,0.9989124467605875
9166,0.9977679882769925
9167,0.9987253081834095
9168,0.9976444874618436
9169,0.9982881377980358
9170,0.998778100771568
9171,0.9878741254845855
9172,0.9967968881107693
9173,0.972511944853523
9174,0.993611007587773
9175,0.9969293324673929
9176,0.9990382363182505
9177,0.9980884392914362
9178,0.9977121182242195
9179,0.9994920028579334
9180,0.9992763769126968
9181,0.9985871257104488
9182,0.9989794791779087
9183,0.999167675129172
9184,0.9992577753943396
9185,0.9983721077247503
9186,0.9987706261950926
9187,0.9822107448086325
9188,0.9988775764483494
9189,0.9192165671862309
9190,0.9986059150310891
9191,0.9992106938611196
9192,0.9959805696197513
9193,0.998072047277279
9194,0.9970413997642898
9195,0.9991936630843996
9196,0.9987645650529542
9197,0.9976180819325127
9198,0.9991972609357941
9199,0.0002700009492100305
9200,3.900814317276659e-05
9201,0.00016918178408071942
9202,0.00013118903696402058
9203,0.0026155018028995412
9204,4.6060169226447684e-05
9205,0.00016905941044099773
9206,0.0002983041892480649
9207,0.0002545780366105587
9208,7.107022477993256e-05
9209,5.011821383010098e-05
9210,0.000217465272433415
9211,3.7345830201221045e-05
9212,0.0006702352994753519
9213,7.167518814855104e-05
9214,0.00017466637375485015
9215,4.018993518049645e-05
9216,0.0001480576208486965
9217,0.00010874357606344513
9218,0.0017821669407483897
9219,4.1515838439076676e-05
9220,0.0019194472914183553
9221,0.0014644453403350956
9222,0.0001788773697018943
9223,0.00022844510104821211
9224,6.347475037362418e-05
9225,2.7633595284864965e-05
9226,8.015552010774601e-05
9227,9.629008166485979e-05
9228,0.0001375597203578423
9229,0.0001558132417034615
9230,0.00016038853111140862
9231,3.4739118012348985e-05
9232,4.216579047740728e-05
9233,3.2447597868058706e-05
9234,3.6607259367271086e-05
9235,0.00013251041639084115
9236,0.0008060682867212394
9237,7.29202374027048e-05
9238,0.0004863067984483566
9239,0.0003030372811742379
9240,7.463902238117546e-05
9241,6.842972142219941e-05
9242,0.00010679669614518857
9243,8.465912350494622e-05
9244,0.00019275526857659314
9245,8.275055760867137e-05
9246,0.0005085339692796594
9247,0.0075215797004113665
9248,0.0013586961748637421
9249,0.00010018800325448161
9250,0.00016524842834238562
9251,5.256474384942457e-05
9252,0.00024547293268918814
9253,0.0015615599810613495
9254,9.585754477549913e-05
9255,0.00047929317629654333
9256,0.00020714949952338991
9257,0.00010874357606344513
9258,4.942635514026599e-05
9259,0.00010862189386291096
9260,0.9990208900234847
9261,0.9986507782861965
9262,0.9969470345559438
9263,0.9989023002633359
9264,0.9978791521308411
9265,0.9952671746972329
9266,0.0001397292908382653
9267,0.9985427511482222
9268,0.00022988061236403062
9269,0.9982374194655541
9270,0.9985331108212784
9271,0.9992928350765133
9272,0.9988374524667513
9273,0.9986731176605169
9274,0.9987082305837071
9275,0.9943412952877767
9276,0.9950856350835005
9277,0.903918707673022
9278,0.9993036481850939
9279,4.8343836889770064e-05
9280,0.9981170426705712
9281,0.9957884151812054
9282,0.9987750104097167
9283,0.9988829599410708
9284,0.9955531273604229
9285,0.0002053155588280968
9286,0.996713587674069
9287,0.000649120368125391
9288,0.9986523637415639
9289,0.9981581455191838
9290,0.9985076838995754
9291,0.9992221430690524
9292,0.998720641309762
9293,0.9988584366986983
9294,0.9975697020940406
9295,0.9971043590890986
9296,0.0004641371519628766
9297,0.9992508022128365
9298,0.9986788946083174
9299,0.9993227872783882
9300,0.9919399532223042
9301,0.9982874109371023
9302,0.995472779391637
9303,0.9930631270158159
9304,0.9981514243922126
9305,0.9985074678416379
9306,0.9443072545340027
9307,0.9951267626043814
9308,0.0003133598795052781
9309,0.001230408116772901
9310,0.9983734800473189
9311,0.998720641309762
9312,0.9491406846123605
9313,0.990292937845318
9314,0.9991065575569663
9315,0.9987410654801445
9316,0.998058462620194
9317,0.9987360053676052
9318,0.9984249307197774
9319,0.995551808353971
9320,0.9973708674641911
9321,0.9935918029340071
9322,0.9985401817318181
9323,0.997305205845291
9324,0.9973328139756038
9325,0.9979906889677731
9326,0.997569861710976
9327,0.9982561384662737
9328,0.00011227421048885421
9329,0.9992263148495437
9330,0.995234193809789
9331,0.9968268957872812
9332,0.996195770383931
9333,0.9954410969945281
9334,0.9970074290988582
9335,0.9986101850974503
9336,0.9947757947939423
9337,4.911551857593763e-05
9338,5.2173224716606404e-05
9339,0.0012300539420410847
9340,0.0005333545742895942
9341,0.00012900634889650837
9342,0.0006551875293701603
9343,0.00012325975000856122
9344,1.4519374506414823e-05
9345,0.0004152477040125892
9346,1.87183879154491e-05
9347,3.572141304701372e-05
9348,7.840942835328267e-05
9349,0.0042467710296134175
9350,0.007236289673012339
9351,5.869554000443873e-05
9352,0.0003807359593305053
9353,1.5920296070410674e-05
9354,0.00011142177799308314
9355,6.022919938143153e-05
9356,0.00020776285405687793
9357,8.352940876295502e-05
9358,0.00210667800478395
9359,0.004163206591174958
9360,0.0003386240827104904
9361,0.00011517651001473811
9362,5.2767383702410446e-05
9363,3.229033962371539e-05
9364,0.00023897185151412073
9365,0.005100601430636408
9366,0.00016830637695321437
9367,6.962767240364272e-05
9368,7.266405275797844e-05
9369,4.310317617818989e-05
9370,0.00034299661287837287
9371,0.000410603578160647
9372,3.9137846641995e-05
9373,9.772209665065704e-05
9374,0.023093141965052626
9375,0.002008788175853084
9376,0.00015204285835325836
9377,0.00026807648094788364
9378,0.0007183316092520749
9379,4.3500965154342976e-05
9380,8.596172144092956e-05
9381,0.0009648494279538785
9382,0.07026536117903662
9383,1.8827699094983913e-05
9384,0.44720026535872864
9385,7.283155906533016e-05
9386,0.001669721893244991
9387,0.000598349892684478
9388,0.0004472885908358641
9389,9.659814436649562e-05
9390,0.005553629450045381
9391,0.0022443216141045303
9392,0.0013306054000146708
9393,0.0003015298267423976
9394,0.0026257020536464303
9395,3.503286776108112e-05
9396,7.829416332173875e-05
9397,0.0005316821225169182
9398,0.00017202492841493023
9399,0.0005655635411792768
9400,0.0018484478932093863
9401,0.0004842275221038015
9402,0.0014482740465256421
9403,0.00017328742788311487
9404,0.0015223212435623663
9405,0.0029565397168614545
9406,0.0012803517405429793
9407,0.00013172406512570095
9408,0.0010507323248113503
9409,0.00017265786248431912
9410,0.0004088599702639241
9411,0.0009296402298143951
9412,0.000162835465671152
9413,0.00022769452847182762
9414,7.14929059313938e-05
9415,2.3674505990492626e-05
9416,0.0006613099748600251
9417,0.00048112491071408095
9418,0.0007012081447095175
9419,8.028468853226041e-05
9420,0.0030946975978467612
9421,0.00014108650877887448
9422,0.00019741248645212072
9423,6.0147476694536565e-05
9424,5.559442014891845e-05
9425,0.00399321128942303
9426,0.00025530891194347873
9427,5.2083997706051106e-05
9428,0.00010424510386180761
9429,0.00035331664115438897
9430,0.00030271601068011344
9431,6.174343479803825e-05
9432,5.780654642072261e-05
9433,0.00046828263662400724
9434,0.0005574900613122205
9435,0.001796303770339422
9436,3.911888484657223e-05
9437,0.0002815135177076902
9438,0.0014736092154845947
9439,0.000301846751812182
9440,0.000209120332094631
9441,8.89355037140295e-05
9442,0.9988095983644226
9443,6.499865807069138e-05
9444,0.9865085871294125
9445,0.9985413183975471
9446,0.9985795532179261
9447,0.9869479603313733
9448,0.9917744938808692
9449,0.9986288117836984
9450,0.9977403649558739
9451,0.99602233434944
9452,0.9976030763197079
9453,0.9979330860006353
9454,0.9760341681868895
9455,0.9972365520133447
9456,0.9934590199063256
9457,0.9996369639127596
9458,0.9961725266609204
9459,0.9913635055988442
9460,0.9991936630843996
9461,0.9956726330104017
9462,0.9962350163350642
9463,0.9979523552395314
9464,0.9986405439789767
9465,0.9984396115163782
9466,0.9977493156101188
9467,0.9972149776689461
9468,0.9990725523792653
9469,0.9989355855716169
9470,0.9947915462204905
9471,0.9987939187662994
9472,0.9951011298185278
9473,0.9988391647809269
9474,0.9988469070260554
9475,0.9982572198339373
9476,0.9980457099698729
9477,0.9873125732880099
9478,0.997845930918513
9479,0.9956919023724596
9480,0.996802189859266
9481,0.9990398618333808
9482,0.9949329751778772
9483,0.998870154305275
9484,0.9993197923081333
9485,0.9990623492262561
9486,0.9986566711822231
9487,0.999254748223133
9488,0.99914694455903
9489,0.9975296181011432
9490,0.9970864165942275
9491,0.9983064457264089
9492,0.9991721488276544
9493,0.9981629523210221
9494,0.9985105464249606
9495,0.9968399195196375
9496,0.9977132726711787
9497,0.9957881903927104
9498,0.9972258070822346
9499,0.9971016796169164
9500,0.993488249405243
9501,0.9964690962540128
9502,0.9852535384013887
9503,0.9968338242362512
9504,0.9972253150038684
9505,0.9970285303179347
9506,0.998485492896702
9507,0.9979832420501809
9508,0.9994727841772394
9509,0.9699517054546352
9510,0.9987164832303955
9511,0.9977021460875865
9512,0.9690118899440651
9513,0.9966516506181727
9514,0.9988982497421357
9515,0.9991721954151381
9516,0.9917326743848159
9517,0.9976871892009362
9518,0.9976615000309066
9519,0.1062161734226197
9520,0.9977317765169574
9521,0.9991128350386846
9522,0.9989118815477355
9523,0.9878550447691039
9524,0.9974867730673942
9525,0.9990029741241149
9526,0.9871756000038799
9527,0.9980098763538613
9528,0.9986961265951187
9529,0.9989093690002881
9530,0.9987244814835462
9531,0.998303848238691
9532,0.9976060461203392
9533,0.9989105605095059
9534,0.9976311937873417
9535,0.9932907353489439
9536,0.9986349083739037
9537,0.9984202161308953
9538,0.9986548962726599
9539,0.9985808330859238
9540,0.9986458591906623
9541,0.9978237010657576
9542,0.9989181158025174
9543,0.998304234105353
9544,0.9988946229959175
9545,0.9708740787765936
9546,0.9981519374189137
9547,0.9951470862659345
9548,4.350224029344453e-05
9549,0.0003439823498750108
9550,0.00023232727131575857
9551,0.0006235890075096821
9552,0.00020714949952338991
9553,6.926573471034952e-05
9554,4.5919913278785014e-05
9555,6.442252941928878e-05
9556,0.0006459927526514571
9557,4.1515838439076676e-05
9558,0.00010302974530335358
9559,0.00015715492962809687
9560,0.00015927522512505625
9561,0.00012880388897764658
9562,0.9976553891127057
9563,0.9965927395370134
9564,0.9994477314987698
9565,0.00016210833578018586
9566,0.9980636828513374
9567,0.9989937702814676
9568,0.9986108321347829
9569,0.9991935761639302
9570,0.00015012012558007025
9571,0.9994995363576461
9572,0.9956147024504421
9573,0.0006090115294795549
9574,0.9993792057406713
9575,0.9982280582416442
9576,0.9987834019402153
9577,0.9990923684017753
9578,0.9978911888557269
9579,0.9989818396703875
9580,0.9977822761703357
9581,0.9974612096447076
9582,0.999269168812613
9583,0.9825598565658771
9584,0.9736061318390028
9585,0.9845236807716997
9586,0.9879259458898698
9587,0.9976918909070474
9588,0.0067016173138805275
9589,0.9927269390951038
9590,0.9966595694352112
9591,0.9990772941413923
9592,0.9988454243026054
9593,0.0009479458331597727
9594,7.468120261063955e-05
9595,3.0007000080231726e-05
9596,0.000453099475927125
9597,0.0010297479826064993
9598,3.635505039292143e-05
9599,4.9541389911767016e-05
9600,5.278587457617989e-05
9601,0.0002216545192445526
9602,3.676028941382086e-05
9603,0.0001434749641861637
9604,0.0010634984797750996
9605,5.982713013587371e-05
9606,4.414902052867224e-05
9607,0.0005668398687699131
9608,7.056524646098594e-05
9609,0.0025164648501700745
9610,0.00042928866809958504
9611,0.0002839777338582958
9612,0.0020689881460464327
9613,1.8523489494047812e-05
9614,0.0006925616125234272
9615,0.0030306262992984227
9616,0.00028143634888899255
9617,0.0005556105024404212
9618,0.01255843483471863
9619,0.01075507060303949
9620,0.00016720362217505352
9621,4.23416804996397e-05
9622,0.0002406196097080302
9623,4.866551793731601e-05
9624,0.0006977123938530168
9625,3.143828897440029e-05
9626,3.579297038957409e-05
9627,2.8224016953916267e-05
9628,4.0230250978135565e-05
9629,5.897551642615609e-05
9630,0.0007816690397740166
9631,3.787823066557766e-05
9632,4.630100629880637e-05
9633,0.00019680714051618
9634,9.776968187675622e-05
9635,0.9982676114726282
9636,0.9972000023230897
9637,0.9983496146149761
9638,0.9984343671346861
9639,0.9989068786990944
9640,0.9980797522548197
9641,0.9987183330743777
9642,0.9976502028052853
9643,0.9982787141139068
9644,0.9992611187462739
9645,0.997415283167567
9646,0.9992935745010879
9647,0.9977705498225112
9648,0.9889123506818176
9649,0.9980593834349119
9650,0.9946621571158135
9651,0.9728494641799871
9652,0.9988033498352222
9653,0.9687129416989686
9654,0.9990692812422317
9655,0.9973806374081173
9656,0.9945308263551215
9657,0.9988106265361554
9658,0.9983602274579715
9659,0.00022488915101909993
9660,4.607698452243715e-05
9661,0.99817098636183
9662,0.9955922323721745
9663,0.9954701174753933
9664,0.996150560549814
9665,0.9992497718828888
9666,0.99811340867938
9667,0.999076928460151
9668,0.995067792665429
9669,0.9990905341468533
9670,0.9955135022374496
9671,0.9988163088702895
9672,0.9979419624536434
9673,0.9992980533004584
9674,0.9982954278500487
9675,0.9828831118816125
9676,0.9988946417040526
9677,0.995698046703346
9678,0.9975528259043006
9679,0.8968234835834649
9680,0.9989031143140193
9681,0.8512934885274314
9682,0.9776266783905618
9683,0.9984594775643384
9684,0.9958842351885743
9685,0.9990084544288896
9686,0.00016252227573633203
9687,8.220372673705336e-05
9688,0.00011679426371433216
9689,0.00013323763125712448
9690,0.9975859947804357
9691,0.9992881870129215
9692,0.99726650739916
9693,0.9987249059255637
9694,0.0003279970814456925
9695,0.9963750555648812
9696,0.9985066786192248
9697,0.9966970985701946
9698,0.997793470900714
9699,0.9815102254609572
9700,0.9966595694352112
9701,0.9907357785112012
9702,0.9985062527982611
9703,0.9988634511544033
9704,0.00017295909348759422
9705,0.9864415722635697
9706,0.9989804100518325
9707,0.9353273292375331
9708,0.9978007905815033
9709,0.9983854919463168
9710,0.9956157018006998
9711,0.9969044463731525
9712,0.9975707430954833
9713,0.9914772872454617
9714,0.9991990664621182
9715,0.998011413816182
9716,0.9969217550376992
9717,0.99370458754232
9718,0.00011058771697954379
9719,0.0003196984439114092
9720,4.8293020277351196e-05
9721,0.0017479992211427342
9722,1.7045102497599353e-05
9723,0.00018779463090575678
9724,4.0997812273045524e-05
9725,0.9839939033055337
9726,0.00027729998839176394
9727,0.00045652666230765546
9728,0.00013745578548252104
9729,0.00034068895970126704
9730,0.00025895199959257955
9731,0.0001048194825634177
9732,0.00013849189609663204
9733,0.00021930961588277015
9734,5.201572960008469e-05
9735,0.0013120199607632467
9736,0.00011608123084444182
9737,5.3740669475706165e-05
9738,1.468647286162864e-05
9739,4.396076963012537e-05
9740,0.0006037638812157991
9741,0.0003690574675362652
9742,0.0003319024723487043
9743,4.508784760729257e-05
9744,0.0008577582309523329
9745,0.004111089043292513
9746,0.9977229746436928
9747,0.0036003665142138566
9748,0.9986242044897767
9749,0.9157933380066179
9750,0.9984709212852463
9751,0.9985691428230382
9752,0.9978171800051985
9753,0.9982156002809068
9754,0.9965144996199774
9755,0.9975355968361768
9756,0.9936160158554674
9757,0.9970418305328301
9758,0.00014841104943942625
9759,0.9975740861139937
9760,0.9987116993376732
9761,0.9924180650576784
9762,0.9930409872994036
9763,0.9977746821629634
9764,0.9992037283324403
9765,0.9934504338596699
9766,0.9987303517018215
9767,0.9982659646076312
9768,0.9972328236183814
9769,0.9985872404517632
9770,0.9987119386294813
9771,0.9977124275223853
9772,0.9980207128159874
9773,0.9877076971901351
9774,0.9957607880596152
9775,0.7315615621981001
9776,0.00010991367016941095
9777,0.00014843522408309064
9778,2.7680400022383368e-05
9779,0.00013159558226194038
9780,0.00013912245439598285
9781,0.9993036481850939
9782,0.9989820715846407
9783,0.9985298104131368
9784,0.9992169027703957
9785,0.99815570165007
9786,0.9965922127392164
9787,0.9982308075439499
9788,0.9991538836823072
9789,0.99678510475755
9790,0.998069913837878
9791,0.9990061182111548
9792,0.997973095007804
9793,0.9871712349003438
9794,0.9986037608947888
9795,0.998452181977584
9796,0.9971748996894114
9797,0.9941670104517972
9798,0.00018788084449854713
9799,1.047550209624653e-05
9800,0.00013599773270818745
9801,0.0007321422574171103
9802,0.0006088685798866433
9803,0.00029173307779149576
9804,8.37623487611319e-05
9805,0.0002817806154032948
9806,7.146349562619528e-05
9807,0.9987184268376804
9808,0.9990222860812403
9809,0.9985842834195632
9810,0.9971751879148743
9811,0.9985963146488973
9812,0.9990637116580633
9813,0.9958586220360649
9814,0.9994399474022071
9815,0.9993296433557397
9816,0.9990281447777557
9817,0.997125908206545
9818,0.9987006627112187
9819,0.9994203725600076
9820,0.998646248388889
9821,4.295978244659177e-05
9822,0.0005471652017621325
9823,9.377845774100143e-05
9824,0.9993832813013765
9825,0.9993284218919908
9826,0.9978579184599958
9827,0.9975965198258858
9828,0.9986324576794882
9829,0.9968866661135436
9830,0.996740011721129
9831,0.9956184352626977
9832,0.9960103129175506
9833,0.9991122074845934
9834,0.9982846609558331
9835,0.9966717707196558
9836,0.997894938677534
9837,0.999056731291057
9838,0.004470057002342639
9839,3.944537948193235e-05
9840,0.0015894528540853121
9841,0.002544496484013423
9842,5.7474764551310695e-05
9843,4.892976215867585e-05
9844,5.49772564558117e-05
9845,0.0003818736753393279
9846,0.9989371664361243
9847,0.9987203711862076
9848,0.9991112423067602
9849,0.9987103035310647
9850,0.9953469280035161
9851,0.9928703888605637
9852,0.9939973520216323
9853,0.9975766379644301
9854,0.9986161857309112
9855,0.9987549168497759
9856,0.9988720911300153
9857,0.9964766769108809
9858,4.1515838439076676e-05
9859,0.00010319106772682162
9860,2.9145319017051355e-05
9861,0.9874121882971024
9862,0.9991606100916877
9863,0.9985195419270667
9864,0.9973565180910628
9865,0.9982195989340616
9866,0.000931165516058116
9867,0.9963645157671344
9868,0.9991811580486251
9869,0.0068476180620213
9870,0.010625902403271128
9871,5.820061325499001e-06
9872,6.838051235548087e-05
9873,6.087996022528029e-05
9874,0.00024825434172835416
9875,0.00025767376302057395
9876,0.00017223454895957062
9877,0.9874255556345928
9878,0.9963132196245087
9879,0.9855740186519801
9880,0.9985036109709264
9881,0.0005267457773970067
9882,0.9991387583382576
9883,0.9969375507406716
9884,0.9992208008062374
9885,0.9974212168841893
9886,0.9953404814539151
9887,0.9983022405263429
9888,0.9961243684869956
9889,0.9982271686749966
9890,0.9990218893769862
9891,0.9992329718754807
9892,0.999054949714456
9893,0.0009468491190046317
9894,3.386320612019295e-05
9895,0.0004842216356828202
9896,0.0024023107303740607
9897,0.00012463941641218434
9898,0.9935655949091391
9899,0.9948378739413626
9900,0.9931258600918578
9901,0.9852499906855935
9902,0.9978899242203939
9903,0.9982933252502846
9904,0.9903357866888484
9905,0.0004909303692817003
9906,0.9985702377527281
9907,0.9990033135729438
9908,0.002392907868527546
9909,0.9983802049638044
9910,0.998312469500426
9911,0.9990406395887914
9912,0.9883191690204844
9913,0.0001841896162596732
9914,0.9920342332563314
9915,0.0005915160611973436
9916,0.9876795202895815
9917,0.0013975320690013098
9918,4.29582343907163e-05
9919,0.0001206128110091622
9920,0.9971517639663849
9921,0.9981419837042733
9922,0.9991718592828724
9923,0.9991871840638425
9924,9.492633082133088e-05
9925,0.9981906236976564
9926,0.998564201395939
9927,0.9989476668291674
9928,0.9974203119241958
9929,4.177897083460692e-05
9930,0.00018109461697574146
9931,0.9990799950245184
9932,0.9984058527371488
9933,0.9978763444142595
9934,0.9968855548756178
9935,0.9982862410397036
9936,3.458898285769405e-05
9937,0.9992589056366808
9938,0.00838366672743169
9939,0.00025552790017550496
9940,0.0004588682240903344
9941,0.0003842078382827097
9942,0.0019155043054245623
9943,8.670912799975988e-05
9944,0.9995684051442394
9945,0.0001137764043164898
9946,0.9982935126170147
9947,0.9987225150035579
9948,0.9994996713009014
9949,0.9985996407569045
9950,0.006990735680874315
9951,8.581551892314362e-05
9952,0.9988534013043943
9953,0.9979974134600319
9954,0.9983867026736274
9955,0.0001558132417034615
9956,0.9978578107087923
9957,0.9988649506418235
9958,0.9984553248567076
9959,0.0005073048081156105
9960,0.998549050520168
9961,0.0002778212296619721
9962,0.9967765686208204
9963,0.0007816690397740166
9964,0.9991832025194111
9965,0.9920422113372461
9966,0.999476044228251
9967,0.9985298059122678
9968,0.0013262098362932634
9969,0.999113832940505
9970,6.294769364413977e-05
9971,0.0006168499214483343
9972,0.9653166495159603
9973,0.004700058407551628
9974,0.9987236651180825
9975,0.9991627768680862
9976,0.9983583213252383
9977,0.997833792423173
9978,0.9965633731304018
9979,2.7619464094256058e-05
9980,0.9967051652502903
9981,3.484913920974142e-05
9982,0.9986893451462163
9983,0.9987553752923992
9984,0.9976577142439258
9985,0.9993540318201616
9986,0.9971397490784555
9987,0.9983173215580681
9988,0.9978791587702464
9989,0.9988141113743114
9990,0.999171871112605
9991,0.9972029138676902
9992,0.9956685492444829
9993,0.9915904386879815
9994,0.999629019736766
9995,0.00011586679946838805
9996,0.9978889923105175
9997,0.0001601902339614491
9998,3.4473439522920955e-05
9999,0.00034781709194350277
10000,0.9941347831288792
10001,0.00019170002943162944
10002,0.9989644201494561
10003,0.9990028870410839
10004,9.658747306911542e-05
10005,0.9987730557823438
10006,0.9991534312172227
10007,0.9987502170090672
10008,0.0014261125770331777
10009,0.9912011646600604
10010,0.9984143231229966
10011,0.998897446222569
10012,0.9953882468747758
10013,0.9986859687587494
10014,0.9985232660890415
10015,3.191213501065331e-05
10016,0.9982375636862981
10017,2.8568846847480095e-05
10018,0.9995059069561469
10019,0.00017125690719932288
10020,5.4377638416195354e-05
10021,0.9991652480257402
10022,0.9985187900690162
10023,0.9971645967903399
10024,0.00019952784302904912
10025,8.064301615463813e-05
10026,0.9973147565170306
10027,8.035519765942668e-05
10028,3.772644862147709e-05
10029,8.194163836975595e-05
10030,3.5138493732629496e-05
10031,0.0006462966661211676
10032,0.0011346356892401224
10033,2.3043500547006285e-05
10034,1.5926361663335655e-05
10035,0.000435438676192477
10036,0.00012968828925801292
10037,0.999538492945143
10038,0.9641829489533645
10039,0.9990912777594309
10040,0.9982763056261392
10041,0.9992079258228199
10042,0.9959930933388852
10043,0.9983319103329256
10044,0.9989658824259183
10045,0.9988941508877155
10046,0.9902741603966477
10047,3.5609040532195585e-05
10048,0.9991914057588197
10049,0.998563752612419
10050,0.9990287719888414
10051,0.0012500040687106497
10052,0.0017726163074783887
10053,7.376185920510827e-05
10054,5.944050742936856e-05
10055,5.335196382854078e-05
10056,0.00014861941183431026
10057,0.0018261091595774138
10058,0.9994440741261996
10059,0.0004969374125912628
10060,2.5148937541051186e-05
10061,4.7607237343384204e-05
10062,0.0003718754756007729
10063,0.9990936906381489
10064,0.0002252714990434036
10065,0.9993037813457116
10066,0.9992968872557662
10067,0.0008689303163481559
10068,0.9818153786478477
10069,0.12162784097368241
10070,0.00017281971488867698
10071,0.9959063199632763
10072,0.00015773765545649165
10073,0.0007465880855735886
10074,0.0016286891887225255
10075,0.0012998814217026816
10076,0.9947833191924184
10077,0.9989249850011629
10078,0.9971688995057051
10079,0.0004234307656024895
10080,0.9989530423562271
10081,0.9976519290748822
10082,0.9981235504455138
10083,0.001186552467648168
10084,0.008735163872949061
10085,0.0001561115149016425
10086,0.0002832546197283103
10087,0.0002849592853432013
10088,0.022663061051114628
10089,0.0005397066077963811
10090,0.000545323560727709
10091,0.0004061071425079662
10092,0.0009970920989985773
10093,0.0002107056599222478
10094,0.9974803185093647
10095,0.9979304166988573
10096,0.9689105432123344
10097,0.9975090221287896
10098,0.9900275529945247
10099,0.9957099410623279
10100,0.9961258823445149
10101,0.0007680376267878107
10102,0.0006211831558405712
10103,0.0008459220677125631
10104,0.9977723154679833
10105,5.722570118886505e-05
10106,0.9957985036411418
10107,0.9627590707273956
10108,0.0011882351513141038
10109,0.0007399353908060584
10110,0.871191024799552
10111,0.9984668141180278
10112,0.0020446324783828804
10113,0.00029550750038184704
10114,0.00032089813417517625
10115,0.001949148544983247
10116,0.00020995001583463228
10117,0.00025262365476734
10118,0.00030242927094411957
10119,0.0003271135870147939
10120,0.0008923230614106419
10121,0.0002806831851170844
10122,0.0013147356144519466
10123,0.00017284347207326923
10124,0.0004094838853687247
10125,5.1546288190037864e-06
10126,0.9978172219145234
10127,0.9934774638616116
10128,0.9983053965692946
10129,0.9987701573769909
10130,0.9974610503554464
10131,0.0005044775484424401
10132,0.0008931342634568757
10133,0.001101732252083135
10134,0.5410986460515284
10135,0.997601703530531
10136,0.00019970590073238814
10137,0.0002892418868929527
10138,0.0020534280612416102
10139,0.00015327011045467836
10140,3.8363573172289455e-05
10141,9.605029536894e-05
10142,0.00035563046627104294
10143,0.0002970346215972398
10144,0.0005937239163171899
10145,0.0005377225562586686
10146,0.002009577701343462
10147,0.8777813715618578
10148,0.0005546910122559117
10149,0.0006246988007698653
10150,0.00014207855788094792
10151,0.0002220905434185575
10152,0.0013972231522688654
10153,0.0004107547073297739
10154,0.002074536897673988
10155,0.0007834105305120892
10156,0.9970847711767725
10157,0.9995328776138962
10158,0.9979102220955546
10159,6.50639120813969e-07
10160,0.0002854606912432321
10161,0.0004541113098577299
10162,0.00092473986263093
10163,0.0003128832340244039
10164,0.9991242069024562
10165,0.9815527347203692
10166,0.0005009118393613462
10167,5.43219387794071e-05
10168,1.2058262067711289e-05
10169,0.00043272172303240555
10170,0.0007681763831583015
10171,0.0009223019855721128
10172,0.0013204924518993488
10173,0.0011476222725689798
10174,0.0005848245854402253
10175,0.003788272553964447
10176,0.9960118915709959
10177,0.9976923055500946
10178,0.014353829672170084
10179,0.0016569821672389315
10180,0.0003142083092932788
10181,0.0005719141152783721
10182,0.0001333539080407665
10183,0.0006903825871714955
10184,8.105498270380893e-05
10185,6.616499617093044e-05
10186,0.0005697039317820609
10187,0.000573710340224262
10188,0.00018334174330439382
10189,0.0007954952226213247
10190,0.0006430898850593935
10191,0.0012367212471316622
10192,0.003051223042387428
10193,0.00018010270888055922
10194,0.0026210818071495784
10195,0.0004558622060573464
10196,7.59335194380703e-05
10197,0.0005391800391298042
10198,2.629964370068596e-05
10199,0.0012330285990841026
10200,8.62935714978589e-05
10201,2.3673840373420807e-05
10202,6.423973706867506e-05
10203,0.002525431167955003
10204,0.0010449132812567453
10205,0.00047007411538791934
10206,0.00254003961782743
10207,0.00023050141612870222
10208,0.000507154716448491
10209,0.0051179834348838065
10210,0.00047304073272549935
10211,0.0001814164143849854
10212,0.00017023798692708395
10213,0.004522233309651172
10214,0.0008801942186568812
10215,7.717026015083292e-06
10216,0.0007013481694565718
10217,0.0014011678088434345
10218,3.619078902017769e-05
10219,0.9032958185033834
10220,0.0001665656118291081
10221,0.0029672027607900472
10222,0.1883078313719238
10223,0.001128182586771069
10224,0.0005322897231825533
10225,0.9914452787621079
10226,0.00034778926060289087
10227,5.1750993685293606e-05
10228,0.0003712286732052673
10229,0.012455505762094705
10230,7.2879919774546495e-06
10231,0.00040267961307901895
10232,0.002711944950703675
10233,0.000917791243630625
10234,1.7382513124770372e-06
10235,0.0010130435589979145
10236,8.240097926977411e-05
10237,0.0006730263847376126
10238,0.0019607562337926646
10239,0.001203670920204791
10240,0.00034462379748411017
10241,0.00229202147933529
10242,0.00022386809420070565
10243,0.00027230781469390273
10244,0.0004447013718752405
10245,0.00028545325670276497
10246,0.001276914887724186
10247,0.0005705819560509116
10248,0.0016165710141085256
10249,0.003160157229106375
10250,8.891288866933914e-05
10251,0.00032220619407600083
10252,0.0007609198144520605
10253,0.00010532920370541582
10254,0.0008160412408145572
10255,0.0004015628841998633
10256,0.0003951133280657686
10257,0.002266691070613611
10258,0.0009364043699421426
10259,0.004850146311395065
10260,0.0018323954696671445
10261,0.0008002627594007394
10262,0.001088546552414938
10263,0.997157257343461
10264,0.9988219954024734
10265,0.9986177042011356
10266,0.9989564193564537
10267,0.9752325856920786
10268,0.9800458162575995
10269,0.9994900891712404
10270,0.9990747630959058
10271,0.9987938168014322
10272,0.9979376668505987
10273,0.9977649984909678
10274,0.9974323583203086
10275,0.9968876713216401
10276,0.9867882722224156
10277,0.9859852510506691
10278,0.9980003389426313
10279,0.9908040393362191
10280,0.9995795114751408
10281,0.9676773933860506
10282,0.9966331276383402
10283,0.9982012247208485
10284,0.9971574375117092
10285,0.9737093069992749
10286,0.9928365713819219
10287,0.9989789495890927
10288,0.9963240053613839
10289,0.9963993369106356
10290,0.9740593256615916
10291,0.9988110875480516
10292,0.9989569946019431
10293,0.9983194943793293
10294,0.9959200220549267
10295,0.9989869795115199
10296,0.4230228029735785
10297,0.9983518392679912
10298,0.9692576970746809
10299,0.9963340971725482
10300,0.9911972540893589
10301,0.9980546009017829
10302,0.9984639967524797
10303,0.9862584232722166
10304,0.9986599191065976
10305,0.9917418499760777
10306,0.9992839919709993
10307,0.9986811967684568
10308,0.9978605791286285
10309,0.9978319401602932
10310,0.9988739997089768
10311,0.9991970948645171
10312,0.9975173351092075
10313,0.9979681869903549
10314,0.9987966293489334
10315,0.9939187957992413
10316,0.9928188536954379
10317,0.0018278539602973193
10318,0.9968234004028143
10319,0.9947425797627684
10320,0.9978945755004991
10321,2.02518227278305e-06
10322,0.00040094318536926276
10323,0.008372863110030788
10324,0.5225779059881959
10325,0.00200458981089612
10326,0.0007406644211041954
10327,0.00018181483722082842
10328,0.000300752379439479
10329,0.0003428936809006066
10330,0.0011714148778742392
10331,0.001330420408842712
10332,0.004847328256725185
10333,0.0007412652249883852
10334,2.2779864785967562e-06
10335,0.00015122428253467837
10336,0.9950562995647553
10337,0.9918043687692732
10338,0.002025956170217058
10339,0.9988641326828689
10340,0.9968285376868097
10341,9.373426821329448e-05
10342,0.9983697907591753
10343,0.00014641435870328893
10344,0.9992720673989507
10345,0.0008973104864424008
10346,0.0019589695571388265
10347,0.0017932280698097671
10348,0.010128110114791887
10349,0.0024089499066938446
10350,0.00026185875263490667
10351,0.0024019873936570067
10352,0.0020788230993924618
10353,0.9990127983086711
10354,0.9859002203318523
10355,0.9963043233133522
10356,0.999172752313642
10357,0.9978116030267657
10358,0.0008452084012675636
10359,0.0009662355756942041
10360,0.0006368505288558407
10361,0.0001540443530166718
10362,0.0007739038849307642
10363,0.0007413734815425563
10364,0.002650469761818767
10365,0.9798780391924241
10366,0.9974848815717627
10367,0.998186533049174
10368,0.00021834166280935462
10369,0.000624401721953585
10370,0.9989719211606449
10371,0.9980239662315499
10372,0.00017281971488867698
10373,6.735127710541516e-06
10374,4.553011379642678e-05
10375,0.0005717774774772914
10376,0.9955309320871465
10377,0.9979504391931855
10378,0.9775313987887984
10379,0.9988948111631292
10380,0.0006515710452223297
10381,0.0013555287249315112
10382,0.0024280839672299733
10383,0.9834283314080458
10384,0.0012066453533175316
10385,0.02528834201999164
10386,0.0003594493499714591
10387,0.9986168146783809
10388,0.0002783493129472828
10389,0.00022073736258036348
10390,0.9976869761663195
10391,0.0008097921476001005
10392,0.00010166768287985447
10393,0.00010096738517949846
10394,0.0015439887728346594
10395,0.0004996471099311343
10396,0.0014655098500008631
10397,0.0016901617210666874
10398,7.822988659763917e-06
10399,0.0005365498593347304
10400,0.00019132434064810137
10401,0.003431436108722905
10402,0.00011686846783667847
10403,0.022277149146180043
10404,0.00020185675256210057
10405,5.083620552392255e-05
10406,0.9842685185395526
10407,0.000258581028127874
10408,6.028250739064447e-05
10409,0.0021294895329180773
10410,0.015301305673844802
10411,0.0003282354884473127
10412,0.2664319714373546
10413,0.001224466191107888
10414,0.0010925716422890194
10415,0.0009745954743040611
10416,0.00040600813452090317
10417,0.0036558509380126463
10418,0.00012044110234826412
10419,0.0013532656566425684
10420,0.0004557742468648828
10421,0.0009164025644793054
10422,0.00036536280482407304
10423,0.00013828436644404516
10424,0.00013280754184147038
10425,0.0003779174292132622
10426,0.0013683082664313582
10427,0.0006239343057132891
10428,0.00021081748318456893
10429,0.001270955464422817
10430,0.00048691366665262704
10431,0.0009491996973066043
10432,0.0024341826573800428
10433,0.00036393128969237497
10434,0.9941990528605859
10435,0.0018102499254253725
10436,1.3264415932710729e-05
10437,0.00011918304888324745
10438,1.1943917277800099e-05
10439,6.130381699022942e-05
10440,0.0038221678240330467
10441,0.001273878495044884
10442,0.0003448006816598644
10443,0.9987160267748453
10444,0.0005344359374880431
10445,4.812850758134473e-05
10446,0.00017005442885985127
10447,0.0037398781550471824
10448,0.0013049734582371206
10449,0.0010255911497951396
10450,0.00044226506108119745
10451,0.008825156402807663
10452,0.0006628871514920821
10453,0.0031104612492817408
10454,0.00034861600632698326
10455,0.0002602600446840376
10456,0.0003554948924469333
10457,0.0002953542975188349
10458,0.0007974791411042076
10459,0.0018656644799378774
10460,0.002376976646818762
10461,0.0031028006801566786
10462,0.001262036126701123
10463,0.0007641889141506043
10464,7.750577856435426e-05
10465,0.0012292567105103057
10466,0.002854049060041649
10467,0.00014410859419897106
10468,0.000253676143898038
10469,0.00018115407131754073
10470,0.000330023276968358
10471,0.000868009530275892
10472,0.00038883898204734727
10473,0.00026981695034031657
10474,0.00181286044470423
10475,0.0007940921830509179
10476,0.020400577859766546
10477,0.0008295900948072829
10478,0.005168367229936657
10479,0.0007734136174482219
10480,0.0032009880147608827
10481,0.0003694130468572625
10482,0.0010066274028949817
10483,0.00036223352222189913
10484,0.0004232960378482536
10485,0.0013276598441524915
10486,0.0011430991464762362
10487,0.9990235521132637
10488,0.990174177439043
10489,0.9987549168497759
10490,0.9976123504752326
10491,0.0008966976383369542
10492,0.9993933081818596
10493,0.0007666898362407842
10494,0.9990637604889813
10495,0.9980433444849764
10496,0.9888720503993028
10497,0.9985434630738139
10498,0.9974212738238872
10499,0.9988525959109684
10500,0.9986585531633434
10501,0.9977127584460566
10502,0.9957547017061995
10503,0.00019726580920138343
10504,0.9987816062792612
10505,0.9985096371633828
10506,0.9993624506604285
10507,0.997552130644438
10508,0.9923763716292205
10509,0.9995725161321178
10510,0.9983194774580985
10511,0.9963816755076635
10512,0.9991680754457131
10513,0.99927642770038
10514,0.9986496104231473
10515,0.9990404816927093
10516,0.9978752831453416
10517,0.9908254409963255
10518,0.9979517797848735
10519,0.9971712037719483
10520,0.9983966548727234
10521,0.9989142568219735
10522,0.997997084980729
10523,0.9984991440570248
10524,0.9925702577748605
10525,0.9971718380014167
10526,0.9993504794633103
10527,0.9983184510561519
10528,0.9991134090130448
10529,0.9988835924724253
10530,0.9981941218237933
10531,0.9980971920672658
10532,0.9982301377054174
10533,0.9960755205931368
10534,0.9979083247936528
10535,0.9987727469759201
10536,0.9993913154890621
10537,0.9654484997476994
10538,0.9973435977767136
10539,0.9951149113186676
10540,0.9945381545535634
10541,0.9989301156973655
10542,0.9978080534817023
10543,0.9958756759204209
10544,0.9996061713871646
10545,0.9969769811537259
10546,0.9853674648206252
10547,0.9988241272870738
10548,0.9993866696072353
10549,0.004938762052904379
10550,0.998953569243219
10551,0.9988677501954295
10552,0.9138664780881155
10553,0.997792867934444
10554,0.9955732712514287
10555,0.9971676383488982
10556,0.9992301928211259
10557,0.9982288927904857
10558,0.9987859453761381
10559,0.9963302249122727
10560,0.9641396237864526
10561,0.9982806301697854
10562,0.9988433295121416
10563,0.9983916040355807
10564,0.999125477204956
10565,0.9991906995284158
10566,0.99751402669875
10567,0.9992906253364422
10568,0.9960967547881069
10569,0.9996320109153873
10570,0.99873201458753
10571,0.9991354537748237
10572,0.9994245268609142
10573,0.9989913498526801
10574,0.9993650975232508
10575,0.9973470136351008
10576,0.9992216231153956
10577,0.9989559832428678
10578,0.9993314832595187
10579,0.9985589724158395
10580,0.971476935374489
10581,0.9979978674591592
10582,0.9988456064514657
10583,0.9812343548248119
10584,0.9956108957989369
10585,0.9993105363113776
10586,0.9986329608242365
10587,0.9918848861015787
10588,0.9974050341305358
10589,0.9977900992858719
10590,0.99478042503451
10591,0.9964563742228429
10592,0.9989527200222204
10593,0.9981974738798509
10594,0.9992182133418196
10595,0.9990575207693787
10596,0.9992881530438252
10597,0.997536341507724
10598,0.9985108052846438
10599,0.9985546987684369
10600,0.9989224925221057
10601,0.9983390053607671
10602,0.9992401509005375
10603,0.9987669245131658
10604,0.9989360918935868
10605,0.9993288444538483
10606,0.9934609909959613
10607,0.9991407696027831
10608,0.9995994274894251
10609,0.9958565921175885
10610,0.9995139715728549
10611,0.9986657899256695
10612,0.9957265845341049
10613,0.9922943146535643
10614,0.9994495183805213
10615,0.99875724082691
10616,0.9977707194873006
10617,0.04518287306926511
10618,0.0004888946914136015
10619,0.00015927634686813748
10620,0.000991868011069385
10621,0.0033521659341831734
10622,0.0002651575957961477
10623,0.00016734000094943672
10624,0.9988262229256174
10625,0.9989559159698224
10626,0.9988232205638229
10627,0.9991571045617333
10628,0.9996043145783373
10629,0.9988214979217622
10630,0.9967521232272635
10631,0.9988468911936903
10632,0.9972254700983811
10633,0.9966771816359015
10634,0.9981581291994926
10635,0.998134414335505
10636,0.9978643065151116
10637,0.9982038521501334
10638,0.9979299198991579
10639,0.9983677388294601
10640,0.9996894257022507
10641,0.99832525046982
10642,0.9977069268665605
10643,0.9757972184953212
10644,0.9903866414401515
10645,0.9985781374402581
10646,0.9976402865524023
10647,0.9982858658286499
10648,0.9992562140020205
10649,0.9907370575552403
10650,3.498864086500533e-05
10651,0.00043581005694909823
10652,0.0002017096026868882
10653,0.0002791655125153589
10654,0.000193977431794087
10655,0.9950061958192606
10656,0.9989230484929772
10657,0.99617938429871
10658,0.9993024529373377
10659,0.9985127130450527
10660,0.9956962718625977
10661,0.00013689562268687596
10662,0.989532919393221
10663,0.998340657407717
10664,0.9990980082061361
10665,0.00048712398691240597
10666,0.00011227507072049153
10667,0.9988369712238389
10668,0.9985338140952176
10669,0.9985778548625011
10670,0.9978832656489962
10671,0.9729867096037095
10672,0.9941598279136362
10673,0.009833207508540694
10674,0.05636303960832911
10675,0.9993969501745728
10676,0.999412107639627
10677,0.9996443814174673
10678,0.9994561791220625
10679,0.0016241127087016796
10680,0.9986106122466282
10681,0.9968810506454964
10682,0.00028383373473303314
10683,0.0004303672784105748
10684,0.9980545503136605
10685,0.9996628693232948
10686,0.002290544481928078
10687,0.9990107095891922
10688,0.002848509334448447
10689,0.019876003383531907
10690,0.9986747884195379
10691,0.9983496146149761
10692,0.9989602705103344
10693,0.9972097982931767
10694,0.9991066081694822
10695,0.999477861311225
10696,0.9980115850015757
10697,0.9983801979356407
10698,0.9964466965131544
10699,0.9991562634355153
10700,0.0005223955594417082
10701,0.9992314937637772
10702,0.9974262512482889
10703,0.9975974752850402
10704,0.0005370188994863831
10705,0.9994183705507409
10706,0.9977794670429918
10707,0.995093639049427
10708,0.9957482431114669
10709,0.9943364786592753
10710,0.0004688914878344072
10711,0.9989070306389868
10712,0.9984400336567057
10713,0.9996167137350893
10714,0.9989432005610103
10715,1.5959414862110012e-05
10716,0.001011076178715147
10717,0.0038481014227698604
10718,0.00511396454444863
10719,0.0007195762629625316
10720,0.00029139796198152253
10721,0.00033640479177900884
10722,0.0015151398384170133
10723,0.003352054266640126
10724,0.9946141734405237
10725,0.0002247257164951163
10726,0.0001637321222354819
10727,0.0007910835596204655
10728,0.9979899626024203
10729,0.9984633123786167
10730,0.00016935060049917832
10731,0.0012085870164992418
10732,0.08003502192699383
10733,0.00026678646714126987
10734,0.10932191621702993
10735,0.0006434564823468612
10736,0.001665369945025229
10737,0.0011343533418817144
10738,0.002937244135070052
10739,0.00030898873787537224
10740,0.00066259231655261
10741,4.371974031747549e-05
10742,0.00016879456777837593
10743,0.9989487369390742
10744,0.9990984985907448
10745,0.00021205801475527008
10746,0.9978844621929872
10747,0.0006568296708798716
10748,0.00019762434559821804
10749,0.00036445012349970617
10750,0.0005839913653738434
10751,0.003101580792809419
10752,0.0003024969505729113
10753,0.0010357108756782053
10754,0.003742966676523111
10755,0.009331492172758476
10756,0.00012691446477048135
10757,0.9994572233822242
10758,0.9977004828859967
10759,0.9972052264038936
10760,3.537731978230646e-05
10761,0.0016645915786143344
10762,0.0006819505489985672
10763,0.9992151209535424
10764,0.9964575495274405
10765,0.08215547607704261
10766,0.9989959349061167
10767,0.9919297917053145
10768,0.9845332282919751
10769,0.9966570897114274
10770,0.9953140841000349
10771,0.00048176326628176434
10772,0.0009201646262047655
10773,0.3920009853665644
10774,0.0003556955861752969
10775,5.318126512874719e-05
10776,0.022632759990204677
10777,0.00010046315856664343
10778,0.0008617009145881268
10779,4.441308820529017e-05
10780,0.0004201232603563611
10781,9.260313987830444e-05
10782,0.00016079791114766002
10783,0.0003865234058542054
10784,0.0014873744907435693
10785,0.0007517445039190094
10786,0.10586503508437291
10787,0.0007526799674115616
10788,0.0003216631967885631
10789,0.003942654368613016
10790,0.0014406741031843557
10791,0.0001125505335084228
10792,9.642200284092279e-05
10793,0.0009157483086326994
10794,0.00039952194312478125
10795,8.240097926977411e-05
10796,0.003081967615373994
10797,0.00011249621916920072
10798,0.0003322897007347501
10799,0.0019113556681944607
10800,7.208316788654934e-05
10801,0.012074559032691551
10802,0.0011264343452657758
10803,1.288508747554133e-05
10804,0.0006029642736813355
10805,0.9759541047130599
10806,0.0011851442236440123
10807,0.00022800120887191702
10808,6.547422757899034e-06
10809,0.0002805941838321957
10810,0.001084420224022534
10811,0.00011520597675036502
10812,0.00013058026835209005
10813,0.00028614823456492495
10814,0.0006005756832063355
10815,0.9397569857345548
10816,0.0009472855606836108
10817,0.00040237165113698846
10818,0.00023327428563695525
10819,0.0002573470416698426
10820,0.0009564026189349989
10821,0.0009368560214293398
10822,0.016432307169701475
10823,0.00021075158851879215
10824,0.00019762434559821804
10825,0.09173769253039649
10826,0.6546606337126305
10827,0.0002998238309234767
10828,8.699667733856058e-05
10829,0.0011453759697850005
10830,0.0001096018630350111
10831,0.00012925128655786708
10832,0.0006233078833483159
10833,0.007666576003021101
10834,0.0018344643571967794
10835,0.0001313002600388586
10836,0.0007201930892913962
10837,0.04793397865426992
10838,0.0014656652706170766
10839,3.610087430018366e-05
10840,0.001090732088362217
10841,0.00031970309446159096
10842,0.0010806334033229856
10843,0.004040172080749838
10844,3.528277628182824e-05
10845,0.0007334267085960085
10846,8.631795635627817e-05
10847,0.0038449796970711834
10848,0.0016916605592248372
10849,8.150806321178766e-05
10850,0.006444052807505893
10851,0.018699050428581433
10852,0.0019208482492938082
10853,0.0002779938624518854
10854,0.00043110756876462607
10855,0.0006199239656490871
10856,0.0010115278740156094
10857,0.00011839522919767366
10858,0.001956063980707484
10859,0.0009872800456176647
10860,0.0005065000282832826
10861,0.0001871038279138998
10862,0.0011222984346606739
10863,0.9939688155739788
10864,0.9990751150939233
10865,0.0015435188785317237
10866,0.9990419855147683
10867,0.003029389953166792
10868,0.9995928300803777
10869,0.9986960590611569
10870,0.9737223368519461
10871,0.9993445364788658
10872,0.9990880643682831
10873,0.9994818892987013
10874,0.9967076906727705
10875,0.9974520576888547
10876,0.9981723957268394
10877,0.9993021852930409
10878,0.9971435005133266
10879,0.9996687329826814
10880,0.9946614826891617
10881,0.9995949905200852
10882,0.9992250135432404
10883,0.9974403598104084
10884,0.9982108569841679
10885,0.9991734284873868
10886,0.9989807656313545
10887,0.9982424917578508
10888,0.9843258242312769
10889,0.9992074809523666
10890,0.9990184171553232
10891,0.9996295219125041
10892,0.9986747884195379
10893,0.9995245164142523
10894,0.9917675271671594
10895,0.9993262831933103
10896,0.9958592569900862
10897,0.9896190854417667
10898,0.9949090005131974
10899,0.9970219516954886
10900,0.99261080842669
10901,0.9989952344545772
10902,0.999014068784705
10903,0.9992416044698796
10904,0.9986512637777512
10905,0.9985469369107672
10906,0.9967395894962038
10907,0.9991861910443304
10908,0.9992737230737291
10909,0.9844523094724977
10910,0.9969964874586869
10911,0.9987998209328796
10912,0.9994157880315897
10913,0.9984596288989462
10914,0.9991541140895328
10915,0.9989869795115199
10916,0.9046664102287405
10917,0.9977854116505018
10918,0.9975014461038254
10919,0.998738907940688
10920,0.9952548998773306
10921,0.9967752419882652
10922,0.9989689087035372
10923,0.0008492482592516999
10924,0.9993855369568281
10925,0.9986599191065976
10926,0.9994562415683224
10927,0.9988177862364362
10928,0.9980412173927659
10929,0.9990701008448105
10930,0.9993845829836743
10931,0.0006012523385008478
10932,0.999390939553988
10933,0.9985456828108574
10934,0.9989860179177259
10935,0.9992768878936784
10936,0.999557239560898
10937,0.9993738937712805
10938,0.9350215157905349
10939,0.993815230845579
10940,0.9990091843767436
10941,0.9968152751294528
10942,0.9903444094532116
10943,0.9975116535914818
10944,0.9957166641551023
10945,0.9981848549097947
10946,0.9840356976846606
10947,0.9949534758916659
10948,0.993746129570162
10949,0.9984664130122769
10950,0.9990669617621983
10951,0.9984407810806527
10952,0.999136177877664
10953,0.9984771391255531
10954,0.9984650148429889
10955,0.9988471970103054
10956,0.999062303141755
10957,0.9988763363006837
10958,0.9972214725243964
10959,0.9971790906229278
10960,0.9980310393957113
10961,0.9979882532746481
10962,0.9981110306091329
10963,0.9995013373845023
10964,0.9991752184226683
10965,0.9972685154015885
10966,0.9973691214315025
10967,0.9857951716812605
10968,0.9990749977133268
10969,0.9988118908939609
10970,0.9995750776905352
10971,0.9985565394606218
10972,0.997136078935
10973,0.9986129591719402
10974,0.9967447401067367
10975,0.9918419192758358
10976,0.999421315646218
10977,0.9992204330075038
10978,0.9953150958361842
10979,0.9988530442199518
10980,0.9994840018644745
10981,0.9989076901303972
10982,0.997811598562769
10983,0.9991236513086592
10984,0.9982197908435172
10985,0.9969062338713954
10986,0.9915831127775707
10987,0.9975513098162789
10988,0.9990880643682831
10989,0.9992608967201176
10990,0.9977874682663831
10991,0.9993409108405922
10992,0.9975927888140764
10993,0.9993156124181486
10994,0.9991980206449991
10995,0.9985122990197312
10996,0.9981743998338484
10997,0.9968277503565429
10998,0.9994880623578846
10999,0.9995684863494255
11000,0.9981146230388007
11001,0.9993933081818596
11002,0.002899461581573437
11003,0.0003105841391282964
11004,0.00012886409902415
11005,0.000489547370786384
11006,0.0019121652782538945
11007,0.03970466228157356
11008,0.002417032801868382
11009,0.0010422049586457619
11010,0.001205622119483923
11011,0.9228441267415362
11012,0.0003402737097714693
11013,0.06567016652542412
11014,0.0025818345218054503
11015,0.0013917150983381807
11016,0.0017765591679087653
11017,0.9938072899725027
11018,0.9993886231709523
11019,0.9989477184147645
11020,0.9991001013547279
11021,0.9977812004353231
11022,0.9978201283259114
11023,0.0011484728803107791
11024,0.999331087715003
11025,0.9874542329084695
11026,0.9981321830211645
11027,0.9996347238983917
11028,0.9949307608095168
11029,0.9995239405949298
11030,0.9992878405579323
11031,0.9994736512929643
11032,0.9995060494014892
11033,0.9948410278084435
11034,0.9914295851292526
11035,5.996828771865128e-05
11036,0.0006616446137046786
11037,0.0008102502297689254
11038,0.9936689009137114
11039,0.9975816290059984
11040,0.9968179964775234
11041,0.99940642447742
11042,0.0005467585425744608
11043,0.9931068843394304
11044,0.9993467183956527
11045,0.9974206892801587
11046,0.9991189802044617
11047,0.0005042372407635477
11048,0.9986727790593692
11049,0.0018074350028189554
11050,0.0002257917660946353
11051,0.9993021852930409
11052,0.9994635174013538
11053,0.9978301465234808
11054,0.9938000294672551
11055,0.9992473296660136
11056,0.9987605565836011
11057,6.23236779874283e-05
11058,0.9982402771137966
11059,0.9977463120607821
11060,0.998074558331314
11061,0.9988481276386802
11062,0.9975846495216101
11063,0.9969415939907861
11064,0.9991197422869762
11065,0.9986958927401004
11066,0.9972007635012693
11067,0.9980331051454897
11068,0.9988262229256174
11069,0.995700650496899
11070,0.9985011066897433
11071,0.9992503315644838
11072,0.9992635999442288
11073,0.9976215322906892
11074,0.9960558344792477
11075,0.9949997659843952
11076,0.9956968834726765
11077,0.001854595091653504
11078,0.002153477708540444
11079,0.9932845809793382
11080,0.9992916863065198
11081,0.9992573256568603
11082,0.9994895531563259
11083,0.998605163728074
11084,0.9993031810256634
11085,0.9995664014193257
11086,0.9978902862615004
11087,0.9945768269029112
11088,0.0011295211800893819
11089,0.9897249932354194
11090,0.9996097867670855
11091,0.9995371681647828
11092,0.9994524622306554
11093,0.9989626351030003
11094,0.9924022758193216
11095,0.9965832296212175
11096,0.9983733509622073
11097,0.9994726010370562
11098,0.9977475545094228
11099,0.00935876889050918
11100,0.00032323881424897917
11101,0.0032401350736620312
11102,3.844543463072756e-05
11103,0.0004879039857326393
11104,0.0005802008953242366
11105,0.0010669610617584963
11106,0.9339682026320325
11107,0.0002811647533110031
11108,0.0029864292959880436
11109,0.0002456121172365084
11110,6.828434017996511e-05
11111,1.6318814348437362e-05
11112,8.128072337696119e-05
11113,0.00010121950982248137
11114,0.5460952524047838
11115,4.9861950331672875e-05
11116,0.0009421813137563855
11117,0.0003949152031762471
11118,0.0002824452757891554
11119,0.00930207774906974
11120,7.893181745655162e-05
11121,0.022512262107757225
11122,0.0004407939252493282
11123,0.00032977727919109137
11124,0.005466637715383294
11125,1.4456042894612964e-06
11126,3.9007096581104274e-05
11127,0.00010988010426869998
11128,0.0029284038789416764
11129,3.719609921819615e-05
11130,0.45303469237498856
11131,0.00018414649958894513
11132,9.131114163933261e-05
11133,8.0246609664382e-05
11134,8.111214221801337e-05
11135,0.0001464305962295132
11136,0.0007672724747239604
11137,0.00010738589646913313
11138,1.250000040850108e-05
11139,0.002124618520837742
11140,2.039460325421357e-05
11141,6.565938496593375e-05
11142,0.00030835035956429375
11143,8.750010605666189e-05
11144,0.0001412886867797046
11145,3.729910873628439e-05
11146,3.205763470528617e-05
11147,2.992865416846918e-05
11148,4.1317406139582886e-05
11149,9.691033265467657e-05
11150,3.602221689534309e-05
11151,3.9842928102326494e-05
11152,0.0001271136854808776
11153,0.00015075755853354828
11154,0.0003368014613037943
11155,9.967297957228038e-05
11156,6.278082316117023e-05
11157,0.0008506246092421571
11158,2.408428583128551e-05
11159,3.840109114097384e-05
11160,4.782375547426863e-05
11161,0.00046260919353219255
11162,0.0003731163522680305
11163,0.00015863536012087424
11164,3.681491193365434e-05
11165,0.000150359540816323
11166,7.216481214677894e-05
11167,0.0003255716154205592
11168,3.6132649808384305e-05
11169,0.00013014816247240198
11170,0.00019134117788257787
11171,0.00010081734439702974
11172,6.895777987004366e-05
11173,3.318453243322001e-05
11174,0.0001569953438784636
11175,7.463902238117546e-05
11176,4.1435013922950126e-05
11177,5.277951207572908e-05
11178,0.000791230437238075
11179,0.00019497731192085594
11180,0.00014447945171437715
11181,0.0008288236918210139
11182,0.7805268231549745
11183,6.418757018736104e-05
11184,0.0007950898643984294
11185,0.0014811756319505621
11186,0.00010584179720414207
11187,9.49443378686548e-05
11188,7.141468103218337e-05
11189,0.00021618045324757625
11190,0.00017364827358368814
11191,0.0001350458283560659
11192,0.00037020662338555134
11193,5.442149816474459e-05
11194,0.00011378035690264237
11195,0.00043670860046987923
11196,0.00017397634737930387
11197,8.77083835693119e-05
11198,0.0007816690397740166
11199,5.19042701226539e-05
11200,2.3129394744562157e-05
11201,0.000144344215951609
11202,4.468966641781823e-05
11203,3.770389541893406e-05
11204,0.00033623687050998854
11205,6.112004756234965e-05
11206,0.00017812620752328127
11207,3.0833244419538734e-05
11208,2.7838625814360464e-05
11209,5.4211844794728306e-05
11210,8.245187684610977e-05
11211,0.00033623687050998854
11212,4.2682218564261046e-05
11213,1.9682164286862826e-05
11214,0.00011169884187647633
11215,8.513131463226219e-05
11216,5.924164082612943e-05
11217,6.371119451716874e-05
11218,1.807206708386018e-05
11219,1.881747939863195e-05
11220,0.00011879461381095211
11221,8.245187684610977e-05
11222,9.265849569317204e-05
11223,3.40875307330761e-05
11224,0.000144344215951609
11225,7.169943520560375e-05
11226,1.3104321098606827e-05
11227,0.000144344215951609
11228,4.9102620070652605e-05
11229,4.830306510149336e-05
11230,0.00011855921128102992
11231,6.179817416284337e-05
11232,0.0001591842704131982
11233,0.00017812620752328127
11234,4.60333644804092e-05
11235,0.00010722861775145457
11236,5.944050742936856e-05
11237,4.60333644804092e-05
11238,2.4128104101744298e-05
11239,2.54756059825658e-05
11240,0.00014843568241673105
11241,4.885023456882196e-05
11242,7.410814554558156e-05
11243,0.0005562744214008943
11244,5.0543624025941794e-05
11245,0.0003918265221926463
11246,0.0011134272623702505
11247,9.265848036333222e-05
11248,7.113296513229508e-05
11249,0.00011789730213939239
11250,0.00011731323526432683
11251,3.653433247265967e-05
11252,3.30891110158519e-05
11253,3.4088869664289546e-05
11254,8.571238878008813e-05
11255,0.00019996067963611703
11256,0.0013338692952079296
11257,6.443739840709138e-05
11258,0.0011207969598584348
11259,0.0003265944363254631
11260,3.133692741152026e-05
11261,2.2749193352090017e-05
11262,2.989039677269991e-05
11263,0.00573197632425403
11264,0.0006907479631361108
11265,0.0007510398026607137
11266,0.0001980098072484882
11267,0.0003305935301880986
11268,0.005093503649076123
11269,2.357708731784555e-05
11270,0.00014098910107765238
11271,0.0020717803131746694
11272,1.5849191874429228e-05
11273,0.0002927247459255333
11274,0.0003662123279332319
11275,0.0001003593265714218
11276,0.00012237627970376896
11277,0.00035463560870992774
11278,0.00015450914800903802
11279,0.00014660663565084237
11280,0.0005599777323146636
11281,0.001398475586598831
11282,0.00020931660032056577
11283,8.20352067070302e-05
11284,0.00016492270215064445
11285,0.00019988227705935443
11286,0.0002019724123095012
11287,0.0014084193830028015
11288,0.00014109289590371935
11289,0.0005585018723292367
11290,4.0015314750903606e-05
11291,0.00017135301765080035
11292,7.731008328913464e-06
11293,0.00012713828388150587
11294,0.006385884245145432
11295,0.000483886077102495
11296,0.47186999550073655
11297,0.00033012206320647637
11298,8.06281876427169e-05
11299,7.469496817592624e-05
11300,0.00025865284408047734
11301,0.00018743490196603937
11302,4.409288545029105e-05
11303,6.761361198810568e-05
11304,0.00011477265099663276
11305,0.00020677723624104282
11306,0.0054841736281649855
11307,0.00013249514664758486
11308,2.6052727058996905e-05
11309,0.00033568421227105896
11310,0.0031916962394909075
11311,3.346443248344247e-05
11312,2.3304288624480858e-05
11313,0.0006951398230746335
11314,0.0002436647034848362
11315,0.03386642379825986
11316,0.00017828990306174573
11317,7.148322587462458e-05
11318,3.3304182307638575e-05
11319,4.441822151529735e-05
11320,5.405202664239128e-05
11321,0.00034150879449372485
11322,0.00033012206320647637
11323,0.0008831762207482368
11324,3.23082271607377e-05
11325,0.0001442563788296236
11326,0.00022306450626403222
11327,3.068415421614455e-05
11328,3.3478525334426805e-05
11329,6.629909221389557e-05
11330,0.0002695894845921274
11331,2.2768487458968233e-05
11332,0.00029135908738836937
11333,7.309476519520982e-05
11334,0.00028623792230653063
11335,0.0001326156532756609
11336,9.688473616704557e-05
11337,8.778270550674392e-05
11338,0.00012156126749939272
11339,0.00021071998734231178
11340,0.00021785589081843617
11341,0.0002969331414429796
11342,0.00022577700430001074
11343,7.585745404208067e-05
11344,1.0635218895720857e-05
11345,0.00015115674050313939
11346,0.001291943499526266
11347,0.00012092907949865105
11348,0.0003156928457399612
11349,2.122623521513843e-05
11350,9.72729167056612e-05
11351,3.176488817718069e-05
11352,0.0001864005108236442
11353,0.00010579214447348594
11354,7.387365235076695e-05
11355,3.27335476440436e-05
11356,0.000566900554416865
11357,0.00015199637373884036
11358,2.395585568312427e-05
11359,9.067964671832519e-05
11360,0.00014819338532314454
11361,0.0008916813837365088
11362,6.377140952806918e-05
11363,4.8445260771057405e-05
11364,0.0003039910177483973
11365,0.00031755298016554045
11366,0.0003438230156799231
11367,0.0004729776812635062
11368,0.00018951253625553214
11369,0.00016502356676034448
11370,0.00015874411124681026
11371,0.00016617648754965018
11372,0.00023337394536892278
11373,0.05712528332012157
11374,0.0007735514461066047
11375,7.846847415102604e-05
11376,2.3641299569261215e-05
11377,2.0098073506418227e-05
11378,0.0001780784134887752
11379,0.00016806893920205503
11380,0.00019617209304335966
11381,0.016898184971113454
11382,6.706762675413771e-05
11383,0.0006492165171081916
11384,6.680026520461163e-05
11385,0.00015508011867604174
11386,8.418189074609434e-05
11387,6.630414172215007e-05
11388,0.00013320577645511611
11389,2.1045852720002827e-05
11390,0.0001537927424238352
11391,6.976910736619474e-05
11392,0.00013389903305496923
11393,0.00019376247253521245
11394,0.004013680399126192
11395,0.00010438675166421251
11396,4.3884834754991606e-05
11397,0.00015415903333799479
11398,0.0012787332200633926
11399,0.0006717516854152705
11400,1.5885935884174595e-05
11401,5.2793541824068326e-05
11402,0.0002170322238214203
11403,0.0016002785782757661
11404,0.00028608807857457967
11405,0.00015105642063274508
11406,0.0001406400682625734
11407,7.770636999657287e-05
11408,0.00011011639714786258
11409,3.779532074077914e-05
11410,0.00014108373837914146
11411,0.00047437540973342
11412,5.588711135973427e-05
11413,8.909250987025334e-05
11414,0.00030851185347793614
11415,0.00010648381526469812
11416,3.206343901189365e-05
11417,0.00020113756826858946
11418,7.719962993734666e-05
11419,6.316755098008664e-05
11420,0.00011927211277584795
11421,0.00015463028528916114
11422,5.865872412596811e-05
11423,7.376185920510827e-05
11424,1.591274058484684e-05
11425,0.00011300804380874991
11426,9.466716576901725e-05
11427,0.0004588433320845888
11428,0.002657638050386688
11429,4.034143146936525e-05
11430,0.00015844891546809946
11431,6.754357723755482e-05
11432,0.00010744379723203779
11433,4.932609520153922e-05
11434,0.000164921062483668
11435,8.112062189334708e-05
11436,9.368174349140893e-05
11437,0.00023116850603394646
11438,0.00018018322393469348
11439,0.00020939024563549702
11440,2.3833476506401503e-05
11441,0.00015488583174099894
11442,0.00012562273676402483
11443,0.0008064609550998599
11444,0.0001174325845377091
11445,0.000756478496426549
11446,4.736028360749775e-05
11447,0.00019202506675996983
11448,0.000520322415339661
11449,0.0004342799301821883
11450,4.2732596733113135e-05
11451,7.211272227414477e-05
11452,0.010196604006658222
11453,3.939945769584075e-05
11454,8.11771272298574e-05
11455,0.00027620780985770785
11456,0.0001011320567272818
11457,4.0437562016511494e-05
11458,2.1228521855677246e-05
11459,0.00017495914875917515
11460,0.00036235111542785246
11461,0.00029140465270933985
11462,0.0002417480838356606
11463,2.236102737632911e-05
11464,0.00017447237319246622
11465,3.474158491102724e-05
11466,0.0003238579063491133
11467,6.621299097065259e-05
11468,3.4088869664289546e-05
11469,0.00019339215729832066
11470,2.0001085766826997e-05
11471,3.116738089455033e-05
11472,1.7742701889531966e-05
11473,0.0001410339730145829
11474,2.228442274476301e-05
11475,0.00015061186661696982
11476,4.249541356981642e-05
11477,3.556422387104819e-05
11478,3.716960478542145e-05
11479,5.3064713064585004e-05
11480,4.2686106888845415e-05
11481,6.786788628816285e-05
11482,0.00013122525723427943
11483,0.0002934729593479029
11484,0.00010496311662301213
11485,0.1086218743047873
11486,1.5095754748392277e-05
11487,6.536033117606236e-05
11488,0.0003219611628908133
11489,8.9799074803126e-05
11490,0.00029087824470039976
11491,0.00011168406168400473
11492,0.00011801595722314888
11493,1.0547780722014889e-05
11494,0.0005307508557853837
11495,0.00013867612644374207
11496,4.662893556394793e-05
11497,0.002820369896281963
11498,0.011496390238341696
11499,4.161428176717294e-05
11500,5.5563661300468124e-05
11501,0.0003692123093993357
11502,0.0003703298080554265
11503,0.00012722068376456474
11504,9.479191255064146e-05
11505,7.401083930950952e-05
11506,0.0003934898543176156
11507,0.00020075368831637657
11508,6.839843836776093e-05
11509,0.0005971675001741148
11510,0.004119929140822146
11511,0.004682017321309839
11512,0.34528349422101245
11513,0.00043748073355104035
11514,0.00019454715321068548
11515,2.596873688224246e-05
11516,0.00045261391995047293
11517,4.2102085145965404e-05
11518,7.642490840955445e-05
11519,0.00024221691489919976
11520,0.0015117366717115998
11521,4.2102085145965404e-05
11522,0.0005315136266130296
11523,0.00012281850395185606
11524,0.0008881768000295351
11525,4.053449954143651e-05
11526,6.240480944224471e-05
11527,0.0002468516980091359
11528,6.02992187940644e-05
11529,5.1293654439638906e-05
11530,9.164166252001472e-05
11531,9.732614955738037e-05
11532,0.00011514549766479373
11533,3.0133172522948484e-05
11534,0.0012435443282947608
11535,0.00014051388477102079
11536,0.001755208285180526
11537,7.057914189939741e-05
11538,9.623401087736444e-05
11539,7.103317758622956e-05
11540,1.3930170368808942e-05
11541,0.000295553976084379
11542,6.411494465428885e-05
11543,5.95648959669966e-05
11544,0.0002224985776946546
11545,3.2765802005413885e-05
11546,9.585296922625114e-05
11547,0.00020822119198344474
11548,0.0008832616641433446
11549,1.635428831041498e-05
11550,0.00025528271473898237
11551,3.579916161570932e-05
11552,1.6938108533879606e-05
11553,3.1467213851249414e-05
11554,5.883262331922136e-05
11555,0.0005829640892371566
11556,2.692922524594029e-05
11557,3.9828947730749855e-05
11558,5.371946236844606e-05
11559,0.0011583021510593971
11560,4.897618282664127e-05
11561,3.177254998370461e-05
11562,8.245273400545484e-05
11563,0.0007405796181104566
11564,6.636273990478307e-05
11565,0.00013100116159241003
11566,0.0009245927869603487
11567,0.00021566644524229932
11568,0.004850889727451666
11569,0.0005281508777065041
11570,0.00018507014192534438
11571,0.00017167685377453043
11572,0.0006404272278302654
11573,0.0004216479520969394
11574,0.00011978122240065124
11575,0.00245232351266267
11576,1.7018986340499604e-05
11577,0.017159561865508526
11578,0.006155485656316121
11579,0.0024827495343684967
11580,8.843376560334904e-05
11581,0.006557697391286616
11582,0.0004156505910176395
11583,0.06738911951305969
11584,0.012661694829391536
11585,0.00406650721059399
11586,0.0004446120358184914
11587,0.00010548088181535389
11588,0.13647410666834
11589,0.00125167105024642
11590,0.00039368434114139155
11591,0.00025683046454808397
11592,0.5194794607775682
11593,5.781087696980629e-05
11594,0.007078321702535238
11595,0.00014928789053186657
11596,0.000652590083730425
11597,0.00019299578995801974
11598,0.0002141399655141121
11599,0.00047236131807178633
11600,0.0006222071588858245
11601,0.0017075074781043172
11602,1.624626355161701e-05
11603,0.0008254907744360178
11604,0.0003326503764854055
11605,0.005576849150265298
11606,8.448168668014931e-05
11607,0.0007520757505360028
11608,0.9847523755610488
11609,0.0010313883516616677
11610,0.8068609636150014
11611,0.00010847465650518979
11612,4.054845941489964e-05
11613,0.0005567218084227795
11614,1.3763757674181567e-05
11615,0.0018164451992080826
11616,0.0008693826717630307
11617,0.626768938276714
11618,0.0001636683396690548
11619,0.00044049828478711587
11620,0.0011813308369825544
11621,2.8971065562494352e-05
11622,0.001449046269217013
11623,0.00014324855880727498
11624,6.37443402469894e-05
11625,0.3698811642008098
11626,0.020897498564089564
11627,1.1670821933255774e-05
11628,0.6196464401582602
11629,0.00011756608702446853
11630,7.518091961061072e-05
11631,0.7288320879389744
11632,0.001409390246001563
11633,4.48635114701818e-05
11634,0.0009085583698654842
11635,0.00016306446468947042
11636,0.00011954848082797522
11637,4.037345529132379e-05
11638,3.0393610139446926e-05
11639,0.0001021421101309542
11640,9.085356642565655e-05
11641,0.8174699455909571
11642,0.0035960255235828404
11643,0.00013369111317096884
11644,0.0009890726108158338
11645,0.00020311515107687418
11646,0.00011905235950256172
11647,7.137081341891384e-05
11648,0.0006003536321384712
11649,0.4165623572615218
11650,0.0006822979141688293
11651,1.2281715103422402e-05
11652,0.00013622552074170292
11653,0.02667867309444634
11654,0.0015751836426446193
11655,0.00010347984499445587
11656,0.00029990907750309065
11657,0.00010029972232252953
11658,0.0007994447225094613
11659,0.0001436525155778586
11660,4.487506265285432e-05
11661,0.00021088200058268965
11662,9.93070656966768e-05
11663,9.69266502689927e-05
11664,0.12990950436389653
11665,0.0003714286338614415
11666,0.3909205814921744
11667,0.002274477771416315
11668,0.00010702135242945758
11669,8.538574106623562e-05
11670,7.471143045404895e-05
11671,0.0008585590212792024
11672,6.768158723999081e-05
11673,0.007013044670483173
11674,0.0017783037013609662
11675,0.056653548184935086
11676,0.00031436992870165665
11677,0.7825579725179981
11678,0.00025134184703692793
11679,4.402688699113585e-05
11680,0.0001435724014539469
11681,4.635455820570426e-05
11682,0.7162130433053749
11683,6.1030608182876975e-05
11684,7.857415974483891e-05
11685,5.525830713277527e-05
11686,0.0014364049418016367
11687,3.394403493718647e-05
11688,2.983135923882795e-05
11689,0.0010642561568188328
11690,0.0006336599714699763
11691,0.001734339974232334
11692,1.985553937301563e-05
11693,0.0006241065987454248
11694,0.0002596951506544192
11695,3.5493191228783805e-05
11696,0.00015053656138017027
11697,0.0010955583466158122
11698,0.00010843763243002962
11699,0.0016897712097816685
11700,0.0013775484419362462
11701,5.504106282043002e-06
11702,0.0003402059287705457
11703,0.0009886486273537074
11704,0.0008928560444924619
11705,9.167258664732203e-05
11706,0.0002177953712873678
11707,0.000496511347941246
11708,0.00017965023992553615
11709,0.16806746538411638
11710,0.2107346667644584
11711,0.0008269987197256775
11712,0.00014035935086796676
11713,0.0005575545360956136
11714,0.0003343955422138446
11715,0.0014057834270307828
11716,0.00032031847087574616
11717,0.00019097209324865332
11718,3.3190370270853474e-05
11719,0.01422745784530564
11720,0.00035808816622247015
11721,0.030779247594034727
11722,0.012288552178401725
11723,0.010596726617093814
11724,0.00020913347982389567
11725,0.0017690185682038698
11726,0.00021709870594633577
11727,3.8196273433694996e-05
11728,0.00034567717029882205
11729,0.1311551905014587
11730,2.663803204305073e-05
11731,5.0364082699205686e-05
11732,0.0001844842792752889
11733,4.1335759830034927e-05
11734,0.12610505107962328
11735,0.0005200987435869365
11736,0.0014503445950040674
11737,2.4451814912420635e-05
11738,0.0002717677256327098
11739,0.0001027425722034946
11740,0.941474298181804
11741,0.8609138278478365
11742,0.0003388413766532295
11743,7.59756171635143e-05
11744,0.001610903967773149
11745,0.0157803811970612
11746,0.0002619141072540373
11747,0.0003248199204496765
11748,2.5603389792910503e-05
11749,0.00025678953487096555
11750,0.0013263959264198735
11751,0.0016908384475156377
11752,0.00017826327654819698
11753,0.0003995694720417294
11754,0.0005668872601400004
11755,9.145815037185545e-05
11756,0.0006994984584362496
11757,0.0004142775233667171
11758,0.0040024191424864975
11759,0.000711488131076724
11760,0.0031812825743570573
11761,0.00020295812678970449
11762,2.3994005997745816e-05
11763,0.0010866021919791174
11764,0.005868625445181655
11765,0.14748106423825566
11766,0.002785971462864713
11767,0.0005991527057984397
11768,0.0004638038578324463
11769,9.12054657558549e-05
11770,0.0032471280008257238
11771,8.089929473133185e-06
11772,0.0015431106002662914
11773,3.115846558791628e-05
11774,4.204602682264043e-05
11775,0.002064144014722144
11776,0.00041561387684645634
11777,9.794708521274199e-05
11778,2.7230910911702626e-05
11779,0.00031035091882327477
11780,0.00010744583044132687
11781,0.00110639064504582
11782,0.0019110534301181369
11783,3.359765408014689e-05
11784,0.00018226441430920258
11785,0.0027034200868637356
11786,0.0001932271565495765
11787,0.003573309594233913
11788,0.0005597570977190419
11789,0.00025800341268348095
11790,0.00041998334298754366
11791,0.9995264673363881
11792,0.0003688687061843101
11793,4.212628497457781e-05
11794,0.0012731797648559552
11795,0.00031261183268666015
11796,0.006596232927117612
11797,0.00010715304515727441
11798,0.00037526280393958446
11799,0.0019203189847598373
11800,0.7699721135427375
11801,0.000567260918365322
11802,0.00014212317000646346
11803,0.0011066276811100527
11804,0.00031987044362992255
11805,7.410788628784925e-05
11806,0.005805719841983574
11807,0.0010052429996379878
11808,0.002455008436511976
11809,0.00011208866737823665
11810,0.053451714406756536
11811,6.814146341319932e-05
11812,0.0004173134369044605
11813,4.864494308964925e-05
11814,0.0001209239405483304
11815,0.00023978303912577928
11816,0.0005549589328190385
11817,0.0030726876736296097
11818,0.0055657685168267815
11819,0.0002724724840223682
11820,0.00021675699493393406
11821,0.00047122014673074046
11822,0.0001986726041378051
11823,0.0018120875811126326
11824,0.0001344636448356531
11825,0.00043594808651192357
11826,0.0003454677462845079
11827,0.00014451109591469925
11828,0.0001532976221741418
11829,0.0002573260304714825
11830,0.00035823123665027905
11831,0.0129890562727626
11832,0.0006623553791510248
11833,0.00016047276451533262
11834,0.007887902838265485
11835,8.537699614455094e-05
11836,4.9114371064756895e-05
11837,0.00010503539698477425
11838,0.00040577295182131734
11839,0.00017175443858105985
11840,0.00184006290271057
11841,0.00027734047898102357
11842,0.0001396709571831947
11843,5.31380117385745e-05
11844,0.00032256049749786246
11845,0.00016888138528643482
11846,5.1213420998173943e-05
11847,0.0008404601314007751
11848,0.00030083056408628656
11849,0.0014359624365227156
11850,4.1828932699913885e-05
11851,0.0005400433059033944
11852,0.0006551923104694448
11853,0.00013236634880372023
11854,0.00011118728275020838
11855,0.00024691580520449325
11856,0.006492076647134774
11857,0.0005715376526148502
11858,2.6729523430194805e-05
11859,0.008966209759098369
11860,0.005782322008624831
11861,0.00029524813476898944
11862,0.0023842090471287688
11863,0.0001254543807295394
11864,0.0011162499883026033
11865,6.813042313888192e-05
11866,0.0008886060882668327
11867,4.7653827296124075e-05
11868,0.0010216616180588026
11869,0.00015314453960410266
11870,0.0006923702150734983
11871,0.0023314777409449735
11872,0.0010619868485147292
11873,0.0001988870360605622
11874,6.246718466277861e-05
11875,0.00010041467116029515
11876,7.904262605221551e-05
11877,0.0003315035827861049
11878,0.0004168782679463583
11879,0.00047304073272549935
11880,0.0005134619032052463
11881,0.004370173031818941
11882,0.0003054645365734146
11883,0.000552763191258661
11884,0.0009175034351351989
11885,0.00043446949944859684
11886,0.0039935656152410804
11887,0.0006298266780539076
11888,0.0006837590092778671
11889,0.0003668991835266014
11890,0.0007053006795009157
11891,0.0924368566151139
11892,0.0011678025081834388
11893,0.0002448283886578334
11894,0.0008516852325430616
11895,5.160405042251861e-05
11896,0.007893802192710955
11897,0.001498138923224262
11898,0.003105818127239486
11899,8.728821614667373e-05
11900,0.0021140434457229827
11901,0.0003771448977382972
11902,8.865212148223751e-05
11903,0.0066820238539245895
11904,0.0009842812959632787
11905,0.00024649319548655845
11906,0.0010925486302186746
11907,0.005183883393141257
11908,0.0005013175935162333
11909,0.00017144391682720152
11910,0.005449643951797425
11911,0.004122975592706247
11912,4.092229882259161e-05
11913,0.000667184376196034
11914,0.00029951900440131285
11915,2.2317606411377632e-05
11916,0.0009016406316058004
11917,0.00010475275645200485
11918,0.0005560245204423963
11919,0.0013150045088608194
11920,0.0009555393512508973
11921,0.0003952597204538822
11922,0.0010156129695404054
11923,0.0009032244333328827
11924,0.0003461542467143842
11925,0.00044143798051643685
11926,0.0006464474059780439
11927,0.0003154828960260538
11928,0.0014937070358560741
11929,0.00266751354142455
11930,4.3497920664627936e-05
11931,0.0007514027762282454
11932,8.553286251116994e-05
11933,0.0003396597491922917
11934,0.0005559323561754759
11935,0.0009584959925537742
11936,0.0006219783234014694
11937,0.0014197843460736319
11938,0.0006851833580252828
11939,0.0005662360182411598
11940,0.0005216530159587034
11941,0.00168349263478181
11942,5.535633955946007e-05
11943,0.0028955254429726823
11944,0.0004519414203922372
11945,0.0006377809103917558
11946,0.00022932828255232247
11947,9.218863037519966e-05
11948,0.00018171899405471233
11949,0.00012267069072774571
11950,2.1673645874631065e-05
11951,0.0002576243618899854
11952,0.002764435010910819
11953,0.0002587144991577202
11954,0.0009556709781417435
11955,0.0002611976275416269
11956,6.0573141225836145e-05
11957,0.0001669890240103741
11958,0.00041953508561644624
11959,0.009349358198754387
11960,0.046942744504244446
11961,1.736594791711487e-05
11962,0.0014666596462698592
11963,4.2504990316249786e-05
11964,0.00013554289129547725
11965,0.0005253946117157207
11966,4.834851205192851e-05
11967,0.0001434058303179914
11968,0.0005170585958454162
11969,0.00011938519307070253
11970,0.00013702913991756746
11971,5.118028258932815e-05
11972,1.4807186552713689e-05
11973,0.0010319789492897191
11974,0.00024601072403627273
11975,0.0002848252337344417
11976,2.9208279454979725e-05
11977,0.0010943058744706615
11978,0.00033513212063328627
11979,0.000128679627732787
11980,9.647235643250582e-05
11981,4.7501145382204225e-05
11982,9.080141583175369e-05
11983,0.00024298563184802478
11984,0.00024165843935808126
11985,0.0006099528550102809
11986,0.0010943598892862783
11987,0.00017918210215945763
11988,2.5369892121438613e-05
11989,0.00037063081183646334
11990,0.0008404033924751962
11991,0.00018275643000536238
11992,0.003096509809507613
11993,8.095246737492714e-05
11994,0.004133556671042155
11995,0.000772338191427339
11996,0.026728263410112925
11997,0.05911314554653216
11998,0.004964287624184491
11999,0.00017520187450334777
12000,9.24722593114223e-05
12001,0.009064030649884794
12002,0.0009004432470724014
12003,0.0012575106385246972
12004,0.00020251518141998758
12005,4.88452590962346e-05
12006,0.0021327218160828304
12007,0.002170663142200178
12008,0.00017367074869046884
12009,0.0006008711921495295
12010,0.0003509225708400009
12011,0.00018859679513285826
12012,0.00010080529940826041
12013,0.00022685062319056714
12014,0.0013140678199791741
12015,2.122623521513843e-05
12016,6.36048321817805e-05
12017,0.00010160739167428001
12018,1.3636673981180158e-05
12019,0.0008108381741823991
12020,2.0231721673475983e-05
12021,8.916372583983206e-05
12022,0.0004569458700375853
12023,3.226159424961197e-05
12024,6.476154405086245e-05
12025,5.209089388018928e-05
12026,0.0002008273867471287
12027,0.000714197537875938
12028,2.8224016953916267e-05
12029,0.000118735117173995
12030,0.0005585018723292367
12031,8.37623487611319e-05
12032,0.0007816690397740166
12033,0.008555758106462055
12034,0.0007018438470428222
12035,7.15552526994835e-05
12036,3.2573727285000556e-05
12037,8.124746221153554e-05
12038,0.0006037638812157991
12039,0.0017846965635662842
12040,6.179817416284337e-05
12041,0.00025999892626416465
12042,0.0002877969513762728
12043,3.4985193706713475e-05
12044,4.994125429505321e-05
12045,0.00010973663843915175
12046,0.0038222017287641696
12047,5.174651993376526e-05
12048,0.00038876976434796547
12049,0.00024825434172835416
12050,5.780654642072261e-05
12051,0.00037988347539360276
12052,5.924164082612943e-05
12053,0.0005249927520584649
12054,0.0007018438470428222
12055,0.0006037638812157991
12056,0.0005249927520584649
12057,4.838573783688392e-05
12058,0.00010872204389431357
12059,0.00011169884187647633
12060,0.0002091563682268061
12061,9.436907964906414e-05
12062,4.0395533071883377e-05
12063,5.380675254420117e-05
12064,4.242472364074421e-05
12065,0.00033012206320647637
12066,3.885024898128457e-05
12067,4.830306510149336e-05
12068,2.4748210858403997e-05
12069,0.0012536649529555004
12070,0.0006037638812157991
12071,3.798863317985195e-05
12072,0.00038876976434796547
12073,0.0008528609931293618
12074,0.0011854975924716765
12075,0.000144344215951609
12076,4.1003945894690604e-05
12077,1.827540249078636e-05
12078,0.000803146798901822
12079,0.0007718995991359601
12080,0.0006545151026189521
12081,9.583483840287025e-05
12082,0.0003639069948984978
12083,0.00046828263662400724
12084,0.0003077808897055586
12085,9.309967902232442e-05
12086,6.839902373220634e-05
12087,2.421203838931078e-05
12088,0.0001108917797341435
12089,0.0002722999426917499
12090,0.00012002448223167255
12091,9.008034600345578e-05
12092,7.146349562619528e-05
12093,0.00022166092487325067
12094,0.004367325071095806
12095,0.00036063636915923254
12096,0.00012759295956321228
12097,0.0001916685217981708
12098,0.00022166092487325067
12099,0.001165859865983426
12100,0.0002753113139939646
12101,0.0015833056033005752
12102,0.0001642940512632993
12103,0.0028233977242282404
12104,2.0285009075581036e-05
12105,0.0004336606919162677
12106,3.2497436119331863e-06
12107,0.006365775491803976
12108,9.124194472286401e-05
12109,0.0002404141163478096
12110,0.0002151905407808786
12111,0.0008668680991414526
12112,0.00028841996023321514
12113,0.00036593973199777795
12114,0.9986130160557937
12115,0.9994121294530854
12116,0.9982155930909755
12117,0.9988299206961512
12118,0.998335611384287
12119,0.9964835305479349
12120,0.9931089596496255
12121,0.9973689504001224
12122,0.9994491126069258
12123,0.9993235124777854
12124,0.9979991036483358
12125,0.9994948554766686
12126,0.998091860870274
12127,0.9991050604336411
12128,0.9978924257110008
12129,0.9971710300887069
12130,0.999664244386861
12131,0.9980880323296751
12132,0.9989897356709981
12133,0.9979766929531217
12134,0.00011185558765161561
12135,0.9970601726040929
12136,0.9991958759812478
12137,0.9990539381180448
12138,0.9994402770262145
12139,0.9958491566324288
12140,0.9987765409408661
12141,0.9994334896354997
12142,0.9992839919709993
12143,0.9993540398864302
12144,0.00026009533637520824
12145,0.9956485742821881
12146,0.9972917724638503
12147,0.9993718213795686
12148,0.9988633448016913
12149,0.9983283387554801
12150,0.999293017524223
12151,0.9827344710521161
12152,0.9979647187634543
12153,0.9992148828368183
12154,0.9986956404736606
12155,0.9960256409189118
12156,0.9969881167242058
12157,0.9977418607858182
12158,0.9922665792809515
12159,0.9989975573202116
12160,0.9981346705781112
12161,0.9994529359526273
12162,0.9981605637396594
12163,0.9994745580601377
12164,0.9992631371918868
12165,0.9986666404367646
12166,0.9993678736441699
12167,0.9981370968902117
12168,0.951594424704848
12169,0.9973754305856011
12170,0.9994580558093927
12171,0.9992404119631854
12172,0.9977333287358607
12173,0.9995316788217143
12174,0.9989066698468761
12175,0.998258876117166
12176,0.9987502361782835
12177,0.9994594851965434
12178,0.999278458602451
12179,0.9959457672358579
12180,0.999051114294081
12181,0.9326399657341833
12182,0.9991385151048584
12183,0.99441272282911
12184,0.9903515448208586
12185,0.9988719842346757
12186,0.998230588629834
12187,0.9996255603144155
12188,0.9988782319427224
12189,0.9989822190926834
12190,0.9978351822025642
12191,0.9973170915457059
12192,0.9995097342081015
12193,0.9980125202843408
12194,0.9996063630152093
12195,0.999261843104392
12196,0.9978882676133773
12197,0.9992313406906156
12198,0.9989990402169668
12199,0.998445796551441
12200,0.9973728560369225
12201,0.9987032703879057
12202,0.9989287227346324
12203,0.988542505363256
12204,0.999008987433362
12205,0.9992316277134858
12206,0.9943344800127095
12207,0.9987715452869462
12208,0.9988633700657706
12209,0.99595988152353
12210,0.9923445156379627
12211,0.9997602776207641
12212,0.9985889267205594
12213,0.9779614691718546
12214,0.9990343777522014
12215,0.95568819779649
12216,0.9951655263983892
12217,0.9862789434561504
12218,0.9992943931912437
12219,0.9609941329853974
12220,0.9981311947523718
12221,0.9991547896822782
12222,0.9959222390130271
12223,0.8890131496174181
12224,0.9984852855726071
12225,0.9992069160986724
12226,0.9953612473003226
12227,0.9958788723347499
12228,0.9991765353454845
12229,0.9993765431093865
12230,0.9993700225657706
12231,0.9993950113637607
12232,0.9979130315930435
12233,0.9987445422911057
12234,0.9979251765354066
12235,0.9980037004390648
12236,0.9990544872568632
12237,0.9991677386268251
12238,0.9988271405006331
12239,0.9983256117032189
12240,0.9892471304768161
12241,0.9975057091844524
12242,0.9993755774788393
12243,0.99970408985818
12244,0.997105856075386
12245,0.99884038350445
12246,0.9987201109117507
12247,0.9980653632435366
12248,0.9988455164164753
12249,0.9984040619602411
12250,0.9990724124680892
12251,0.9988916790955168
12252,0.9979882291656981
12253,0.9989564222198325
12254,0.9990269712697251
12255,0.9932012564686742
12256,0.9971384014566822
12257,0.9976856407919781
12258,0.995854734062737
12259,0.9043569337682891
12260,0.9969742768939391
12261,0.9993044817027102
12262,0.996491145266668
12263,0.9927420298667597
12264,0.9987532877927653
12265,0.9989358273006856
12266,4.182898956079629e-05
12267,0.999353485217237
12268,0.997975030635438
12269,0.9987577138182119
12270,0.9959119439133401
12271,7.419851912690396e-05
12272,0.999352144010908
12273,0.9948901443823128
12274,0.9994887317924415
12275,0.9990334809229409
12276,0.8038997694194345
12277,0.9945401498513157
12278,0.9970729921712188
12279,0.9994813136984546
12280,0.9979985742341145
12281,0.9729896916335945
12282,0.9995279073715653
12283,0.9982960341214735
12284,0.9995124333672696
12285,0.9987565651290332
12286,0.9988024773914863
12287,0.9994112580029514
12288,0.9988834493170583
12289,0.9992728596303794
12290,0.9991481013080934
12291,0.9986004297072033
12292,0.9959847497079991
12293,0.869439758983546
12294,0.9987437667745263
12295,0.9990387637258101
12296,0.9987363689971132
12297,0.9990849148447772
12298,0.998493195770961
12299,0.9991438117124293
12300,0.9951453438942315
12301,0.9964846271609982
12302,0.9823294921683495
12303,0.9805123739864704
12304,0.9943940009828267
12305,0.9991041199628948
12306,0.9750149805801497
12307,0.9981912646302974
12308,0.9991047625877754
12309,0.9922848356910672
12310,0.9989933373554841
12311,0.0003301423365270079
12312,0.9994072724436955
12313,0.9989505861260902
12314,0.9900661017017582
12315,0.9985082010962176
12316,0.9961254842938364
12317,0.9986109238788368
12318,0.9981710628514643
12319,0.9984287943185871
12320,0.9995822091673436
12321,0.9987085703973861
12322,0.9991202661318525
12323,0.9988940202395136
12324,0.9894572122511643
12325,0.9993000456505442
12326,0.9963477961761544
12327,0.997023613424622
12328,0.9990864764729048
12329,0.9987138075791621
12330,0.9984920391205496
12331,0.9984491483303
12332,0.9995725161321178
12333,0.9988815270843877
12334,0.9982967617528261
12335,0.998748909286789
12336,0.9979787003859056
12337,0.9987367106424999
12338,0.9992622964217728
12339,0.9994079121339051
12340,0.980915865188489
12341,0.9991485188295657
12342,0.997673984243574
12343,0.9990910859483786
12344,0.9996635620899509
12345,0.9985186689479807
12346,0.9991382269154572
12347,0.9988989616441122
12348,0.9992100104330174
12349,0.9935007483486709
12350,0.9990439837459413
12351,0.9915683517819902
12352,0.9848769672641812
12353,0.38065495898434254
12354,0.9979576538573729
12355,0.996068244573319
12356,0.9991642826174064
12357,0.9993765431093865
12358,0.9991727756567308
12359,0.9977401831320472
12360,0.9991422941260728
12361,0.9648091862092292
12362,0.9993026540562594
12363,0.9933533951327257
12364,0.9979324840433119
12365,0.9976664863849543
12366,0.9405200451798655
12367,0.9988165567576749
12368,0.9993650006685741
12369,0.9992706548201199
12370,0.9987706944005967
12371,0.9966183036001024
12372,0.9993186941384482
12373,0.9989431568417447
12374,0.9986030863441594
12375,0.9978424378298648
12376,0.9994017721908933
12377,4.508000115952536e-05
12378,0.9944086871253828
12379,0.9885388626271034
12380,0.9965692028704096
12381,0.9979973717293084
12382,0.9989198701081438
12383,0.9991015870191275
12384,0.9986319278138002
12385,0.9990484985845632
12386,0.9950683748437482
12387,0.9982402771137966
12388,0.999073131570625
12389,0.9976987023207697
12390,0.013184394669101006
12391,0.9952059872795898
12392,0.9994173133983492
12393,0.9986051843347515
12394,0.998372983738036
12395,0.9996432026635842
12396,0.9991829343844102
12397,0.9980835767082906
12398,0.9991428284263847
12399,0.9992519237888574
12400,0.9979971042798707
12401,0.9991881796978814
12402,0.999420295940094
12403,0.9938938321057522
12404,0.9861528024725378
12405,0.9987705042904119
12406,0.9964201081895686
12407,0.9996978822693982
12408,0.9979456458038697
12409,0.9974368651722175
12410,0.9994464178120691
12411,0.9994275712843185
12412,0.9995979785823342
12413,0.9993086129238923
12414,0.9995132539546296
12415,0.99963036259997
12416,0.9979027233877105
12417,0.9978464123249005
12418,0.9990950849666086
12419,0.9995744112197206
12420,0.9985628966021227
12421,0.9958921585293218
12422,0.992962298141385
12423,0.9993324585004615
12424,0.9986320593053996
12425,0.9988820553979126
12426,0.9977538937905422
12427,0.9925998729514299
12428,0.9989928494676104
12429,0.9987005829390119
12430,0.9980182299575927
12431,0.9908764435249132
12432,0.9981745809266008
12433,0.9994695247165896
12434,0.9989727311162186
12435,0.9982459431991829
12436,0.9968445279355188
12437,0.9962651236188047
12438,0.9966734885376043
12439,0.9984919366382835
12440,0.999447333055592
12441,0.9976246851085584
12442,0.9982193004933847
12443,0.9991811580486251
12444,0.9982522473458914
12445,0.9994101432294945
12446,0.9982663035067328
12447,0.9969461373479717
12448,0.9907827346025472
12449,0.9990930100489286
12450,0.9994711740032288
12451,0.9982791865812456
12452,0.9990150934698804
12453,0.9990784886614851
12454,0.9974084832523107
12455,0.000588663681895003
12456,0.9937698515463872
12457,0.9974287052708548
12458,0.9980178105577681
12459,0.9979681143261019
12460,0.9980678435257548
12461,0.9993748607350977
12462,0.9990689324470895
12463,0.9980730954934516
12464,0.9986159957009668
12465,0.9982471913031142
12466,0.9733946690470614
12467,0.9994600305257686
12468,0.9985037132282287
12469,0.9990870781343394
12470,0.994488143407585
12471,0.9933991701195884
12472,0.9993084757115167
12473,0.9985222861537625
12474,0.9990312379997524
12475,0.9994033191908582
12476,0.9990755742005217
12477,0.998643413326524
12478,0.9948731870075664
12479,0.999491029993069
12480,0.9979324840433119
12481,0.9994826637929962
12482,0.9970693397688414
12483,0.9983239653991295
12484,0.9991272135149731
12485,0.9967688521424503
12486,0.9952634295652922
12487,0.9988378653248899
12488,0.9950910683082826
12489,0.9994065708775897
12490,0.9978258284422026
12491,0.999083357366634
12492,0.9992504702603218
12493,0.9989674958227692
12494,0.9976907311808368
12495,0.9994105874546204
12496,0.9953905479575577
12497,0.998863456289623
12498,0.9993703018312637
12499,0.9985077963022061
12500,0.9987123947948819
12501,0.9980570640674499
12502,0.9993462383942494
12503,0.9911950026443309
12504,0.880316035290078
12505,0.9986290370729214
12506,0.9987158506698816
12507,0.9988418750527648
12508,0.9989479752195951
12509,0.9988466810375091
12510,0.9978867086896458
12511,0.9963518640360608
12512,0.9912378044817296
12513,0.9986528145282166
12514,0.997420364916002
12515,0.9988186719474678
12516,0.9985836576019264
12517,0.9991438117124293
12518,0.9984352842024962
12519,0.9994404594008109
12520,0.9984376312942994
12521,0.9990830033898069
12522,0.9995248747808027
12523,0.9976971166419546
12524,0.9993000456505442
12525,0.9995598670164714
12526,0.9984044059612006
12527,0.9972951217133885
12528,0.9987777438123301
12529,0.9995374280780133
12530,0.938518208089098
12531,0.9990573165074738
12532,0.999464319135825
12533,0.9988929547641155
12534,0.9993478830564767
12535,0.99378235817883
12536,0.9991178344846666
12537,0.9894681522787797
12538,0.9991527319276509
12539,0.9980083089534778
12540,0.9986544950652937
12541,0.9994006119552622
12542,0.9989476338106917
12543,0.9987419881961918
12544,0.9983397617977235
12545,0.9994427554251515
12546,0.9996589157122743
12547,0.9975325473577159
12548,0.9979342366026287
12549,0.9991051700917859
12550,0.999069014845064
12551,0.9988190414316855
12552,0.9997080645762602
12553,0.9989859169342035
12554,0.9991935693280785
12555,0.556348688178142
12556,0.9969878460883159
12557,0.9991635947560688
12558,0.9899101858259366
12559,0.9971578502109557
12560,0.9991727756567308
12561,0.999191858481973
12562,0.9983313042460468
12563,0.9988793215480788
12564,0.9988706673290116
12565,0.9992312767510636
12566,0.9989121885030495
12567,0.9981966535770893
12568,0.999016382737919
12569,0.9991710245825886
12570,0.999537689840111
12571,0.9966081042538186
12572,0.9801149376226317
12573,0.9971177700001684
12574,0.9985450671051748
12575,0.9983298919591961
12576,0.9988633924579536
12577,0.9980310798593269
12578,0.9980419276829958
12579,0.9992057554379872
12580,0.9992062685077876
12581,0.9989312404781646
12582,0.9976396410276711
12583,0.9989287227346324
12584,0.9981769647755248
12585,0.9835486940819712
12586,0.9994064726261435
12587,0.9981428930540168
12588,0.9989025673082368
12589,0.9991041199628948
12590,0.9992507969580311
12591,0.9990893639791312
12592,0.9989182087368811
12593,0.9946593115046627
12594,0.989395972007582
12595,0.9990304840372011
12596,0.9993568347054859
12597,0.99601953070951
12598,0.9987206406893678
12599,0.9980551207541509
12600,0.9931923022658962
12601,0.99916687215742
12602,0.9996702028756026
12603,0.9989098147543239
12604,0.9993367356057348
12605,0.9965997756837093
12606,0.9837864266245394
12607,0.9993739384716166
12608,0.9983490366977444
12609,0.999479896785734
12610,0.99963036259997
12611,0.9989130317456714
12612,0.9988557639135527
12613,0.9968474555572948
12614,0.9977124708132442
12615,0.999389793656475
12616,0.999117284597106
12617,0.9981730170167251
12618,0.9990523818410364
12619,0.9841239384950287
12620,0.9889994124262936
12621,0.9997321095630829
12622,0.9957122136490855
12623,0.9975890909762611
12624,0.9928237171035611
12625,0.9985159697388141
12626,0.9991632071299109
12627,0.999560152301531
12628,0.995709694865899
12629,0.9988688741644647
12630,0.9768664991638253
12631,0.999261797208365
12632,0.9989798031921857
12633,0.9895745671684806
12634,0.9985303299647317
12635,0.9977290152270473
12636,0.9980003116979099
12637,0.9989162693338345
12638,0.999136177877664
12639,0.9923055771085755
12640,0.9993206075748303
12641,0.9986882840736273
12642,0.9984331070964355
12643,0.9990598345696975
12644,0.9994465698613668
12645,0.9974333842157891
12646,0.9985398255932576
12647,0.9994592928908257
12648,0.9892561445197297
12649,0.9984878217995554
12650,0.9991009879260897
12651,0.9960060677717554
12652,0.9945558076648824
12653,0.9979390912530275
12654,0.9988623584416173
12655,0.9979947795605582
12656,0.9988628070266912
12657,0.9982626725466122
12658,0.9991866625398979
12659,0.9938993181166318
12660,0.9996094287383555
12661,0.9981308806792156
12662,0.9966501899063723
12663,0.9973990002660486
12664,0.998820781864283
12665,0.9904046522875645
12666,0.998487013855593
12667,0.9994417106448515
12668,0.9993455105425431
12669,0.9992308607326786
12670,0.9991118211319532
12671,0.999447333055592
12672,0.9993375551062489
12673,0.9992493152072932
12674,0.999479896785734
12675,0.999652771507327
12676,0.9974559579987585
12677,0.9993373675905592
12678,0.9994809027907144
12679,0.9938510809083996
12680,0.9989355634022983
12681,0.9978925339668276
12682,0.9975999824286611
12683,0.9988074881393653
12684,0.9993756783145203
12685,0.9991559850289069
12686,0.996860984034993
12687,0.9990404816927093
12688,0.979333297887593
12689,0.9992296944372688
12690,0.9941945756682451
12691,0.9944878755307879
12692,0.9989629759627147
12693,0.9971301435789401
12694,0.9974403422645266
12695,0.9982087165739402
12696,0.9826434135740244
12697,0.9963543839899829
12698,0.9888107818492037
12699,0.9976962039497029
12700,0.9992865976409734
12701,0.9971820736596625
12702,0.9983720112742893
12703,0.9991422941260728
12704,0.9971423274936165
12705,0.9994940042067962
12706,0.9993085067167969
12707,0.9987621614862887
12708,0.998445675933594
12709,0.968266199822482
12710,0.9994440435305928
12711,0.9994333179410051
12712,0.999502661034333
12713,0.9981215921036539
12714,0.9994401854534796
12715,0.9978214390684554
12716,0.9992949596354372
12717,0.9982456776539906
12718,0.9987845628332979
12719,0.9958642576724689
12720,0.9989095739404402
12721,0.9992742076535602
12722,0.9986440304155445
12723,0.9969458525445322
12724,0.9974587126057226
12725,0.9996017635003158
12726,0.9984720588770084
12727,0.9994117605010441
12728,0.9975484113427076
12729,0.9989373516824451
12730,0.9938882104501434
12731,0.9991422941260728
12732,0.999087404510929
12733,0.9994217013062527
12734,0.9992125277685533
12735,0.9956756733991463
12736,0.9991130551158749
12737,0.982796842022225
12738,0.962547803630939
12739,0.9993420791536365
12740,0.9977502248243622
12741,0.9992774958985408
12742,0.9949545702421971
12743,0.9994362041564959
12744,0.9990805569031269
12745,0.9993036481850939
12746,0.9990535268761832
12747,0.9937807836208635
12748,0.996674509939078
12749,0.9991989399790269
12750,0.9991066518504563
12751,0.9989220899848406
12752,0.9987457511319531
12753,0.9982456776539906
12754,0.9996244513298683
12755,0.9925499454369585
12756,0.9930980993186134
12757,0.9992610076743711
12758,0.9972686247610547
12759,0.9767540289675004
12760,0.9990777125681076
12761,0.9992900698877214
12762,0.9949215489157865
12763,0.9986195177259071
12764,0.9991641928044722
12765,0.9974601409556043
12766,0.9990689324470895
12767,0.9979947795605582
12768,0.9991274480882559
12769,0.9964665573179782
12770,0.9991271033522522
12771,0.9992527094430085
12772,0.9994404543153096
12773,0.9954835040581993
12774,0.9993813026166846
12775,0.9990492562772181
12776,0.9992296944372688
12777,0.9992707975488395
12778,0.9995299600386875
12779,0.9745711999425538
12780,0.997689633128493
12781,0.9970428096643901
12782,0.9946605991790267
12783,0.9841481979518854
12784,0.9986482802750992
12785,0.9991099562514285
12786,0.9991651291424576
12787,0.9987612144705676
12788,0.9984332912551102
12789,0.9989462661334328
12790,0.998305516359394
12791,0.9992124353990467
12792,0.9991176328840079
12793,0.9988779910017549
12794,0.999624770682077
12795,0.9993885733832638
12796,0.9997504067385198
12797,0.9976291580946658
12798,0.9994026839455167
12799,0.9964859411432369
12800,0.9995501739304385
12801,0.999220551569667
12802,0.9990894410870521
12803,0.9988613673749197
12804,0.9986496259374337
12805,0.9980558086272442
12806,0.9993285216394412
12807,0.9992100394636373
12808,0.9955756572858337
12809,0.9980866451847215
12810,0.9987796965365711
12811,0.9992839919709993
12812,0.999393482518609
12813,0.9995264211321851
12814,0.9959110662445722
12815,0.9984611216874654
12816,0.8373266535002167
12817,0.9974628805438475
12818,0.9978965092211523
12819,0.9971851504120364
12820,0.9982125529575377
12821,0.9992217971985256
12822,0.9933930717769278
12823,0.9987247493833517
12824,0.9988797571627659
12825,0.9986101449096234
12826,0.9987947851250805
12827,0.9984727803771403
12828,0.9992179129156719
12829,0.9988928408575786
12830,0.9965160243605219
12831,0.9983070541707139
12832,0.9997167473606066
12833,0.998663340974321
12834,0.9973262686177605
12835,0.9891207989393235
12836,0.9980439712739143
12837,0.9991068663407305
12838,0.9992354051533038
12839,0.9990048498783124
12840,0.9968801289712264
12841,0.9996424813794654
12842,0.9992078285025835
12843,0.9972746679348987
12844,0.9988806426167103
12845,0.9990999127967027
12846,0.9992133724147989
12847,0.9980007604829011
12848,0.9988754923169015
12849,0.9988886014441788
12850,0.9990130886943948
12851,0.9989420479632855
12852,0.9988315524152793
12853,0.9990741742036495
12854,0.996162415735672
12855,0.9984310389778649
12856,0.9979513487924072
12857,0.9979866547457885
12858,0.9986928738447381
12859,0.9988159679863081
12860,0.9973362775615591
12861,0.9992494868071387
12862,0.9993174218617106
12863,0.9990464711665721
12864,0.9995949208836291
12865,0.9974896731453446
12866,0.9992034464587866
12867,0.9986140404460089
12868,0.9994880893114152
12869,0.9985615346028478
12870,0.9983641333060276
12871,0.9963508008535509
12872,0.9965435579427154
12873,0.9972602846916241
12874,0.9986847466511878
12875,0.9981947502460685
12876,0.9996240464027628
12877,0.9987085703973861
12878,0.9995264673363881
12879,0.9858318076322694
12880,0.9991889747365498
12881,0.9996285242826258
12882,0.9996710035064869
12883,0.9989103709134617
12884,0.9992479830521857
12885,0.9991504340811848
12886,0.9990536166642205
12887,0.999004254716462
12888,0.9992071505845018
12889,0.9927185666595781
12890,0.9986140404460089
12891,0.9993530235660578
12892,0.9991578280353537
12893,0.9995549176968913
12894,0.9980797843096814
12895,0.9866760778069651
12896,0.9993650006685741
12897,0.9988099864382977
12898,0.9981215921036539
12899,0.9991570345623959
12900,0.9963690468389444
12901,0.8309508435282421
12902,0.9994607669138962
12903,0.9992846991036979
12904,0.9994929670194719
12905,0.9911803724491762
12906,0.00029364261472068705
12907,0.9992033040614386
12908,0.9983863514458655
12909,0.9983427642558661
12910,0.9986286399059152
12911,0.9989590060792997
12912,0.9994131184235047
12913,0.9989809362959421
12914,0.9989297829895113
12915,0.9978304801594373
12916,0.9990445797074512
12917,0.9975123631233885
12918,0.9991957267532616
12919,0.9912230197737304
12920,0.9969006318905934
12921,0.9977417802052425
12922,0.9988471639679413
12923,0.9991032511198553
12924,0.9989160722602811
12925,0.9937920700810573
12926,0.9995309693866005
12927,0.9994329176451895
12928,0.9989589898685106
12929,0.9980296544104943
12930,0.9989950198745015
12931,0.9994157880315897
12932,0.9825886112624591
12933,0.9985491590644605
12934,6.926573471034952e-05
12935,0.9995956693982598
12936,0.9991510037882398
12937,0.999324918583514
12938,0.9986491540001455
12939,0.9984139426042403
12940,0.9967648675032231
12941,0.9886094687531991
12942,0.9975499020214508
12943,0.0010424093165296113
12944,0.9971718380014167
12945,0.9985775835956605
12946,0.0002624546865132277
12947,0.9988386323907353
12948,0.9982522473458914
12949,0.9993867399861083
12950,0.9992687510430212
12951,0.9969917795052261
12952,0.9963443143010124
12953,0.0001504473947229557
12954,0.9988955962421614
12955,0.9947681963545892
12956,0.9842831761007562
12957,0.9991791831964165
12958,0.9994632570916452
12959,0.9993823889696063
12960,0.9924007560584059
12961,0.9983240094794287
12962,0.9989085343568227
12963,0.9990713234086356
12964,0.9994719264486029
12965,0.999580491631919
12966,0.9867399077726347
12967,0.9991009174186423
12968,0.9898926476128909
12969,0.9994244016914917
12970,0.9994981099380734
12971,0.9990736165557892
12972,0.9986485674147646
12973,0.9978012966363022
12974,0.9996687329826814
12975,0.9972275448381301
12976,0.9957144201180838
12977,0.9985358805533656
12978,0.9986201324435818
12979,0.9989977616148165
12980,0.9983436306313928
12981,4.840766787072287e-05
12982,9.01252714552244e-05
12983,0.9994647561080593
12984,0.9972267498865267
12985,0.9980198939922591
12986,0.9992984832499625
12987,0.9975649764838346
12988,0.9969703445253647
12989,0.9990646396360361
12990,0.9993728560381246
12991,0.5424465437835176
12992,0.9994413139249495
12993,0.9973988698085883
12994,0.9963908339389672
12995,0.9989024581413819
12996,0.998220877647265
12997,0.9961443343819596
12998,0.9983981249583919
12999,0.998079129023422
13000,0.9992145369825456
13001,0.9948414888199913
13002,0.9994550034830537
13003,0.9991231137978439
13004,0.9988663335921447
13005,0.9993823889696063
13006,0.9994772990717712
13007,0.00019128263496345717
13008,0.9994721311156664
13009,0.9997309848783389
13010,0.9958455917939223
13011,0.998828456092147
13012,0.9996761602290967
13013,0.9991598691990042
13014,0.9582252254869519
13015,0.9990774817224708
13016,0.00022919448753081468
13017,0.999601384036205
13018,0.9991029437515281
13019,0.9972607433958379
13020,0.9971366349877558
13021,0.9984487413068381
13022,0.999590272262285
13023,0.9984188921921818
13024,0.9993767249527191
13025,0.9979316616477971
13026,8.787601587947818e-05
13027,0.9995898553281871
13028,0.9959689609268146
13029,0.9985633173134013
13030,0.9898149309196839
13031,0.9994516221556504
13032,0.9991630183814095
13033,0.9989157742589281
13034,0.9994844914498539
13035,0.9971931286445005
13036,2.620758816930063e-05
13037,0.9846138999976104
13038,0.9967447857946713
13039,0.9990593572798425
13040,0.9985871257104488
13041,0.9750881224974094
13042,0.985842493985064
13043,0.9975758600115779
13044,0.9980412173927659
13045,0.998680865852023
13046,0.00030804640019541356
13047,0.9933317622575152
13048,0.9991488076304806
13049,0.00015976011873017508
13050,0.9988585224226476
13051,0.999212837856055
13052,0.9946567368125797
13053,0.9992447773283049
13054,0.9990572370143079
13055,0.9950848310962082
13056,0.00016012150095260087
13057,0.998625768947813
13058,0.998991003222114
13059,0.9989923054908909
13060,0.9984014021937105
13061,0.9991990978882775
13062,0.9885719769038338
13063,0.9991327042621135
13064,0.9991304379549993
13065,0.00042554677197628824
13066,0.9991422232464218
13067,0.9983065446224828
13068,0.9994101432294945
13069,0.9985192661748198
13070,0.9990373329738614
13071,0.9986577632024193
13072,0.9987075544503542
13073,0.9990776093931806
13074,0.9990844723896325
13075,0.9991765982334722
13076,0.9977302159476579
13077,0.9992273069692353
13078,0.9977860521468659
13079,0.9946709987777693
13080,0.9967747554409445
13081,0.9988651431161343
13082,0.9986998386519832
13083,0.9969041801565353
13084,0.0009690417732303422
13085,0.9869781188892742
13086,0.9981124617459076
13087,0.9990440151964245
13088,0.9906907401938341
13089,0.9986888937181481
13090,0.9985785038320424
13091,0.998168159170635
13092,0.9992340422925811
13093,0.9990030481028495
13094,0.9978374780781522
13095,0.9807737090872198
13096,0.8595910805469615
13097,0.9989130317456714
13098,0.997851557532141
13099,0.9990486273649514
13100,0.9746207110119984
13101,0.9966766872240282
13102,0.9941068453434275
13103,0.9980956286308622
13104,0.9952409399558878
13105,0.9670818222016638
13106,0.9984470136955649
13107,0.9845246052851964
13108,0.9959471378738173
13109,0.9983561696611141
13110,0.9941113603161413
13111,0.999465592894414
13112,0.9973857119792772
13113,0.9988797571627659
13114,0.998988726479974
13115,0.9772833103896568
13116,0.9914107435751942
13117,0.9970768134151973
13118,0.9618490103731007
13119,0.9981235406714714
13120,0.9988054039357427
13121,0.9994654868641181
13122,0.9989712363931355
13123,0.9994761775569014
13124,0.99971320193396
13125,0.978700928112415
13126,0.9996513772863537
13127,0.9978746232441509
13128,0.9982815756147284
13129,0.9983777903030412
13130,0.9983880004552954
13131,0.9977532291258137
13132,0.9994244625319673
13133,0.9985961959431616
13134,0.9969532492066024
13135,0.9638434680107586
13136,0.998861368101275
13137,0.9996255603144155
13138,0.9978286592876018
13139,0.9991434745104717
13140,0.9985429662444547
13141,0.9993936661915109
13142,0.9975997741265055
13143,0.9989045714537341
13144,0.9681805365771695
13145,0.9768553739070667
13146,0.9695538104381863
13147,0.9995641697366467
13148,0.9946044730431561
13149,0.9973241271492262
13150,0.9917074526683086
13151,0.9986367702398684
13152,0.9988311239113594
13153,0.9993373159890666
13154,0.9948902337706217
13155,0.9989869515979171
13156,0.9994679165719236
13157,0.9994384712013413
13158,0.9991258761833203
13159,0.9987652552046256
13160,0.9984142185717658
13161,0.998722641549346
13162,0.9792006845680291
13163,0.9989373653316224
13164,0.9993699602058164
13165,0.9984734103959338
13166,0.9995770454052005
13167,0.9989724922541314
13168,0.9979885201053347
13169,0.9993194094484656
13170,0.9968468638693674
13171,0.9974037465812847
13172,0.9886545010272538
13173,0.9982633044007237
13174,0.9990678224233506
13175,0.9991287096807869
13176,0.996829892538676
13177,0.9994065373624749
13178,0.9994647948684775
13179,0.9979381998608523
13180,0.9983709039336722
13181,0.9966139939725139
13182,0.9988643556505624
13183,0.9988574964170823
13184,0.9959780828384954
13185,0.999368951182977
13186,0.9970030051408183
13187,0.9993748607350977
13188,0.9931759469524483
13189,0.9975258969951878
13190,0.9985083740215441
13191,0.9972368869660048
13192,0.9989785943149211
13193,0.9970826515606007
13194,0.9990086084464395
13195,0.999054949714456
13196,0.9990885495740071
13197,0.9995058255336623
13198,0.9987674147894977
13199,0.997991905388889
13200,0.9990590605641759
13201,0.9951351310503391
13202,0.9991961558192487
13203,0.9990650691056144
13204,0.998781792219944
13205,0.9993736380197663
13206,0.9982383922008299
13207,0.9966226773694458
13208,0.9990672195405632
13209,0.9990013719377068
13210,0.9833797029795507
13211,0.9995653669406088
13212,0.999482551357612
13213,0.99903608747659
13214,0.998976098664373
13215,0.9927022991569945
13216,0.9899761998454578
13217,0.9976554552289336
13218,0.9987933432050291
13219,0.999082794919974
13220,0.9979632657611787
13221,0.9981787312627751
13222,0.9980953404861913
13223,0.9965085071611053
13224,0.9990990638751045
13225,0.9849943478311092
13226,0.9992455324109473
13227,0.9983166603797844
13228,0.9966435544072385
13229,0.9978935266086815
13230,0.9990404816927093
13231,0.9243786627031032
13232,0.9988884484508475
13233,0.9984829382510854
13234,0.993664675057903
13235,0.9993436495793285
13236,0.9990011004634474
13237,0.9968137277176974
13238,0.9981945269775184
13239,0.9992763576393486
13240,0.9994245601759519
13241,0.9991274547474978
13242,0.9993718213795686
13243,0.9987061669604503
13244,0.9971499864258194
13245,0.9990162947380514
13246,0.99035219415201
13247,0.9672004107112827
13248,0.9969664978858894
13249,0.998993072569993
13250,0.9993885733832638
13251,0.9967121974244898
13252,0.9990860151779423
13253,0.9993597288226366
13254,0.9989370669138499
13255,0.9986747423589976
13256,0.998234176620857
13257,0.9984894051551843
13258,0.9995168104972474
13259,0.9970402716508898
13260,0.9989217771331035
13261,0.9983463744464567
13262,0.9987387404169299
13263,0.9595964817512925
13264,0.9992042535059137
13265,0.9979192309457278
13266,0.998783759186559
13267,0.998307450395365
13268,0.9964591062698509
13269,0.9978809787827922
13270,0.9985185174525956
13271,0.9991801405223598
13272,0.9907308759360076
13273,0.9976487243340608
13274,0.9993197923081333
13275,0.998641761199786
13276,0.9839287282800526
13277,0.9989236456913451
13278,0.9993066413350088
13279,0.9756357438727418
13280,0.999591057098682
13281,0.996527697066204
13282,0.9991754765947587
13283,0.96772118056847
13284,0.9991752184226683
13285,0.785356481459206
13286,0.9953404842929725
13287,0.9935972721059365
13288,0.9980121629288791
13289,0.9975384635461457
13290,0.9988914780445106
13291,0.9992269282462328
13292,0.9991658738621931
13293,0.9976879469565735
13294,0.9989671129605211
13295,0.9988849829271126
13296,0.9355222493172209
13297,0.9989533107306973
13298,0.9902470935101648
13299,0.9922241317906378
13300,0.9968300028390632
13301,0.9992135618116152
13302,0.9910238249432051
13303,0.986707852778779
13304,0.9990144904535933
13305,0.9992113095767869
13306,0.9988445300100488
13307,0.9986307100774787
13308,0.9987438369478502
13309,0.9974906479395323
13310,0.8138004255324319
13311,0.9776985025024937
13312,0.9856898159037741
13313,0.9994434347925678
13314,0.9986819139256796
13315,0.9983990445672687
13316,0.997377087809382
13317,0.9980909573741266
13318,0.9991572856281712
13319,0.9992788658947964
13320,0.9981940001272009
13321,0.9992045661805252
13322,0.9983175546623737
13323,0.9984990294178028
13324,0.9979211866415066
13325,0.9973356233399171
13326,0.989989477413754
13327,0.9990398348011623
13328,0.9989909607381611
13329,0.9871687735888519
13330,0.9970693833162706
13331,0.9972026284488184
13332,0.9983548076845745
13333,0.9963114520617803
13334,0.9933655173921991
13335,0.9990628076145576
13336,0.9885719769038338
13337,0.9962674944189572
13338,0.9991879473375799
13339,0.9991917534321938
13340,0.9993774091136384
13341,0.9983307791881662
13342,0.9989182383787133
13343,0.9964493351592728
13344,0.9982150879137371
13345,0.9994761969444419
13346,0.9971088701057013
13347,0.9990611100496619
13348,0.9994489409143323
13349,0.9983221120454936
13350,0.9994134021802065
13351,0.9982168089085529
13352,0.9979149948683299
13353,0.9996286438954908
13354,0.998546028171825
13355,0.9993159418620756
13356,0.9987750104097167
13357,0.9965936518414097
13358,0.9984465809321176
13359,0.9990812846064635
13360,0.9988484227246647
13361,0.9993589145258125
13362,0.9974802610406571
13363,0.9989005592975528
13364,0.9990440151964245
13365,0.999357246950549
13366,0.9957250675583844
13367,0.9939301772805116
13368,0.9919583483519262
13369,0.9990894167150065
13370,0.9994882540467911
13371,0.9986365111263434
13372,0.997411171580929
13373,0.9988834493170583
13374,0.9982463427490458
13375,0.9993941187441325
13376,0.9993500598737347
13377,0.9986941794368167
13378,0.9989374067916506
13379,0.9983128899228798
13380,0.9991952422420965
13381,0.9990622294138699
13382,0.9987426508693518
13383,0.9977317860376437
13384,0.9964001491171575
13385,0.9994338113720129
13386,0.9954299162072305
13387,0.9995113511061614
13388,0.9990912083590543
13389,0.9986487352345068
13390,0.9912796899057901
13391,0.9994679175879829
13392,0.999086138018064
13393,0.9987623247817309
13394,0.9968696144431539
13395,0.9961762363344757
13396,0.9990936492372213
13397,0.996401190597438
13398,0.9982191406851356
13399,0.9977969024071156
13400,0.9912358983906604
13401,0.9982931229515215
13402,0.9992757281632445
13403,0.9984326002127764
13404,0.9991804521829861
13405,0.999049047639337
13406,0.9983767764278997
13407,0.07716197255795615
13408,0.9982009602814685
13409,0.998868819540804
13410,0.9973775176511084
13411,0.9988790980700019
13412,0.9993608741975004
13413,0.999148848060455
13414,0.9955019757437249
13415,0.9931245808604325
13416,0.9639441025657859
13417,0.9980332014408076
13418,0.9974940023564165
13419,0.9894229912016088
13420,0.998980327403975
13421,0.9993378810494716
13422,0.9981621975970854
13423,0.9978786202170428
13424,0.9985508795504131
13425,0.9994501041519129
13426,0.9984781745369902
13427,0.9888149847403243
13428,0.9993565316038647
13429,0.999319235120567
13430,0.9996244513298683
13431,0.9991834238241524
13432,0.9936505023153449
13433,0.9992486604777238
13434,0.9451520336617262
13435,0.9988329081112849
13436,0.9986868129275827
13437,0.9982240713765246
13438,0.9996589157122743
13439,0.9996255208427538
13440,0.9818233185616664
13441,0.9994133972419604
13442,0.9964089167663914
13443,0.9906648366663474
13444,0.9972878122476884
13445,0.9688716663087052
13446,0.9974209477124872
13447,0.9986332190588749
13448,0.9978071919096417
13449,0.9985791644125062
13450,0.9986127116221923
13451,0.9976948099979003
13452,0.998825804451327
13453,0.9953067153813199
13454,0.9991886290888966
13455,0.9971577111791776
13456,0.9993231272997959
13457,0.9997801374635821
13458,0.9977925571323701
13459,0.9993410878377333
13460,0.9606665109170051
13461,0.9992109760728378
13462,0.9994349739411831
13463,0.9991826655860576
13464,0.9993915634177867
13465,0.9964651454104527
13466,0.9968396754492566
13467,0.9833773670908916
13468,0.9984029734548144
13469,0.999306418572824
13470,0.9992106405115104
13471,0.9990689324470895
13472,0.9974284258251696
13473,0.9990796942024212
13474,0.9989253345584287
13475,0.9987920170109171
13476,0.999387607774633
13477,0.9990176963190576
13478,0.9906115199441988
13479,0.9988064613166961
13480,0.9991274480882559
13481,0.9931062936170368
13482,0.9993765431093865
13483,0.961683236100047
13484,0.999476044228251
13485,0.9984300087845249
13486,0.9981430815791746
13487,0.998836887119957
13488,0.998971162529635
13489,0.9978174507828099
13490,0.9720520532875786
13491,0.9983595946801117
13492,0.9976926587564533
13493,0.9993169254929398
13494,0.9993506258835215
13495,0.9949685230404621
13496,0.9989379105882704
13497,0.998766051580242
13498,0.9844135371570413
13499,0.9990899540608512
13500,0.997928106353053
13501,0.9994942910546742
13502,0.9992664455699951
13503,0.999579968743212
13504,0.9989068043395158
13505,0.9995364894252481
13506,0.9963496562522838
13507,0.9988634957602421
13508,0.9980431455542922
13509,0.9990417532786449
13510,0.9897454355590599
13511,0.9964709258259798
13512,0.998471384403329
13513,0.9992285072734828
13514,0.9991504017203254
13515,0.9978178761147738
13516,0.9981900738660903
13517,0.998669294956927
13518,0.9908133982948342
13519,0.9987715452869462
13520,0.996435477376986
13521,0.9337134138888468
13522,0.9982948917461426
13523,0.9974554211167922
13524,0.9918395122857632
13525,0.99242786213789
13526,0.9980665088664965
13527,0.9993683223112085
13528,0.9968137554008122
13529,0.9990938683605219
13530,0.7245512383469183
13531,0.9984963993873732
13532,0.9704173136119929
13533,0.9994377174409163
13534,0.99833745834876
13535,0.9989813767641604
13536,0.9965636341956369
13537,0.9981808319791223
13538,0.9989802891175089
13539,0.9961624051618849
13540,0.9989528072135971
13541,0.9990618682404571
13542,0.9986991268706455
13543,0.9067031333215914
13544,0.993257281085766
13545,0.9970987643352166
13546,0.9835879342055847
13547,0.9990964890384193
13548,0.9989796584684383
13549,0.998759910014634
13550,0.9975584703432944
13551,0.9975498266897032
13552,0.9994298554386403
13553,0.9978718534768861
13554,0.9982753886318817
13555,0.997891683259814
13556,0.9988418750527648
13557,0.9990404816927093
13558,0.998893243550399
13559,0.999517978852174
13560,0.9980072454184462
13561,0.9994174669255902
13562,0.9968032016589238
13563,0.9994434347925678
13564,0.9148063772538707
13565,0.9975564866915299
13566,0.9979949637798449
13567,0.9952898402566303
13568,0.9990828340317709
13569,0.9991680754457131
13570,0.9970840072046382
13571,0.9681923951151329
13572,0.9991162420442814
13573,0.9987684807883472
13574,0.9965295125817359
13575,0.9996521577551577
13576,0.997595468645394
13577,0.9936248200596581
13578,0.9994535235680185
13579,0.8210869041729922
13580,0.9945251250675762
13581,0.9990929821076471
13582,0.9990402326441452
13583,0.9989662985355009
13584,0.9993269134123619
13585,0.9994708913685701
13586,0.9992029768008109
13587,0.997782762527266
13588,0.9911842779466898
13589,0.9986482802750992
13590,0.9976285817475674
13591,0.9995858382498994
13592,0.9964335269009275
13593,0.9995389450132638
13594,0.9996451468131594
13595,0.9988859380083898
13596,0.9973691057263439
13597,0.9996248806730421
13598,0.99731736278561
13599,0.9573366927462675
13600,0.9981763727571188
13601,0.9992200926486513
13602,0.9984945393907113
13603,0.9953455927160284
13604,0.9993135008431047
13605,0.9987117785422359
13606,0.9993539732755807
13607,0.9958885896156444
13608,0.9985116206387756
13609,0.9960832223460865
13610,0.995125807452813
13611,0.9989838791372131
13612,0.9993208112589553
13613,0.9259851487921621
13614,0.9985510234995472
13615,0.9987510268391979
13616,0.9991626861512092
13617,0.9968859949024006
13618,0.9977525335254198
13619,0.997114583679892
13620,0.9994184622289777
13621,0.9992738231766335
13622,0.9989095739404402
13623,0.9982957693051165
13624,0.9993762983236893
13625,0.9993247055291299
13626,0.9949735425543814
13627,0.996031186559098
13628,0.998195237019256
13629,0.9974419247744336
13630,0.9992023100400544
13631,0.9994971108657713
13632,0.9992774958985408
13633,0.9969388235022564
13634,0.9951249798039888
13635,0.9954458052579146
13636,0.9997396855530036
13637,0.9996946129063103
13638,0.988150949369581
13639,0.9980429432940828
13640,0.9993856808763989
13641,0.9984980903888057
13642,0.9987176061524857
13643,0.9992143937210244
13644,0.9992680832464415
13645,0.9991536136927233
13646,0.9994836183041423
13647,0.9983009887391684
13648,0.999495543944931
13649,0.9993099063041521
13650,0.9994085506000201
13651,0.9962629572764777
13652,0.9975170933449364
13653,0.9983995199524331
13654,0.9994765462479622
13655,0.9990003868755577
13656,0.9988128764793798
13657,0.9968395801340444
13658,0.9995264673363881
13659,0.9993227696792999
13660,0.9554540853088516
13661,0.9964355467080407
13662,0.9997229550162251
13663,0.9963024750005336
13664,0.9963662420644133
13665,0.9905680778209774
13666,0.9983944662479722
13667,0.9986327129121851
13668,0.9974247837469168
13669,0.999311994632758
13670,0.997128461405416
13671,0.9980614379451855
13672,0.9991769065404897
13673,0.9987510268391979
13674,0.9994692769099675
13675,0.9994635174013538
13676,0.9987324442202005
13677,0.9993206773701505
13678,0.9977444323531437
13679,0.9946376368657246
13680,0.9990078495727538
13681,0.9989270467622545
13682,0.9994692769099675
13683,0.9990919567919844
13684,0.9884871244620179
13685,0.9988697496200711
13686,0.9991392774229055
13687,0.9983540061506482
13688,0.9969011947438396
13689,0.9995333582195748
13690,0.9970284331440205
13691,0.9884903386813129
13692,0.9990618682404571
13693,0.9986958760016851
13694,0.9995898553281871
13695,0.9967520148064559
13696,0.9990446630523032
13697,0.9992763576393486
13698,0.9987375621322029
13699,0.9966600075991353
13700,0.9977930653680975
13701,0.999391822796245
13702,0.997170049720536
13703,0.9984514753291434
13704,0.9948958648697152
13705,0.9984304733705204
13706,0.9985339090106846
13707,0.9980535779750288
13708,0.9971676383488982
13709,0.9997624876257828
13710,0.9975154263072391
13711,0.9982904706346168
13712,0.9991165119650642
13713,0.9990681839464854
13714,0.9972492184276938
13715,0.9992249835266941
13716,0.9992775992665163
13717,0.9984108175565231
13718,0.9973941722192573
13719,0.9984289483796711
13720,0.998471384403329
13721,0.999261692936373
13722,0.9969957553769917
13723,0.9954501015758521
13724,0.9990954588772247
13725,0.9930158572124412
13726,0.9983154352467426
13727,0.9995891308841873
13728,0.993937680080836
13729,0.9913535533338826
13730,0.9833500988678886
13731,0.9991219578216135
13732,0.9988567001492668
13733,0.9990179559749808
13734,0.999226440699165
13735,0.9994011759665177
13736,0.9993553019889848
13737,0.998927650783432
13738,0.9977109200135206
13739,0.9950184546281817
13740,0.9990021927598128
13741,0.9951214024927514
13742,0.9994400186110857
13743,0.9978324957179883
13744,0.9986959218207363
13745,0.8935465574140014
13746,0.9990898422373037
13747,0.9992504722103632
13748,0.9939764079852133
13749,0.9992033507175851
13750,0.9991043582347682
13751,0.9985501984146066
13752,0.9977891756056603
13753,0.9992301705811109
13754,0.9977118435984524
13755,0.9987042342690021
13756,0.9972982387336182
13757,0.9983463751916196
13758,0.9995122955489131
13759,0.9980964030577069
13760,0.9947712685300301
13761,0.994985131916254
13762,0.9992728214980128
13763,0.9990032282240767
13764,0.9989796754413487
13765,0.999213134529552
13766,0.9983621684858774
13767,0.9981384176651623
13768,0.9986584444413904
13769,0.9980456983751879
13770,0.9990179559749808
13771,0.8418767913468815
13772,0.9984118334502492
13773,0.9992784520729305
13774,0.9972969977982742
13775,7.063335510087768e-05
13776,0.9956625129666918
13777,0.00011329997800004354
13778,0.9974832234436259
13779,0.998209973041472
13780,0.9943447429356718
13781,0.9968975346665518
13782,0.9863121003072224
13783,0.9991727756567308
13784,0.9992333393775716
13785,0.9951703091166638
13786,0.9991422941260728
13787,0.9994338113720129
13788,0.999175742473437
13789,0.999055386058131
13790,0.9986699164619511
13791,0.9966355523262499
13792,3.779417058339203e-05
13793,0.9986498897778331
13794,0.9986998386519832
13795,0.9974313853936425
13796,0.9992622964217728
13797,0.00032273926403072453
13798,3.087770598516214e-05
13799,0.9984087217237981
13800,0.9986026926844647
13801,0.9995264673363881
13802,0.9985907139298648
13803,0.0001016889085046408
13804,0.9991837622607981
13805,0.9958446528643845
13806,0.00018425717813458454
13807,0.0013816729785129684
13808,2.122623521513843e-05
13809,3.4358946337828533e-05
13810,0.9001679272866693
13811,0.99891766757023
13812,6.35863642262194e-05
13813,0.9996735242349578
13814,0.9992811061162392
13815,0.9986030484068161
13816,0.00020257605853358758
13817,0.9989166821424095
13818,0.9947397505128114
13819,0.998360737268112
13820,0.997692009123377
13821,0.9975014849756381
13822,0.9994143569058775
13823,0.9817194106007086
13824,0.9971079517901785
13825,0.991965418728904
13826,0.9938805268514165
13827,0.9971206712836244
13828,0.9995785743125365
13829,0.9981014606638157
13830,0.997651033556391
13831,0.9990733646742251
13832,0.999191590899455
13833,0.9993748607350977
13834,0.9868771984611311
13835,0.9972926159310472
13836,0.9989207402830712
13837,0.9970549803998446
13838,0.998191904318738
13839,0.9980560250837969
13840,0.9982084534143169
13841,0.9963397688026608
13842,0.990383154490902
13843,0.9976823463899692
13844,0.9990334284428938
13845,0.9994065373624749
13846,0.9992507756673864
13847,0.9962341582441879
13848,0.9990676240640942
13849,0.999288606645248
13850,0.9993693806211361
13851,0.9989353918430212
13852,0.9985334598664194
13853,0.9976600924174096
13854,0.9994860534270312
13855,0.9983836281624421
13856,0.997763084916842
13857,0.9991830789173815
13858,0.9831297078835542
13859,0.9993177750071974
13860,0.997206125667529
13861,0.9985478905533588
13862,0.9963659825372847
13863,0.9950640004687034
13864,0.9988754588852791
13865,0.9979298041093789
13866,0.9997147441854635
13867,0.9990540534042429
13868,0.9829181142748423
13869,0.9987717841603055
13870,0.9982404949864268
13871,0.9984751663509488
13872,0.9991118211319532
13873,0.9996501282735463
13874,0.9907916834152319
13875,0.9978591290678989
13876,0.9947225755789977
13877,0.9982897591079865
13878,0.9832462626821548
13879,0.9985245569482502
13880,0.9987409594810692
13881,0.9966197129301205
13882,0.9989036835378241
13883,0.9985683960201872
13884,0.9991219629696861
13885,0.9985703764903266
13886,0.9987280610398995
13887,0.998999035569039
13888,0.9974262651579949
13889,0.9994477314987698
13890,0.9994636386461322
13891,0.9987000783071511
13892,0.9963463303705397
13893,0.9951026883901002
13894,0.9989909607381611
13895,0.998828673160753
13896,0.9959229081526506
13897,0.9987521685112141
13898,0.9923442238754194
13899,0.9987655335761745
13900,0.9986696787864069
13901,0.9964772942476455
13902,0.8760868490877096
13903,0.9992251010585397
13904,0.9994793434177741
13905,0.9986550162568769
13906,0.9986874579934295
13907,0.9992394689718174
13908,0.999362230230044
13909,0.9960113092119705
13910,0.3984494717177322
13911,0.9975855047004825
13912,0.998015018409498
13913,0.9994992156344402
13914,0.9996690713639281
13915,0.9982753886318817
13916,0.998094727628475
13917,0.9991125837950269
13918,0.9942667798334959
13919,0.9974542455203091
13920,0.972681502767354
13921,0.9993680541758738
13922,0.9986664588699163
13923,0.8162741098631506
13924,0.9993540398864302
13925,0.9973082900211853
13926,0.994995763548302
13927,0.9982845942074324
13928,0.9990920361963316
13929,0.9984830694282005
13930,0.9950485743971705
13931,0.9994688458874089
13932,0.9800716681320912
13933,0.9935347175489325
13934,0.9971520516502711
13935,0.9949806221804113
13936,0.9989057373633676
13937,0.9979347149186475
13938,0.9839266371820381
13939,0.9991935693280785
13940,0.999346118953441
13941,0.9965883965657666
13942,0.996400730475711
13943,0.9990828692201643
13944,0.9406029856574953
13945,0.9889024426309694
13946,0.9986698027509326
13947,0.9989945817817014
13948,0.9994057805039724
13949,0.999397196173247
13950,0.9991592661267688
13951,0.9988262229256174
13952,0.9995653624482322
13953,0.9992769726776555
13954,0.9981531280197332
13955,0.9992133724147989
13956,0.9994809027907144
13957,0.999530766002669
13958,0.9943324017381409
13959,0.9996525122966478
13960,0.9980596859365554
13961,0.999297760086744
13962,0.9989075103036207
13963,0.9952240620103261
13964,0.952633647421289
13965,0.9994880893114152
13966,0.9989120522660493
13967,0.998855691034485
13968,0.9985312681202346
13969,0.997617027979317
13970,0.99905156460676
13971,0.9987615207713113
13972,0.9993013631866021
13973,0.9975496597217589
13974,0.9994561384138383
13975,0.996908989085612
13976,0.9970601726040929
13977,0.9983700163482103
13978,0.9990925039052583
13979,0.9977497659882464
13980,0.9993307774690143
13981,0.997881069956918
13982,0.9928908644402004
13983,0.9992290339988986
13984,0.9993378018392783
13985,0.9988060372476445
13986,0.9992706355597671
13987,0.9986002120377662
13988,0.9995364426857345
13989,0.9978410645730064
13990,0.9995154631177549
13991,0.8456973700505085
13992,0.9959274088516323
13993,0.9990952918584943
13994,0.999507593558824
13995,0.9974044319654253
13996,0.9981494977506601
13997,0.999196278639303
13998,0.9996161625349042
13999,0.9991277413863962
14000,0.9994410009359015
14001,0.9992793886667245
14002,0.9987845628332979
14003,0.999227636665895
14004,0.9927381309236286
14005,0.9967570826577583
14006,0.9995816588725841
14007,0.993933080779535
14008,0.9989854063572988
14009,0.9967972570404973
14010,0.9963241221418206
14011,0.9982218844968028
14012,0.9987727276943283
14013,0.9967929733808222
14014,0.9966047178473898
14015,0.9488269964458045
14016,0.9989237006774792
14017,0.9991561334050807
14018,0.9956335297592607
14019,0.9985850583580695
14020,0.9996408121504863
14021,0.9980494283652612
14022,0.9988240821809631
14023,0.997448897263078
14024,0.9991406075699117
14025,0.975969329286187
14026,0.9980193929014302
14027,0.99884038350445
14028,0.9990627542794476
14029,0.9991690467846649
14030,0.9989375418123888
14031,0.999016382737919
14032,0.9994019916012603
14033,0.9820206771179101
14034,0.9993497020263623
14035,0.9967571937557426
14036,0.9374169588350098
14037,0.9990755742005217
14038,0.9889974428424666
14039,0.9988375002597292
14040,0.9981322456440997
14041,0.9994349739411831
14042,0.9991096542195548
14043,0.9991455337046332
14044,0.9981662661128374
14045,0.9989332126844971
14046,0.9971291495942571
14047,0.9906115199441988
14048,0.9993854484304123
14049,0.9921131450706873
14050,0.9993272906352417
14051,0.9950105902841154
14052,0.999121973030393
14053,0.9993404636487864
14054,0.9988661854319548
14055,0.9937008813876695
14056,0.9990603831252312
14057,0.9973240086296781
14058,0.8426059507642453
14059,0.9987375583785193
14060,0.8900696953058234
14061,0.9601658208828573
14062,0.9991516469064479
14063,0.9563206345761273
14064,0.9986559602629234
14065,0.9988781042621375
14066,0.9994688708043161
14067,0.9991089514388565
14068,0.9989140924713582
14069,0.9986803660198242
14070,0.9937920700810573
14071,0.9956144605012429
14072,0.998845732739861
14073,0.9989744629677182
14074,0.9969076676482204
14075,0.9951680427106491
14076,0.9976658719699165
14077,0.9991837622607981
14078,0.9990305365939518
14079,0.9989127469439928
14080,0.9988408110140612
14081,0.9986905918623722
14082,0.985338004437937
14083,0.9991834238241524
14084,0.9989010951295795
14085,0.9855436851203601
14086,0.9986267124621453
14087,0.9991685204978075
14088,0.9996167137350893
14089,0.9834483735908834
14090,0.9990536166642205
14091,0.000441864227950449
14092,7.228467836697836e-05
14093,0.00037524366566239764
14094,0.00011316991344279105
14095,0.00020853613641643603
14096,5.312023288271939e-05
14097,0.00015465664599284294
14098,0.00011853698998363814
14099,8.787601587947818e-05
14100,0.00037959389407416546
14101,0.000645434017126464
14102,0.00011724422905791492
14103,2.985937826836993e-05
14104,0.00039250412207309177
14105,0.0002871101402155717
14106,0.0009278126854668384
14107,0.0002185235053311052
14108,0.0003259619608179263
14109,4.975052358095649e-05
14110,5.593577092186206e-05
14111,4.3049786858737205e-05
14112,0.00013946617797679306
14113,5.788713520613157e-05
14114,0.0002643193225747766
14115,6.84021494876381e-05
14116,0.00015117028574402445
14117,7.139274102226429e-05
14118,0.00026215877367990846
14119,7.570019049898906e-05
14120,0.0005432613540543242
14121,0.0001318366818365513
14122,4.4094218489920744e-05
14123,0.00012065994859127016
14124,0.00013880072859010623
14125,4.656647569172369e-05
14126,0.0002715548625644608
14127,0.0005906581033120982
14128,7.904754495922464e-05
14129,0.00017479275472319624
14130,0.00013251041639084115
14131,6.577825647460213e-05
14132,9.01348657442532e-05
14133,0.0003291846625445082
14134,9.051926989615563e-05
14135,0.00017771878631753023
14136,8.787601587947818e-05
14137,0.00012512088720514103
14138,0.0002706543614545988
14139,9.941179443824571e-05
14140,0.0001892100369486097
14141,7.238513096254588e-05
14142,6.14522510768734e-05
14143,8.534616723745918e-05
14144,0.0002697302457038199
14145,0.0001938642658182401
14146,0.00018627108790557752
14147,0.00021585945513879584
14148,0.00021852012725918536
14149,0.00018627108790557752
14150,0.0002444974047952927
14151,6.860888970222108e-05
14152,0.00016365168391456713
14153,0.00011413828305519737
14154,0.00010361074586205536
14155,5.954722381233272e-05
14156,0.0003755339715401276
14157,7.912891545972916e-05
14158,5.151066258771451e-05
14159,0.0003772495879455724
14160,0.00012995127167356288
14161,0.00027843094355519337
14162,8.35855028348124e-05
14163,0.9985823745929476
14164,0.998803368542984
14165,0.9358055470364188
14166,0.9990415655304786
14167,0.9992539963728482
14168,0.0001337538485070722
14169,3.374944264901203e-05
14170,0.9984143601216352
14171,0.999135118654427
14172,0.9990153303537542
14173,0.998041304198987
14174,0.9991790576563758
14175,0.9979008980457496
14176,0.9991369525270459
14177,0.9993537483088852
14178,0.007961187120671091
14179,0.9929460152293571
14180,0.9992134850277095
14181,0.5609459229981639
14182,0.9989901409295902
14183,0.9968941463407713
14184,0.9983239653991295
14185,0.9992997049019531
14186,0.99747542035526
14187,0.9985569558345511
14188,0.956181936635067
14189,0.9979257831790724
14190,0.0006139289691511508
14191,0.9947288374319155
14192,0.9989767013584998
14193,0.9990150934698804
14194,0.9911653784894855
14195,0.9989384304709682
14196,0.9943308459614606
14197,0.9965436409700718
14198,0.9986696787864069
14199,0.9993953429776143
14200,0.0002686631323893105
14201,0.9986053880434127
14202,0.9990070563143276
14203,0.9991232783836898
14204,0.9993165808698548
14205,0.9991743519164338
14206,0.9973814581784809
14207,0.005155703941692434
14208,0.9994602951681473
14209,0.9993197923081333
14210,0.9670855912924414
14211,0.999259083584952
14212,0.9982633994192589
14213,0.998673827096084
14214,0.9962248202630186
14215,0.9990735486292938
14216,0.9992304301004004
14217,0.997330881891353
14218,0.987875420200603
14219,0.9979431372853094
14220,0.9980900704899941
14221,0.9963069633100741
14222,0.9982532543841696
14223,0.9985397637832879
14224,0.9990842170348206
14225,0.9983919520333584
14226,0.9980724373440543
14227,0.9983445371250154
14228,0.9991491403023609
14229,0.859583936246769
14230,0.9994192308287666
14231,0.9995144569826385
14232,0.0004562474838929734
14233,0.9993148872328984
14234,0.9990367557469112
14235,0.9991618553270966
14236,0.9920944995938678
14237,0.9992154477277267
14238,0.9992165390197306
14239,0.9938682022461166
14240,0.9991600380482573
14241,0.9996076981252585
14242,0.9887063967087002
14243,0.9991540843777499
14244,0.9994434701512556
14245,0.9993652520916833
14246,0.9988810524176227
14247,3.7271566769354264e-05
14248,0.9988902073003507
14249,0.9964184778156764
14250,0.9990894383074664
14251,0.9992455231961188
14252,0.9994579489609974
14253,0.8872361582939179
14254,0.9968790628356415
14255,0.9989564222198325
14256,0.9990379160154131
14257,0.9984893834963273
14258,0.9989221466761385
14259,0.9987717031618597
14260,0.9996040510726415
14261,0.9990202449706487
14262,0.99895881528191
14263,0.9993893796729383
14264,0.987265602215268
14265,0.998634066290776
14266,0.9993116147182834
14267,0.9989710483735863
14268,0.9987699757793839
14269,0.9993520224643417
14270,0.9953567674508343
14271,0.9994840018644745
14272,0.9990686886149989
14273,0.9768077077056907
14274,0.9921579635749384
14275,0.999171107572824
14276,0.9988621985740943
14277,0.9995228764111104
14278,0.9956826268041575
14279,0.9963703785169475
14280,0.9967221053129987
14281,0.9989379146267419
14282,0.9993329765367631
14283,0.996708022272522
14284,0.9932421238256749
14285,0.998778321002053
14286,0.9991322639138767
14287,0.999500672780254
14288,0.9986259271331309
14289,0.9984047032726507
14290,3.6617879474994484e-05
14291,0.00022784555651431105
14292,0.9994852345351168
14293,0.9990831278331689
14294,0.00024356708056601497
14295,0.9987047663630089
14296,0.9989120253088066
14297,0.998600041187883
14298,0.9952325787081675
14299,0.9973574939100514
14300,0.8959792799710607
14301,0.998114130922307
14302,0.9990440151964245
14303,0.9973690985287323
14304,0.9996632926330771
14305,0.9936300610993014
14306,0.9984736816012239
14307,0.992995502341534
14308,0.9989629132787667
14309,0.9989299795886037
14310,0.9978696302490918
14311,0.9989893957997601
14312,0.9987811910559701
14313,0.9979749042467958
14314,0.9965215843420919
14315,0.9987247493833517
14316,0.9942017571576174
14317,0.0005058532336077194
14318,5.540472493088533e-05
14319,8.76088936618696e-05
14320,0.0016831103176863122
14321,0.0005990983064857266
14322,0.000292533024164242
14323,7.150783437743816e-05
14324,5.219674922656819e-05
14325,0.00036844577281388397
14326,4.3188023554217706e-05
14327,0.00012564565466424027
14328,0.0008859240335133022
14329,0.00033623687050998854
14330,2.974198692366906e-05
14331,0.00025837922226351124
14332,0.00018231343663316246
14333,0.003153285949458252
14334,5.648740256636164e-05
14335,0.00015785593438061998
14336,0.0005229504544470757
14337,0.0011794688853827525
14338,0.0001253336999668413
14339,0.01156973853160653
14340,8.607593240417464e-05
14341,0.00020831431746376906
14342,9.44306517468053e-05
14343,0.0003091883261023798
14344,0.0001711406287011638
14345,0.00010366109184856838
14346,0.00016526631355430647
14347,9.623401087736444e-05
14348,5.3585271234550834e-05
14349,4.186148434926449e-05
14350,1.581313274822674e-05
14351,5.940719957128822e-05
14352,9.685206673008061e-05
14353,1.2379984180869654e-05
14354,0.0001460688105067064
14355,3.5726799656831396e-05
14356,0.0003687422703721377
14357,4.0015314750903606e-05
14358,0.007109443118294312
14359,0.00013902812644775298
14360,1.5347793691854343e-05
14361,0.00022453466006440583
14362,0.00010097965491145727
14363,0.0004281593306256084
14364,0.0005148810381499285
14365,0.00807629769318595
14366,0.0001242021559900211
14367,1.967745384151087e-05
14368,0.00012968828925801292
14369,0.0011742245536149414
14370,0.0016116818712522533
14371,0.0003223586022502312
14372,2.25473352248888e-05
14373,0.0003228533891192825
14374,0.8196068047179245
14375,0.00017167685377453043
14376,0.0002878524470878063
14377,0.03219080968514262
14378,0.000935729201669504
14379,0.0004368046673278352
14380,0.00045571562041891593
14381,1.0987568958721552e-05
14382,0.0002957628510744358
14383,0.0007117863140542955
14384,0.0003761014032723559
14385,0.00020164185167154044
14386,0.0005006206555075639
14387,0.0002004427808827576
14388,0.0007002356714143609
14389,0.0012946572362279075
14390,2.4270791542773437e-05
14391,0.000966332662922469
14392,0.0024217099932776352
14393,0.00019739944532394958
14394,0.0005564668618504796
14395,2.787499607829276e-05
14396,0.00031422296148568866
14397,0.00013895540189197745
14398,0.0014598990852895748
14399,0.000187836625841241
14400,0.0002912655917291672
14401,0.003870917410623137
14402,1.3025416646919983e-05
14403,0.0006449089885304975
14404,0.0010245151562449418
14405,6.303919143785167e-05
14406,0.00035989980618867496
14407,0.00028340875283539024
14408,5.712485592339099e-05
14409,0.00031426296611480474
14410,0.0004430353425173062
14411,0.003429651922080551
14412,0.00026305641409385595
14413,7.409887189779793e-05
14414,0.00019262255701144192
14415,0.00010420348104707612
14416,0.007048098592516238
14417,3.8795287505716185e-05
14418,3.59228468768403e-05
14419,0.00066489810649559
14420,0.00024742048216381006
14421,0.00014001657748375658
14422,4.330585699300176e-05
14423,0.000247680501667963
14424,0.0006863432129141532
14425,0.0021976401962680242
14426,0.00020846346399062344
14427,0.00018612255117182443
14428,0.0001392058983399744
14429,0.00014488249822063945
14430,0.0003392660188738804
14431,0.0025441841366514967
14432,0.0004430361998502593
14433,0.00018916288486369015
14434,1.739233378674618e-05
14435,0.00033012206320647637
14436,0.0006103567145903704
14437,0.00017812620752328127
14438,4.868306010521335e-05
14439,0.0005715587917350291
14440,0.000270587035011791
14441,0.00014972468283030817
14442,0.000914568128178736
14443,1.734299320309663e-05
14444,1.4842198610149456e-05
14445,0.00032179513093901234
14446,0.0019129168729936196
14447,0.0009479461928591381
14448,8.082942054257351e-05
14449,0.00010760183606951972
14450,0.0035007951716199645
14451,0.00015018785988166162
14452,9.100661460650694e-05
14453,0.002473243914047544
14454,2.643364199654457e-05
14455,0.0006703406940556223
14456,0.0862216352786974
14457,0.0002896287512354213
14458,0.0003509941165179618
14459,0.006812930836338227
14460,0.9977076683630625
14461,0.9938174905208792
14462,0.9995991890386621
14463,0.00027420490441917633
14464,0.9993036634341368
14465,0.9657158913501371
14466,0.9992608967201176
14467,0.9991957715613315
14468,0.9976181263955481
14469,0.010655473136807739
14470,0.9986881148794358
14471,0.997492782240037
14472,0.00020436062158214806
14473,0.0004761826563154177
14474,0.9989656080984235
14475,0.9990577874481155
14476,0.999367868737291
14477,0.9990626355039515
14478,0.9923171761902828
14479,0.9994326200965511
14480,0.9060614218198226
14481,0.9990180142296669
14482,0.9987292752918321
14483,0.999254748223133
14484,0.998708176391493
14485,0.9981366102506808
14486,0.9980168323596764
14487,0.99459826177258
14488,0.9993329536196708
14489,0.9979825868970187
14490,0.9994038529072351
14491,0.998821904311326
14492,0.9983246983643532
14493,0.9961297599259662
14494,0.9987794019833006
14495,0.9981477941244608
14496,0.9989335592271912
14497,0.9988488896878469
14498,0.9991622321415743
14499,0.9994222361618964
14500,0.9760592423181075
14501,0.999102334153364
14502,0.9983524852425839
14503,0.9973464996131034
14504,0.9983691601217558
14505,0.999187183075801
14506,0.9940328912826006
14507,0.9993765431093865
14508,0.9793557312830096
14509,0.9992535467036308
14510,0.9949008392606121
14511,0.9930504265033772
14512,0.980628773004688
14513,0.999549985146961
14514,0.9988998745025773
14515,0.7259802593639205
14516,0.9980060097785405
14517,0.9988443500876728
14518,0.997674661520042
14519,0.9814253801425032
14520,0.9960705559563372
14521,0.9990185629311971
14522,0.9990091541321543
14523,0.9985039240211484
14524,0.9991507848558467
14525,0.9996285242826258
14526,0.9979949637798449
14527,0.9096886608989307
14528,0.9994224988599838
14529,0.9987375583785193
14530,0.998079129023422
14531,0.9980777187641696
14532,0.9994756085850269
14533,0.999128877533155
14534,0.9986907601953989
14535,0.9985555367400553
14536,0.9988069001554255
14537,0.9980356965931887
14538,0.9988822551394559
14539,0.998969966678594
14540,0.9972616437862041
14541,0.9951155810618337
14542,0.997653615421692
14543,0.9970929167780875
14544,0.9985472358716658
14545,0.9920223124256006
14546,0.9993825560349339
14547,0.9980410056338177
14548,0.9995554608110712
14549,0.9952395413253352
14550,0.9913562935121012
14551,0.9988314389504409
14552,0.9996654704798971
14553,0.9962453145304571
14554,0.9995273841473575
14555,0.9894442238510643
14556,0.9992562140020205
14557,0.997801624899982
14558,0.9995098344307766
14559,0.99936888947849
14560,0.9982230027633952
14561,0.9993611965980567
14562,0.997069574532079
14563,0.972079671719161
14564,0.9972741255195396
14565,0.9996026582583529
14566,0.9987063969488139
14567,0.9979624244952995
14568,0.9983203284854419
14569,0.994435626190821
14570,0.9984886952980958
14571,0.9940801818548091
14572,0.9982415348368426
14573,0.9995393729892657
14574,0.9987066638492099
14575,0.9997207328534363
14576,0.9956041274909556
14577,0.9951953901611255
14578,0.9995673182837567
14579,0.9988588018588177
14580,0.9993265459428552
14581,0.9854805678247867
14582,0.9981569146031122
14583,0.9985776406835153
14584,0.9614351107075052
14585,0.9994287115856617
14586,0.9994988925759468
14587,0.9984109417264875
14588,0.9983306889434463
14589,0.982818730976726
14590,0.9983169568682256
14591,0.9990098333753196
14592,0.9849001547755633
14593,0.9988202452570508
14594,0.9928488408216672
14595,0.9993384798097996
14596,0.9989797994135979
14597,0.9995071922257955
14598,0.9993683530406263
14599,0.9987331917956608
14600,0.9987828631034379
14601,0.9832834993678953
14602,0.9983318474071899
14603,0.9979316616477971
14604,0.9981911906928822
14605,0.998524677862449
14606,0.9992085087822162
14607,0.9991106800400444
14608,0.9993116292158982
14609,0.99157287568797
14610,0.9975694728258879
14611,0.9973762108110616
14612,0.9991692103647027
14613,0.9948704553388464
14614,0.992901897957542
14615,0.8465850950554267
14616,0.9995371388840489
14617,0.9956958035463513
14618,0.9857554899761084
14619,0.999390041357242
14620,0.9991070650312648
14621,0.9984139426042403
14622,0.9987869320238648
14623,0.99877929186547
14624,0.9987632353064378
14625,0.9992825099962246
14626,0.9990087348100816
14627,0.998791470790226
14628,0.9972612971756228
14629,0.9968671922251695
14630,0.9989549537205525
14631,0.9989105027495228
14632,0.999261843104392
14633,0.9993208952730341
14634,0.9988411383579522
14635,0.9990698650048587
14636,0.995912081995324
14637,0.9990880462460822
14638,0.993244050325277
14639,0.9957943394806232
14640,0.00017360333993581781
14641,0.9993639137022899
14642,0.9977882640412524
14643,0.9994826637929962
14644,0.9966318590955208
14645,0.9994772623779791
14646,0.9979325911388816
14647,0.9988269591265316
14648,0.9976269109134909
14649,0.9975262702890116
14650,0.9986941540169426
14651,0.9993863956135
14652,0.9990410841470154
14653,0.999049043307442
14654,0.9970095434755374
14655,0.9983749811279518
14656,0.9956736398362624
14657,0.999181471786999
14658,0.9989784995111731
14659,0.999135994222153
14660,0.9995807305823042
14661,0.9994010966703541
14662,0.9923200208709376
14663,0.9994011019575901
14664,0.9988067318642554
14665,0.9971010436306738
14666,0.999062303141755
14667,0.9977080503572775
14668,0.9992636863031388
14669,0.9976300825810315
14670,0.9968756997855457
14671,0.9990901876874845
14672,0.997763283816408
14673,0.9996399043861613
14674,0.9958244783817595
14675,0.9982521138543328
14676,0.9991507431099381
14677,0.9986723816177004
14678,0.9979881651874047
14679,0.9991239064532724
14680,0.997750867796585
14681,0.9888798157865559
14682,0.618995266879121
14683,0.9975945777024954
14684,0.999097310362318
14685,0.9994086903580166
14686,0.9977581561292358
14687,0.9959353917449
14688,0.9993925815565251
14689,0.9995212479410073
14690,0.9961700501383782
14691,0.9990033716020497
14692,0.9979785941407988
14693,0.9985647999287733
14694,0.9973375422291487
14695,0.9989370669138499
14696,0.997402945601592
14697,0.9984055956404886
14698,0.9993404352093711
14699,0.9993260658789365
14700,0.9990115575167055
14701,0.9991848352431298
14702,0.9818893577311182
14703,0.9994742917679129
14704,0.9994349739411831
14705,0.9931567856802265
14706,0.9965205968047344
14707,0.9954607828299306
14708,0.9983574838893831
14709,0.997778633022243
14710,0.9991830498332996
14711,0.9976789100952987
14712,0.9971151719686031
14713,0.9046138089264834
14714,0.9982150879137371
14715,0.997667999797978
14716,0.995877201276947
14717,0.9995228764111104
14718,0.9939647545854432
14719,0.997653615421692
14720,0.9992550736694197
14721,0.9982886874858349
14722,0.9994268449701399
14723,0.99926468758725
14724,0.994133401569852
14725,0.9979130315930435
14726,0.9993586323952273
14727,0.9993552354608298
14728,0.9991608658314892
14729,0.9990702306029141
14730,0.9967074397774781
14731,0.9933725657331938
14732,0.9990734298877868
14733,0.9981680155936888
14734,0.9990374917438365
14735,0.9981534180500852
14736,0.9984299590243593
14737,0.9994750100765551
14738,0.9851556984802997
14739,0.9990072012011844
14740,0.999477532901822
14741,0.9724453635825455
14742,0.9731908761836097
14743,0.9991256893400303
14744,0.9977274430465275
14745,0.9921511768846931
14746,0.9990165423148977
14747,0.9991412776790348
14748,0.00013177168063920402
14749,0.00013569249920544052
14750,0.00024273864697796317
14751,0.0001872939811924754
14752,0.0004086360886088417
14753,0.0002955669741544732
14754,0.0005352666289781315
14755,0.00017331287384792272
14756,0.00018627108790557752
14757,0.0042510075636521425
14758,7.151359200173846e-05
14759,7.606566229611733e-05
14760,0.0009272137704202678
14761,8.489018502252568e-05
14762,0.00021326216529755066
14763,0.00021818020520456273
14764,0.00068221471698575
14765,0.001146263741860073
14766,0.0005041220016544657
14767,0.00016821297506591293
14768,0.00013840467693368888
14769,6.118825612371627e-05
14770,0.9991658868549629
14771,0.9991850871608465
14772,0.9986185499438358
14773,0.9984991302684088
14774,0.9987763620604326
14775,0.9977920119605327
14776,0.9970931036466468
14777,0.9994287115856617
14778,0.9964973043827123
14779,0.9957713270896213
14780,0.9989638883391412
14781,0.9973843176587045
14782,0.9990733588121313
14783,0.9996198033247755
14784,0.998744715358233
14785,0.9988256863933055
14786,0.9992427769657519
14787,0.999419910087389
14788,0.998769040687297
14789,0.8462174384445915
14790,0.9955081053679733
14791,0.9983908780352072
14792,0.9988274140660796
14793,0.9994918882451251
14794,0.9985037870460405
14795,0.9993871276042687
14796,0.9981937397252922
14797,0.9990883234309395
14798,0.999376305632684
14799,0.9704055826282685
14800,0.9986109238788368
14801,0.9404574785124433
14802,0.997499347387012
14803,0.9962187539169586
14804,0.9905327167532512
14805,0.9975090545094756
14806,0.9989777689761978
14807,0.998741061313327
14808,0.9986771312815451
14809,0.9991369525270459
14810,0.9973506792867513
14811,0.9967905839718124
14812,0.9994966937775351
14813,0.9994217013062527
14814,0.9994101432294945
14815,0.9992473296660136
14816,0.9988530387323121
14817,0.9982244706602728
14818,0.9991227413310101
14819,0.9992238278266729
14820,0.9983530666669894
14821,0.9989747851058086
14822,0.9992143536904804
14823,9.442123797814967e-05
14824,0.9972001145393504
14825,6.0674252062229266e-05
14826,0.9990602709328461
14827,0.0010349132449083726
14828,0.9993858597299463
14829,0.9969705925042007
14830,0.9886498812740644
14831,0.9985884744804345
14832,0.9985858924339287
14833,0.9990252998614133
14834,0.9975453229322842
14835,0.9995116460557194
14836,0.989687031369601
14837,0.9987063969488139
14838,0.9992494868071387
14839,0.9994451049187734
14840,5.41623901471048e-05
14841,0.00015198441843261533
14842,0.0005476303145605905
14843,6.446780303149921e-05
14844,0.0004955153520794719
14845,0.052251172055129365
14846,0.0001289075990141996
14847,0.0041932069339715525
14848,7.1181240467953e-05
14849,5.190112329157466e-05
14850,0.00023675613390776288
14851,0.00010928624539280105
14852,0.0005650567314461638
14853,0.13614206409551052
14854,9.761548396144486e-05
14855,4.083190422953645e-05
14856,2.9898960122194962e-05
14857,0.0010788684083551056
14858,0.0007793496544481988
14859,9.791734912410147e-05
14860,0.9666640547482657
14861,0.00010790684807047807
14862,0.0004351629609203728
14863,0.0007173253177303522
14864,0.00036965228090188556
14865,0.0011328113694727508
14866,0.00010187628299510291
14867,0.00036858438046383983
14868,1.2038127023310773e-05
14869,0.00042470548829080996
14870,5.1616014742726986e-05
14871,6.820616808021662e-05
14872,0.0018379949193157046
14873,0.0020641741580410197
14874,9.783697757686501e-05
14875,5.7300371564023104e-05
14876,0.0009770048414951156
14877,0.0016465124649001756
14878,9.742981922470875e-05
14879,7.200317443332193e-05
14880,0.0006938995200537044
14881,0.0016773113368913895
14882,4.0043173638638376e-05
14883,0.00011952703287206611
14884,2.6929910143411387e-05
14885,6.893288014987525e-05
14886,0.00033012206320647637
14887,0.0008498334359706991
14888,0.0008114257560313785
14889,8.074288360089523e-05
14890,4.1791671695814414e-05
14891,0.9991013538457751
14892,0.9991492347393197
14893,0.9911441464880935
14894,0.9960482817703538
14895,0.9988895894885388
14896,0.9962859210447402
14897,0.997334629980478
14898,0.9990439941818161
14899,0.999272693386393
14900,0.9737391218912979
14901,0.9982488593103109
14902,0.9992761907010765
14903,0.9983686996341332
14904,0.998137652604394
14905,0.9990061826601894
14906,0.9932566865743218
14907,0.9993868529045059
14908,0.9994580558093927
14909,0.997865632230491
14910,0.9988404148320058
14911,0.9987022739542989
14912,0.9992009628756835
14913,0.9983305627422662
14914,0.9991001267200258
14915,0.998334749912871
14916,0.9986374780303113
14917,0.9994772990717712
14918,0.9950937622537851
14919,0.9996627073889605
14920,0.998139902853098
14921,0.9974865663998098
14922,0.9038450484534457
14923,0.99776277366276
14924,0.9817062220123705
14925,0.9983332444472008
14926,0.9960204874231369
14927,0.9982304879387425
14928,0.9970810522521852
14929,0.9991938354117609
14930,0.9866549530559955
14931,0.9986481703315725
14932,0.9985751020654307
14933,0.9991878704618234
14934,0.9912748924687652
14935,0.9974091074692689
14936,0.9987941233589541
14937,0.9950398480349073
14938,0.9994384877588496
14939,0.9989622489271532
14940,0.9961831693829907
14941,0.9992485290410701
14942,0.9829183047713527
14943,0.9993680768584089
14944,0.9992116928768059
14945,0.9941875318563604
14946,0.979690258426242
14947,0.9981853868089154
14948,0.9884469261224318
14949,0.9976888827002787
14950,0.9988341732067829
14951,0.9986216881952104
14952,0.9992273046916816
14953,0.9888618244299736
14954,0.9991040764376286
14955,0.9673555401517491
14956,0.998424329917594
14957,0.9933352778496175
14958,0.9992851686049441
14959,0.9983946633283062
14960,0.9984704925752544
14961,0.9986287927929763
14962,0.998181306282964
14963,0.9697002257949625
14964,0.9944682315269485
14965,0.9987862939899884
14966,0.9987322241220595
14967,0.9992953221606191
14968,0.9982068315982408
14969,0.9993756783145203
14970,0.9992154477277267
14971,0.9974223200960068
14972,0.9991839245974599
14973,0.9982814133067699
14974,0.9986958520738936
14975,0.9934031259609735
14976,0.9993310916335565
14977,0.998649094036155
14978,0.9991710974361907
14979,0.9994968327031769
14980,0.9951571182029264
14981,0.9994235652489957
14982,0.9950819015582867
14983,0.9992839919709993
14984,0.9955997150534963
14985,0.9994736512929643
14986,0.9988834526374416
14987,0.999338372991869
14988,0.9993032529171274
14989,0.9991412943869659
14990,0.9984468272811624
14991,0.9988531847071989
14992,0.992429862918291
14993,0.9993524472471323
14994,0.9978662293007532
14995,0.9979380673932742
14996,0.996110173645393
14997,0.9981765944219468
14998,0.9991954116597586
14999,0.9973735222985431
15000,0.9974145161071721
15001,0.9994857292340473
15002,0.7774774084998857
15003,0.9991436362024131
15004,0.9913350777956385
15005,0.9985544239379064
15006,0.999433006572027
15007,0.9994966937775351
15008,0.9983827162102948
15009,0.9953805438358295
15010,0.9993638452332074
15011,0.9993999352560415
15012,0.9983911322226899
15013,0.9996687329826814
15014,0.9992321584972295
15015,0.9949223895108193
15016,0.9967647463110787
15017,0.9984722229505245
15018,0.0002368875919523366
15019,0.0002820403729895079
15020,0.00021915208689161849
15021,0.00014845439411910225
15022,0.00015117028574402445
15023,0.000244973493051363
15024,0.0001117691027569776
15025,0.9984300087845249
15026,0.9983734373421268
15027,0.9990801297548731
15028,0.9992229577254995
15029,0.9962414939402252
15030,0.9925837618840275
15031,0.9987190657585248
15032,0.9124945057962051
15033,0.9805332845129532
15034,0.9994521028548888
15035,0.9995078150159531
15036,0.9983532400598923
15037,0.9990895945576197
15038,0.9980795334035053
15039,0.9990402160773485
15040,0.9993382437875666
15041,0.9993733785564688
15042,0.994792064617304
15043,0.9918713760061374
15044,0.9954240440246861
15045,0.9995448693730221
15046,0.9960238084268771
15047,0.9892289554196536
15048,0.9985654686890828
15049,0.9570007162177097
15050,0.9980310032756553
15051,0.9987811910559701
15052,0.997973836268733
15053,0.9933720113244103
15054,0.9986508758200674
15055,0.9987710980884699
15056,0.0006970531012682297
15057,0.9990806121688915
15058,0.9990716868762055
15059,0.9977842064622915
15060,0.9969934382907744
15061,0.9991149857265278
15062,0.9987249162547883
15063,0.9959020479156039
15064,0.9993123570382266
15065,0.9966017628477296
15066,0.9990604443956117
15067,0.9995139715728549
15068,0.9966566255846132
15069,0.9924577393084201
15070,0.9986960590611569
15071,0.9983810639382124
15072,0.9993856808763989
15073,3.346443248344247e-05
15074,5.8838710528389104e-05
15075,8.951913004808768e-05
15076,0.0014703936439189387
15077,7.190994284429189e-05
15078,0.00019239082758304486
15079,7.264179777911418e-05
15080,7.727623772760008e-05
15081,1.4956433268967892e-05
15082,6.02992187940644e-05
15083,0.00029662270908832855
15084,0.00016070186143371835
15085,0.00015646982545181946
15086,0.004227388930308513
15087,0.00034439472457540655
15088,0.0005853103773444791
15089,0.0009612241948899664
15090,6.43655692387931e-05
15091,0.23096039761653578
15092,0.0003382036938508277
15093,0.00017360316866284556
15094,0.0002514849044741406
15095,3.5894534949781343e-05
15096,6.200191583770827e-05
15097,0.004730435075648508
15098,0.29705058995056843
15099,3.27335476440436e-05
15100,0.00016718264954012341
15101,0.0010459524730058096
15102,0.0003222954517660777
15103,5.675924520913745e-05
15104,0.0005249927520584649
15105,0.0011631500887588691
15106,0.0005328326305612988
15107,0.99434536465706
15108,0.9990183953108966
15109,0.997959016442769
15110,0.997642318779163
15111,0.9995465779071301
15112,0.9990012079983694
15113,0.9983685284213227
15114,0.9987594802653216
15115,0.9990925039052583
15116,0.9869601569906171
15117,0.9992384050209409
15118,0.9981824659424428
15119,0.9984703124011014
15120,0.9850924909842651
15121,0.9984407679169004
15122,0.9984877103134944
15123,0.9981440128604665
15124,0.9991549816827604
15125,0.9905092305566513
15126,0.9993540398864302
15127,0.9987467438371722
15128,0.9989713594919172
15129,0.9941281521220295
15130,0.9962153311383236
15131,0.9799015643733123
15132,0.9993883504420087
15133,0.999219103344956
15134,0.9984904625472923
15135,0.9972947009959596
15136,0.9983192675762615
15137,0.9995276591705974
15138,0.9985999366739351
15139,0.9980861234889011
15140,0.9990323493108423
15141,0.9987209801503659
15142,0.9788856889946647
15143,0.990413167727467
15144,0.9991338400935854
15145,0.9990393053713378
15146,0.9995400297850707
15147,0.9988047430496597
15148,0.9991888564510829
15149,0.9993853485959705
15150,0.9995135531336637
15151,0.9993499768430743
15152,0.9986193901698096
15153,0.9897856055446852
15154,0.9642598458134396
15155,0.9983629328056708
15156,0.9965150229073655
15157,0.99956784712522
15158,0.9968498150992889
15159,0.9978536540585636
15160,0.9994937603773177
15161,0.9985000588688439
15162,0.9992811699863146
15163,0.9989785943149211
15164,0.99860188282313
15165,0.9994865618063887
15166,0.9962311407178028
15167,0.9983576328812988
15168,0.9989113822667812
15169,0.9901686566246912
15170,0.998722885804207
15171,0.9986656654665508
15172,0.9982182025168747
15173,0.9982912600137558
15174,0.9970052863660345
15175,0.9982825627245566
15176,0.9963483662699547
15177,0.0002731484443503423
15178,0.00045464683446429276
15179,0.00018239146049047936
15180,0.9983550615015162
15181,0.9994172022947394
15182,0.9930685482089517
15183,0.9994659614297303
15184,0.9992991491961158
15185,0.9989360950380517
15186,0.9982679231505058
15187,0.9994033710639658
15188,0.9948725919465659
15189,0.9993293749122867
15190,0.9992735309215933
15191,0.9981261954833015
15192,0.9992387105356644
15193,0.999457774271599
15194,0.9989899547713798
15195,0.9982220293868302
15196,0.9971927521957243
15197,0.9991015076006028
15198,0.9986694704879722
15199,0.9991768883448894
15200,0.9989166834603935
15201,0.9989230514685621
15202,0.9986776697964801
15203,0.9977118915345906
15204,0.9980713736119156
15205,1.7008731544184957e-05
15206,0.9990911111202432
15207,0.9951058002081951
15208,0.9985964853168179
15209,0.997912999462281
15210,0.9982499972098855
15211,0.9994231843525002
15212,0.9990975413400573
15213,0.999070281798904
15214,0.9990911111202432
15215,0.9985034818690819
15216,0.00019033752865631285
15217,0.0004442566314796093
15218,8.201904377114459e-05
15219,0.00025138994571132894
15220,0.00019345435312561493
15221,7.153931160445641e-05
15222,0.005953371396903991
15223,0.3490190906014312
15224,0.00041852858690972285
15225,0.0005926670171337672
15226,0.00014958603249969765
15227,0.002569594036209659
15228,9.605719233892073e-05
15229,0.0001220730883619801
15230,0.0001670775019834083
15231,0.07189396511666574
15232,0.00040650272832931834
15233,3.9572911511013e-05
15234,0.0007755173700092334
15235,4.734869090335762e-05
15236,0.006857493197773762
15237,0.004746304687042264
15238,0.005930372263372244
15239,0.00023948813673189745
15240,0.9990893663516505
15241,0.9990177823682626
15242,0.9996251927664581
15243,0.9951368996174844
15244,0.9993282761090532
15245,0.9994434347925678
15246,0.999550498620838
15247,0.9994507219378996
15248,0.9928415915008947
15249,0.996355167424921
15250,0.9988669047792873
15251,0.9993386073006821
15252,0.9905655432548265
15253,4.896101151268926e-05
15254,0.9967101873718699
15255,0.9995800686504696
15256,0.9913971892758675
15257,0.9987455858986891
15258,0.9964768241099845
15259,0.9995750776905352
15260,0.9988535713418242
15261,0.9994167889439461
15262,0.997859428084368
15263,0.9993456233748184
15264,0.9981494977506601
15265,0.9996285600870632
15266,0.998848452837476
15267,0.9991879473375799
15268,0.9976092036231669
15269,0.9924641955638713
15270,0.9984476797638271
15271,0.9984754550566947
15272,0.9980133068957787
15273,0.997997076773329
15274,0.9991188177593991
15275,0.9989133286181222
15276,0.996776762372584
15277,0.998855150670124
15278,0.9965948466473391
15279,0.9842254770072265
15280,0.9991935693280785
15281,0.00015239872425966525
15282,0.00010277462687047086
15283,0.00021464108815261672
15284,0.0002575488147787615
15285,0.9977854192328297
15286,0.9980965337346216
15287,0.9990186048431966
15288,0.9996528722176425
15289,0.9992084476065186
15290,0.9947412102488752
15291,0.9983375629413488
15292,0.999657973449935
15293,0.9991570219614515
15294,0.9989971096811582
15295,0.9989870330906335
15296,0.9992875087219126
15297,0.999086138018064
15298,0.9947220015869838
15299,0.9893805217993914
15300,0.9994349739411831
15301,0.9990455191570221
15302,0.9987864512848107
15303,0.9965003840284032
15304,0.9992894838672133
15305,6.812223732186826e-05
15306,0.944759088389598
15307,0.9972317398535308
15308,0.9988748190988345
15309,0.9861940425495622
15310,0.9993205750291925
15311,0.9787856733721803
15312,0.9985972409044465
15313,0.9993962900757398
15314,0.9981777439598474
15315,6.612196281946097e-05
15316,0.0002243110306225794
15317,0.00025337850998652985
15318,0.00014986038478684502
15319,0.0015943022533344584
15320,0.00013542167636458496
15321,3.358378074449307e-05
15322,5.0412472790357724e-05
15323,0.0007607021132549819
15324,0.00034150879449372485
15325,0.0011934322762618542
15326,0.9988236294704756
15327,0.9957074790705736
15328,0.997481113764449
15329,0.9961868969513872
15330,0.9989141324626363
15331,0.9993494403534874
15332,0.9990505643632571
15333,0.9938326019210431
15334,0.9985354914723203
15335,0.9996195506619142
15336,0.9930773879922761
15337,0.9959121871769032
15338,0.998720276140688
15339,0.935885278476575
15340,0.9981199526847012
15341,0.9854948363008975
15342,0.996122208333765
15343,0.39281920722096836
15344,0.9979367937507633
15345,0.9987479797944453
15346,0.9991370480450341
15347,0.9864156341617399
15348,0.9989545305745331
15349,0.9988698539589413
15350,0.9989593342955522
15351,3.484319592064885e-05
15352,0.0001806386500835791
15353,0.9972303067466705
15354,0.9681484165737733
15355,0.9970257408973021
15356,0.8711699185916708
15357,0.9995371388840489
15358,0.998105683053933
15359,0.9989679475435275
15360,0.9965895240776103
15361,0.9985429378415748
15362,0.9994053219834333
15363,0.9891863543165216
15364,0.9986503544607869
15365,0.9978799227140509
15366,0.9992278305204415
15367,0.9983417031066618
15368,0.999130649494405
15369,0.9992177878159257
15370,0.9985933709638964
15371,0.9994446264354946
15372,0.9988854093714461
15373,0.9985603658212687
15374,0.9994536306407543
15375,0.9960426338756848
15376,0.9994976011581304
15377,0.9985090931757689
15378,0.998584453487342
15379,0.0008423017200785696
15380,9.613625768046388e-05
15381,9.781710392967377e-05
15382,0.0001675820433498993
15383,0.0006878218374246879
15384,0.0002872587514069604
15385,0.0005366036388059239
15386,0.000733517871897867
15387,0.0015912530111240654
15388,2.1975227414286244e-05
15389,2.4816277062840218e-05
15390,0.0001357715472892358
15391,0.0005394230550679828
15392,0.997553522010775
15393,0.9954381691811178
15394,0.9994276526038582
15395,0.9990680850923743
15396,0.9992078285025835
15397,0.9996280606599629
15398,0.9944268107118915
15399,0.9945982232105706
15400,0.9988368058186529
15401,0.9990457723172657
15402,0.9990882989162072
15403,0.9990534879939577
15404,0.9991218658581479
15405,0.9991738530493744
15406,0.997353324360272
15407,0.9992524184283198
15408,0.9996996029134584
15409,0.9987165992583694
15410,0.9994433736289869
15411,0.9993252737852435
15412,0.9988889361052724
15413,0.9980932340372982
15414,0.999397196173247
15415,1.5247579582218595e-05
15416,0.996129742153848
15417,0.9989701462490156
15418,0.998216223494034
15419,0.9994011759665177
15420,0.9957816736960529
15421,0.9989225904922485
15422,0.9987313287449399
15423,0.9988627190893936
15424,0.9973736744434145
15425,0.00022670321310490457
15426,0.9984704925752544
15427,0.9976999765007868
15428,0.009570627737156088
15429,0.0006900137105858
15430,5.7291421669419316e-05
15431,0.9846398739843516
15432,0.999576873735018
15433,0.9941111355759783
15434,0.9985726037574142
15435,0.9983976271815181
15436,0.9991903943873195
15437,0.9987397013032673
15438,0.9856585547721863
15439,0.000498083966181342
15440,0.9992664107093151
15441,0.9994556704817366
15442,0.9975366660784812
15443,0.9930947285254644
15444,0.9987042258159033
15445,0.9995372969416267
15446,0.9991048903968128
15447,0.9989218239293551
15448,0.9980454687907613
15449,0.9990734424041405
15450,0.9968284966752049
15451,0.9984930937420696
15452,0.9930659460103387
15453,0.9978495225561572
15454,0.9973017496230341
15455,0.00029680499400820524
15456,0.0002960374705413349
15457,0.0009532496240934778
15458,0.00010177726525846378
15459,0.0003420710453775673
15460,0.0001591842704131982
15461,9.304724612276519e-06
15462,0.9994117605010441
15463,0.9960403783360268
15464,0.9975653363299242
15465,0.9965024287019095
15466,0.9971328503617288
15467,0.9988017170159956
15468,0.9990540534042429
15469,0.9989769094506781
15470,0.0001806386500835791
15471,8.362695587551272e-05
15472,0.00011366557508873186
15473,0.9993084139683934
15474,0.9987642380657187
15475,0.9993832814377366
15476,0.9994306217398542
15477,0.9989734930609873
15478,0.9994236145331932
15479,0.9993553019889848
15480,0.9978715975605447
15481,0.9950462830152919
15482,0.9988736682455874
15483,0.999343622497837
15484,0.9993383549404227
15485,8.16363633187533e-05
15486,0.0005447895235242357
15487,0.00016345068785836683
15488,0.0004503788615054975
15489,0.00015082773310878705
15490,0.9619768238676529
15491,0.9971785253294421
15492,0.9961384008034811
15493,0.9969463212980477
15494,0.9984439700090683
15495,0.00028957103480665416
15496,0.999507593558824
15497,5.7611198352806776e-05
15498,0.9994380326083878
15499,0.9991600380482573
15500,0.9991382269154572
15501,0.9957174391769977
15502,0.9993147465151045
15503,0.00028885122311170453
15504,0.0007796708908738176
15505,0.9985502343509448
15506,0.858492226361051
15507,0.9989574579251665
15508,0.9951332784147532
15509,0.00011897701272824781
15510,0.0001530510500016785
15511,0.9996410082555713
15512,0.9992953934524466
15513,0.9983929441514815
15514,0.9989547896822769
15515,0.9991730308723595
15516,0.9984248819971296
15517,0.9984218835544075
15518,0.99859926679133
15519,0.0002955717116364158
15520,0.997927531514599
15521,0.9991705359866128
15522,0.9496837810148957
15523,0.9995729798048947
15524,0.9982972247406511
15525,0.999501736417567
15526,0.00011250162837602819
15527,0.999065163458186
15528,0.9985995703171703
15529,0.997244008875368
15530,0.9991622117373641
15531,0.9988818927484029
15532,0.9994683889313879
15533,0.9985036104174327
15534,0.996940921710614
15535,0.00017474179773111875
15536,0.9977213734970939
15537,0.9975558992571487
15538,0.9979042088127361
15539,4.296029813125821e-05
15540,0.9990657933761258
15541,0.9952820165605143
15542,0.9965153488863255
15543,0.9984739096235887
15544,0.9983226048113093
15545,0.995052271836217
15546,0.9988223846098815
15547,4.310158438828009e-05
15548,0.99915905081035
15549,0.999206996553151
15550,9.318837659095614e-05
15551,0.00018903488374387908
15552,3.0455348994640206e-05
15553,7.993327930604727e-06
15554,0.997762294950928
15555,0.999568486007199
15556,0.9990828369453687
15557,0.9995527827360049
15558,0.9993539732755807
15559,0.9970468402185467
15560,0.9904009590923246
15561,0.9974631968848146
15562,0.9989986939230607
15563,7.644749685202774e-05
15564,0.9991357107518162
15565,0.9954129751322331
15566,0.9990931199032701
15567,0.9969281939120087
15568,0.9992117604710744
15569,0.9988266694809024
15570,0.9853738919380439
15571,0.9987784829945223
15572,0.9992519237888574
15573,0.00020832435889192203
15574,0.00016879456777837593
15575,0.9332697655834487
15576,2.3762251445610356e-05
15577,0.0001316021014734229
15578,0.997146270065763
15579,0.9994633920721621
15580,0.9917750080263901
15581,0.00019640939520264267
15582,0.9956483632806482
15583,0.9992033485128197
15584,0.9992232216446325
15585,0.9994718992671656
15586,0.9964784782981339
15587,0.9901078166170525
15588,0.9987419881961918
15589,0.9979539546156716
15590,4.483173382109804e-05
15591,0.9991014697172615
15592,0.9973980312937452
15593,0.9987821493873852
15594,0.9987384986499934
15595,0.9995979785823342
15596,0.9918906192375901
15597,9.546850485535021e-05
15598,6.788797185508929e-05
15599,3.608506575007816e-05
15600,4.803432908436048e-05
15601,0.00011922610489811893
15602,0.9991042466109225
15603,0.9993548401286855
15604,0.9994802982083101
15605,0.0026265351871067517
15606,0.928166902316326
15607,0.9983400187679251
15608,0.9980733887331986
15609,0.9986605622139332
15610,0.9985379427511865
15611,0.9989315580625507
15612,0.9994275712843185
15613,4.652274885350482e-05
15614,0.9977040848521068
15615,0.000161755134098846
15616,0.00018375754650735036
15617,0.9989909607381611
15618,0.9935471708017892
15619,0.9978928511392734
15620,0.9964001813842202
15621,0.9960216038202911
15622,0.9970347581538723
15623,0.9973154348963953
15624,0.998082294169122
15625,0.9995902095726886
15626,0.00016846659729678482
15627,0.9981317036560019
15628,0.9969535166850059
15629,0.9986163492938019
15630,0.00015117028574402445
15631,0.9994384712013413
15632,0.9994405710751264
15633,0.9991142622743262
15634,0.9988473802665147
15635,0.9993881544339008
15636,0.9993700225657706
15637,0.9755267443339217
15638,0.9993653484536382
15639,0.9990821520455597
15640,0.00015541485758920062
15641,0.9990267102882865
15642,0.0015559055989717492
15643,0.9993947073139298
15644,0.9987189103845825
15645,0.9985105161464364
15646,0.9991398616052848
15647,0.9951699682745115
15648,0.9990690340516686
15649,0.9983728511127725
15650,0.998891513644061
15651,0.997913670673862
15652,0.9995821714785939
15653,0.00012714941698764874
15654,0.9983087227591064
15655,0.9992957261675999
15656,0.9995571339057095
15657,0.00011366557508873186
15658,0.9988209714451981
15659,0.9976822126692376
15660,0.9989155261295996
15661,0.9988480477729232
15662,0.9973742781981481
15663,0.0001661320879437597
15664,0.9990474205856851
15665,0.000332156745491278
15666,0.9903918193252781
15667,0.0002474328159395345
15668,0.9995504596240643
15669,3.9572911511013e-05
15670,0.9970916291376233
15671,0.9994384712013413
15672,0.9992782699995538
15673,2.1152246419912477e-05
15674,7.068694724946027e-05
15675,0.00010013267461553212
15676,0.000607893357085042
15677,0.0010443596921662856
15678,0.0002983694365224075
15679,0.00017550122898050952
15680,9.413725434314477e-05
15681,6.913157743141666e-05
15682,0.0005298492013697441
15683,0.9988303509346277
15684,0.9970440753546704
15685,0.9978697193179371
15686,0.9976877330838155
15687,0.9990173877339792
15688,0.9994836183041423
15689,0.9996372687286775
15690,0.00013770343625358198
15691,0.9980630058743817
15692,0.00020788132930343832
15693,0.9990228012331215
15694,0.9978968600763087
15695,0.9993845887088266
15696,0.9995843171553842
15697,0.9987238799689145
15698,0.9989794821589473
15699,0.9983737605552777
15700,0.9988260738340489
15701,0.9992166369129873
15702,0.9992439257453142
15703,0.9890865113082788
15704,0.9958701498816835
15705,0.9992190589442588
15706,0.9921016086797297
15707,0.999207207955998
15708,0.9988420496179944
15709,0.9988651584426422
15710,0.9986603920367343
15711,0.9349006945365614
15712,0.9996192294698759
15713,0.9991589231419309
15714,0.9977822303276368
15715,0.9991411869503266
15716,0.9988776708101509
15717,0.9993924063140445
15718,0.9992133370949409
15719,0.9996683800263259
15720,0.9993337041273421
15721,0.9992333393775716
15722,0.992124883879897
15723,0.9982479556584202
15724,0.9994535851757589
15725,0.9983192285316758
15726,0.905556089049728
15727,7.85425746655964e-05
15728,0.9989278822551696
15729,0.0006426509450129594
15730,6.625523730056653e-05
15731,0.99918495995818
15732,0.9982489947997395
15733,0.997966321217195
15734,0.9989009789750273
15735,0.00537838658428513
15736,4.876723805096921e-05
15737,0.9950222929118409
15738,0.012688479421005037
15739,8.647080171424571e-05
15740,0.9993624506604285
15741,0.002502270114083312
15742,0.0003388646048625057
15743,0.0001785484172039277
15744,0.9975057091844524
15745,0.0005249927520584649
15746,0.9995252963720779
15747,0.9992143437155535
